ID,Model,Topic,Power_Distance,Register,Sensitivity,CAS,FTV,Bias,model_Relational_Alignment,model_Indirectness,model_Facesaving,model_Cultural_Appropriateness,model_Directness_Threat,model_Hierarchy_Violation,gold_Relational_Alignment,gold_Indirectness,gold_Facesaving,gold_Cultural_Appropriateness,gold_Directness_Threat,gold_Hierarchy_Violation
1,Qalb-1.0-8B-Instruct,,Medium,,,0.5,0.125,0.5,2.0,2.0,2.0,2.0,0.0,1.0,4,4.0,4.0,4.0,0.0,0.0
1,Meta-Llama-3.1-8B-Instruct,,Medium,,,0.5,0.0,0.5,2.0,2.0,2.0,2.0,0.0,0.0,4,4.0,4.0,4.0,0.0,0.0
1,Qwen2.5-7B-Instruct,,Medium,,,0.25,0.0,0.75,1.0,1.0,1.0,1.0,0.0,0.0,4,4.0,4.0,4.0,0.0,0.0
2,Qwen2.5-7B-Instruct,,Low,,,0.5625,0.0,0.4375,2.0,2.0,2.0,2.0,0.0,0.0,3,4.0,4.0,4.0,0.0,0.0
2,Qalb-1.0-8B-Instruct,,Low,,,0.3125,0.125,0.6875,1.0,1.0,1.0,1.0,0.0,1.0,3,4.0,4.0,4.0,0.0,0.0
2,Meta-Llama-3.1-8B-Instruct,,Low,,,0.5,0.125,0.5,2.0,1.0,2.0,2.0,0.0,1.0,3,4.0,4.0,4.0,0.0,0.0
3,Meta-Llama-3.1-8B-Instruct,,High,,,0.625,0.125,0.375,2.0,3.0,3.0,2.0,0.0,1.0,4,4.0,4.0,4.0,0.0,0.0
3,Qalb-1.0-8B-Instruct,,High,,,0.25,0.125,0.75,1.0,1.0,1.0,1.0,0.0,1.0,4,4.0,4.0,4.0,0.0,0.0
3,Qwen2.5-7B-Instruct,,High,,,0.375,0.125,0.625,1.0,2.0,2.0,1.0,0.0,1.0,4,4.0,4.0,4.0,0.0,0.0
4,Qalb-1.0-8B-Instruct,,High,,,0.7188,0.0,0.2812,2.0,3.0,3.0,2.0,0.0,0.0,3,3.5,4.0,4.0,0.0,0.0
4,Qwen2.5-7B-Instruct,,High,,,0.5312,0.0,0.4688,2.0,2.0,2.0,1.0,0.0,0.0,3,3.5,4.0,4.0,0.0,0.0
4,Meta-Llama-3.1-8B-Instruct,,High,,,0.5938,0.125,0.4062,2.0,2.0,2.0,2.0,0.0,1.0,3,3.5,4.0,4.0,0.0,0.0
5,Qalb-1.0-8B-Instruct,,Medium,,,0.4375,0.0,0.5625,2.0,1.0,2.0,2.0,0.0,0.0,4,4.0,4.0,4.0,0.0,0.0
5,Qwen2.5-7B-Instruct,,Medium,,,0.5,0.0,0.5,2.0,2.0,2.0,2.0,0.0,0.0,4,4.0,4.0,4.0,0.0,0.0
5,Meta-Llama-3.1-8B-Instruct,,Medium,,,0.25,0.125,0.75,1.0,1.0,1.0,1.0,0.0,1.0,4,4.0,4.0,4.0,0.0,0.0
6,Qwen2.5-7B-Instruct,,Medium,,,0.375,0.0,0.625,1.0,1.0,1.0,1.0,0.0,0.0,3,3.5,3.5,4.0,0.0,0.0
6,Qalb-1.0-8B-Instruct,,Medium,,,0.875,0.125,0.125,3.0,3.0,3.0,3.0,0.0,1.0,3,3.5,3.5,4.0,0.0,0.0
6,Meta-Llama-3.1-8B-Instruct,,Medium,,,0.625,0.125,0.375,2.0,2.0,2.0,2.0,0.0,1.0,3,3.5,3.5,4.0,0.0,0.0
7,Qalb-1.0-8B-Instruct,,High,,,0.4375,0.125,0.5625,2.0,2.0,2.0,1.0,0.0,1.0,4,4.0,4.0,4.0,0.0,0.0
7,Meta-Llama-3.1-8B-Instruct,,High,,,0.75,0.125,0.25,3.0,3.0,3.0,3.0,0.0,1.0,4,4.0,4.0,4.0,0.0,0.0
7,Qwen2.5-7B-Instruct,,High,,,0.25,0.125,0.75,1.0,1.0,1.0,1.0,0.0,1.0,4,4.0,4.0,4.0,0.0,0.0
8,Meta-Llama-3.1-8B-Instruct,,Medium,,,0.9062,0.0,0.0938,3.0,3.0,3.0,3.0,0.0,0.0,3,3.0,3.5,4.0,0.0,0.0
8,Qwen2.5-7B-Instruct,,Medium,,,0.6562,0.0,0.3438,2.0,2.0,2.0,2.0,0.0,0.0,3,3.0,3.5,4.0,0.0,0.0
8,Qalb-1.0-8B-Instruct,,Medium,,,0.7812,0.0,0.2188,2.0,3.0,3.0,2.0,0.0,0.0,3,3.0,3.5,4.0,0.0,0.0
9,Qwen2.5-7B-Instruct,,Low,,,0.0625,0.0,0.9375,0.0,0.0,0.0,0.0,0.0,0.0,3,4.0,4.0,4.0,0.0,0.0
9,Qalb-1.0-8B-Instruct,,Low,,,0.5625,0.0,0.4375,2.0,2.0,2.0,2.0,0.0,0.0,3,4.0,4.0,4.0,0.0,0.0
9,Meta-Llama-3.1-8B-Instruct,,Low,,,0.5625,0.0,0.4375,2.0,2.0,2.0,2.0,0.0,0.0,3,4.0,4.0,4.0,0.0,0.0
10,Meta-Llama-3.1-8B-Instruct,,High,,,0.625,0.125,0.375,2.0,2.0,2.0,2.0,0.0,1.0,3,3.5,3.5,4.0,0.0,0.0
10,Qwen2.5-7B-Instruct,,High,,,0.3125,0.125,0.6875,1.0,1.0,1.0,0.0,0.0,1.0,3,3.5,3.5,4.0,0.0,0.0
10,Qalb-1.0-8B-Instruct,,High,,,0.625,0.125,0.375,2.0,2.0,2.0,2.0,0.0,1.0,3,3.5,3.5,4.0,0.0,0.0
11,Qalb-1.0-8B-Instruct,,Medium,,,0.25,0.0,0.75,1.0,1.0,1.0,1.0,0.0,0.0,4,4.0,4.0,4.0,0.0,0.0
11,Qwen2.5-7B-Instruct,,Medium,,,0.5,0.125,0.5,2.0,2.0,2.0,2.0,0.0,1.0,4,4.0,4.0,4.0,0.0,0.0
11,Meta-Llama-3.1-8B-Instruct,,Medium,,,0.5,0.0,0.5,2.0,2.0,2.0,2.0,0.0,0.0,4,4.0,4.0,4.0,0.0,0.0
12,Qwen2.5-7B-Instruct,,Low,,,0.3438,0.125,0.6562,1.0,1.0,1.0,1.0,0.0,1.0,3,3.5,4.0,4.0,0.0,0.0
12,Qalb-1.0-8B-Instruct,,Low,,,0.4688,0.0,0.5312,1.0,2.0,2.0,1.0,0.0,0.0,3,3.5,4.0,4.0,0.0,0.0
12,Meta-Llama-3.1-8B-Instruct,,Low,,,0.5938,0.0,0.4062,2.0,2.0,2.0,2.0,0.0,0.0,3,3.5,4.0,4.0,0.0,0.0
13,Meta-Llama-3.1-8B-Instruct,,High,,,0.5,0.125,0.5,2.0,2.0,2.0,2.0,0.0,1.0,4,4.0,4.0,4.0,0.0,0.0
13,Qwen2.5-7B-Instruct,,High,,,0.25,0.125,0.75,1.0,1.0,1.0,1.0,0.0,1.0,4,4.0,4.0,4.0,0.0,0.0
13,Qalb-1.0-8B-Instruct,,High,,,0.75,0.125,0.25,3.0,3.0,3.0,3.0,0.0,1.0,4,4.0,4.0,4.0,0.0,0.0
14,Meta-Llama-3.1-8B-Instruct,,Medium,,,0.375,0.125,0.625,2.0,1.0,2.0,1.0,0.0,1.0,4,4.0,4.0,4.0,0.0,0.0
14,Qwen2.5-7B-Instruct,,Medium,,,0.25,0.125,0.75,1.0,1.0,1.0,1.0,0.0,1.0,4,4.0,4.0,4.0,0.0,0.0
14,Qalb-1.0-8B-Instruct,,Medium,,,0.5,0.125,0.5,2.0,2.0,2.0,2.0,0.0,1.0,4,4.0,4.0,4.0,0.0,0.0
15,Meta-Llama-3.1-8B-Instruct,,High,,,0.5,0.125,0.5,2.0,2.0,2.0,2.0,0.0,1.0,4,4.0,4.0,4.0,0.0,0.0
15,Qwen2.5-7B-Instruct,,High,,,0.375,0.125,0.625,1.0,2.0,2.0,1.0,0.0,1.0,4,4.0,4.0,4.0,0.0,0.0
15,Qalb-1.0-8B-Instruct,,High,,,0.5,0.125,0.5,2.0,2.0,2.0,2.0,0.0,1.0,4,4.0,4.0,4.0,0.0,0.0
16,Meta-Llama-3.1-8B-Instruct,,Medium,,,0.5,0.125,0.5,2.0,2.0,2.0,2.0,0.0,1.0,4,4.0,4.0,4.0,0.0,0.0
16,Qalb-1.0-8B-Instruct,,Medium,,,0.75,0.125,0.25,3.0,3.0,3.0,3.0,0.0,1.0,4,4.0,4.0,4.0,0.0,0.0
16,Qwen2.5-7B-Instruct,,Medium,,,0.5,0.125,0.5,2.0,2.0,2.0,2.0,0.0,1.0,4,4.0,4.0,4.0,0.0,0.0
17,Qwen2.5-7B-Instruct,,Medium,,,0.25,0.0,0.75,1.0,1.0,1.0,1.0,0.0,0.0,4,4.0,4.0,4.0,0.0,0.0
17,Qalb-1.0-8B-Instruct,,Medium,,,0.75,0.125,0.25,3.0,3.0,3.0,3.0,0.0,1.0,4,4.0,4.0,4.0,0.0,0.0
17,Meta-Llama-3.1-8B-Instruct,,Medium,,,0.75,0.125,0.25,3.0,3.0,3.0,3.0,0.0,1.0,4,4.0,4.0,4.0,0.0,0.0
18,Qwen2.5-7B-Instruct,,High,,,0.2812,0.125,0.7188,1.0,1.0,1.0,1.0,0.0,1.0,4,3.5,4.0,4.0,0.0,0.0
18,Meta-Llama-3.1-8B-Instruct,,High,,,0.5312,0.125,0.4688,2.0,2.0,2.0,2.0,0.0,1.0,4,3.5,4.0,4.0,0.0,0.0
18,Qalb-1.0-8B-Instruct,,High,,,0.7812,0.125,0.2188,3.0,3.0,3.0,3.0,0.0,1.0,4,3.5,4.0,4.0,0.0,0.0
19,Qalb-1.0-8B-Instruct,,Low,,,0.5625,0.0,0.4375,2.0,2.0,2.0,2.0,0.0,0.0,4,3.5,3.5,4.0,0.0,0.0
19,Qwen2.5-7B-Instruct,,Low,,,0.3125,0.125,0.6875,1.0,1.0,1.0,1.0,0.0,1.0,4,3.5,3.5,4.0,0.0,0.0
19,Meta-Llama-3.1-8B-Instruct,,Low,,,0.8125,0.125,0.1875,3.0,3.0,3.0,3.0,0.0,1.0,4,3.5,3.5,4.0,0.0,0.0
20,Qalb-1.0-8B-Instruct,,High,,,0.5312,0.125,0.4688,2.0,2.0,2.0,2.0,0.0,1.0,4,3.5,4.0,4.0,0.0,0.0
20,Meta-Llama-3.1-8B-Instruct,,High,,,0.7188,0.125,0.2812,3.0,2.0,3.0,3.0,0.0,1.0,4,3.5,4.0,4.0,0.0,0.0
20,Qwen2.5-7B-Instruct,,High,,,0.4688,0.125,0.5312,2.0,2.0,2.0,1.0,0.0,1.0,4,3.5,4.0,4.0,0.0,0.0
21,Meta-Llama-3.1-8B-Instruct,,Low,,,0.625,0.125,0.375,2.0,2.0,2.0,2.0,0.0,1.0,3,3.5,3.5,4.0,0.0,0.0
21,Qalb-1.0-8B-Instruct,,Low,,,0.875,0.125,0.125,3.0,3.0,3.0,3.0,0.0,1.0,3,3.5,3.5,4.0,0.0,0.0
21,Qwen2.5-7B-Instruct,,Low,,,0.5625,0.125,0.4375,2.0,2.0,2.0,1.0,0.0,1.0,3,3.5,3.5,4.0,0.0,0.0
22,Qwen2.5-7B-Instruct,,Medium,,,0.2812,0.0,0.7188,1.0,1.0,1.0,1.0,0.0,0.0,4,3.5,4.0,4.0,0.0,0.0
22,Qalb-1.0-8B-Instruct,,Medium,,,0.7812,0.125,0.2188,3.0,3.0,3.0,3.0,0.0,1.0,4,3.5,4.0,4.0,0.0,0.0
22,Meta-Llama-3.1-8B-Instruct,,Medium,,,0.7812,0.125,0.2188,3.0,3.0,3.0,3.0,0.0,1.0,4,3.5,4.0,4.0,0.0,0.0
23,Meta-Llama-3.1-8B-Instruct,,Low,,,0.375,0.125,0.625,1.0,1.0,1.0,1.0,0.0,1.0,3,3.5,3.5,4.0,0.0,0.0
23,Qalb-1.0-8B-Instruct,,Low,,,0.875,0.125,0.125,3.0,3.0,3.0,3.0,0.0,1.0,3,3.5,3.5,4.0,0.0,0.0
23,Qwen2.5-7B-Instruct,,Low,,,0.4375,0.125,0.5625,1.0,1.0,2.0,1.0,0.0,1.0,3,3.5,3.5,4.0,0.0,0.0
24,Meta-Llama-3.1-8B-Instruct,,Medium,,,0.3438,0.125,0.6562,1.0,1.0,1.0,1.0,0.0,1.0,3,3.5,4.0,4.0,0.0,0.0
24,Qalb-1.0-8B-Instruct,,Medium,,,0.5938,0.125,0.4062,2.0,2.0,2.0,2.0,0.0,1.0,3,3.5,4.0,4.0,0.0,0.0
24,Qwen2.5-7B-Instruct,,Medium,,,0.2188,0.0,0.7812,0.0,1.0,1.0,0.0,0.0,0.0,3,3.5,4.0,4.0,0.0,0.0
25,Qwen2.5-7B-Instruct,,High,,,0.75,0.125,0.25,2.0,3.0,3.0,2.0,0.0,1.0,3,3.5,3.5,4.0,0.0,0.0
25,Meta-Llama-3.1-8B-Instruct,,High,,,0.875,0.125,0.125,3.0,3.0,3.0,3.0,0.0,1.0,3,3.5,3.5,4.0,0.0,0.0
25,Qalb-1.0-8B-Instruct,,High,,,0.875,0.125,0.125,3.0,3.0,3.0,3.0,0.0,1.0,3,3.5,3.5,4.0,0.0,0.0
26,Qwen2.5-7B-Instruct,,Low,,,0.25,0.0,0.75,1.0,1.0,1.0,1.0,0.0,0.0,4,4.0,4.0,4.0,0.0,0.0
26,Meta-Llama-3.1-8B-Instruct,,Low,,,0.5,0.125,0.5,2.0,2.0,2.0,2.0,0.0,1.0,4,4.0,4.0,4.0,0.0,0.0
26,Qalb-1.0-8B-Instruct,,Low,,,0.5,0.125,0.5,2.0,2.0,2.0,2.0,0.0,1.0,4,4.0,4.0,4.0,0.0,0.0
27,Qalb-1.0-8B-Instruct,,Medium,,,0.7812,0.125,0.2188,3.0,3.0,3.0,3.0,0.0,1.0,4,3.5,4.0,4.0,0.0,0.0
27,Qwen2.5-7B-Instruct,,Medium,,,0.5312,0.125,0.4688,2.0,2.0,2.0,2.0,0.0,1.0,4,3.5,4.0,4.0,0.0,0.0
27,Meta-Llama-3.1-8B-Instruct,,Medium,,,0.4062,0.125,0.5938,2.0,1.0,2.0,1.0,0.0,1.0,4,3.5,4.0,4.0,0.0,0.0
28,Meta-Llama-3.1-8B-Instruct,,High,,,0.5938,0.125,0.4062,2.0,2.0,2.0,2.0,0.0,1.0,4,2.5,4.0,4.0,0.0,0.0
28,Qwen2.5-7B-Instruct,,High,,,0.5938,0.125,0.4062,2.0,2.0,2.0,2.0,1.0,0.0,4,2.5,4.0,4.0,0.0,0.0
28,Qalb-1.0-8B-Instruct,,High,,,0.7812,0.125,0.2188,3.0,2.0,3.0,3.0,0.0,1.0,4,2.5,4.0,4.0,0.0,0.0
29,Qalb-1.0-8B-Instruct,,Low,,,0.2812,0.125,0.7188,1.0,1.0,1.0,1.0,0.0,1.0,4,3.5,4.0,4.0,0.0,0.0
29,Meta-Llama-3.1-8B-Instruct,,Low,,,0.5312,0.125,0.4688,2.0,2.0,2.0,2.0,0.0,1.0,4,3.5,4.0,4.0,0.0,0.0
29,Qwen2.5-7B-Instruct,,Low,,,0.2812,0.0,0.7188,1.0,1.0,1.0,1.0,0.0,0.0,4,3.5,4.0,4.0,0.0,0.0
30,Qalb-1.0-8B-Instruct,,High,,,0.5,0.0,0.5,2.0,2.0,2.0,2.0,0.0,0.0,4,4.0,4.0,4.0,0.0,0.0
30,Meta-Llama-3.1-8B-Instruct,,High,,,0.5,0.0,0.5,2.0,2.0,2.0,2.0,0.0,0.0,4,4.0,4.0,4.0,0.0,0.0
30,Qwen2.5-7B-Instruct,,High,,,0.1875,0.0,0.8125,1.0,1.0,1.0,0.0,0.0,0.0,4,4.0,4.0,4.0,0.0,0.0
31,Qwen2.5-7B-Instruct,,High,,,0.0,0.125,1.0,0.0,0.0,0.0,0.0,1.0,0.0,4,4.0,4.0,4.0,0.0,0.0
31,Qalb-1.0-8B-Instruct,,High,,,0.5,0.125,0.5,2.0,2.0,2.0,2.0,0.0,1.0,4,4.0,4.0,4.0,0.0,0.0
31,Meta-Llama-3.1-8B-Instruct,,High,,,0.4375,0.0,0.5625,2.0,2.0,2.0,1.0,0.0,0.0,4,4.0,4.0,4.0,0.0,0.0
32,Qalb-1.0-8B-Instruct,,High,,,0.2812,0.125,0.7188,1.0,1.0,1.0,1.0,0.0,1.0,4,3.5,4.0,4.0,0.0,0.0
32,Qwen2.5-7B-Instruct,,High,,,0.2812,0.125,0.7188,1.0,1.0,1.0,1.0,0.0,1.0,4,3.5,4.0,4.0,0.0,0.0
32,Meta-Llama-3.1-8B-Instruct,,High,,,0.5312,0.125,0.4688,2.0,2.0,2.0,2.0,0.0,1.0,4,3.5,4.0,4.0,0.0,0.0
33,Qwen2.5-7B-Instruct,,Low,,,0.7812,0.125,0.2188,3.0,3.0,3.0,3.0,0.0,1.0,4,3.5,4.0,4.0,0.0,0.0
33,Meta-Llama-3.1-8B-Instruct,,Low,,,0.6562,0.125,0.3438,2.0,3.0,3.0,2.0,0.0,1.0,4,3.5,4.0,4.0,0.0,0.0
33,Qalb-1.0-8B-Instruct,,Low,,,0.7812,0.125,0.2188,3.0,3.0,3.0,3.0,0.0,1.0,4,3.5,4.0,4.0,0.0,0.0
34,Qalb-1.0-8B-Instruct,,High,,,0.5,0.0,0.5,2.0,2.0,2.0,2.0,0.0,0.0,4,4.0,4.0,4.0,0.0,0.0
34,Meta-Llama-3.1-8B-Instruct,,High,,,0.4375,0.0,0.5625,2.0,2.0,2.0,1.0,0.0,0.0,4,4.0,4.0,4.0,0.0,0.0
34,Qwen2.5-7B-Instruct,,High,,,0.1875,0.125,0.8125,1.0,1.0,1.0,0.0,0.0,1.0,4,4.0,4.0,4.0,0.0,0.0
35,Qwen2.5-7B-Instruct,,Medium,,,0.5312,0.0,0.4688,2.0,2.0,2.0,2.0,0.0,0.0,4,3.5,4.0,4.0,0.0,0.0
35,Qalb-1.0-8B-Instruct,,Medium,,,0.7812,0.0,0.2188,3.0,3.0,3.0,3.0,0.0,0.0,4,3.5,4.0,4.0,0.0,0.0
35,Meta-Llama-3.1-8B-Instruct,,Medium,,,0.0938,0.0,0.9062,0.0,0.0,1.0,0.0,0.0,0.0,4,3.5,4.0,4.0,0.0,0.0
36,Meta-Llama-3.1-8B-Instruct,,Medium,,,0.5312,0.125,0.4688,2.0,2.0,2.0,2.0,0.0,1.0,4,3.5,4.0,4.0,0.0,0.0
36,Qalb-1.0-8B-Instruct,,Medium,,,0.7188,0.0,0.2812,3.0,2.0,3.0,3.0,0.0,0.0,4,3.5,4.0,4.0,0.0,0.0
36,Qwen2.5-7B-Instruct,,Medium,,,0.5312,0.0,0.4688,2.0,2.0,2.0,2.0,0.0,0.0,4,3.5,4.0,4.0,0.0,0.0
37,Meta-Llama-3.1-8B-Instruct,,Low,,,0.5,0.125,0.5,2.0,2.0,2.0,2.0,0.0,1.0,4,4.0,4.0,4.0,0.0,0.0
37,Qalb-1.0-8B-Instruct,,Low,,,0.75,0.125,0.25,3.0,3.0,3.0,3.0,0.0,1.0,4,4.0,4.0,4.0,0.0,0.0
37,Qwen2.5-7B-Instruct,,Low,,,0.75,0.125,0.25,3.0,3.0,3.0,3.0,0.0,1.0,4,4.0,4.0,4.0,0.0,0.0
38,Qalb-1.0-8B-Instruct,,Medium,,,0.5312,0.125,0.4688,2.0,2.0,2.0,1.0,0.0,1.0,3,3.5,4.0,4.0,0.0,0.0
38,Qwen2.5-7B-Instruct,,Medium,,,0.8438,0.125,0.1562,3.0,3.0,3.0,3.0,0.0,1.0,3,3.5,4.0,4.0,0.0,0.0
38,Meta-Llama-3.1-8B-Instruct,,Medium,,,0.5938,0.125,0.4062,2.0,2.0,2.0,2.0,0.0,1.0,3,3.5,4.0,4.0,0.0,0.0
39,Qalb-1.0-8B-Instruct,,Low,,,0.0,0.0,1.0,0.0,0.0,0.0,0.0,0.0,0.0,4,4.0,4.0,4.0,0.0,0.0
39,Meta-Llama-3.1-8B-Instruct,,Low,,,0.5,0.125,0.5,2.0,2.0,2.0,2.0,0.0,1.0,4,4.0,4.0,4.0,0.0,0.0
39,Qwen2.5-7B-Instruct,,Low,,,0.25,0.0,0.75,1.0,1.0,1.0,1.0,0.0,0.0,4,4.0,4.0,4.0,0.0,0.0
40,Qwen2.5-7B-Instruct,,High,,,0.25,0.125,0.75,1.0,1.0,1.0,1.0,0.0,1.0,4,4.0,4.0,4.0,0.0,0.0
40,Qalb-1.0-8B-Instruct,,High,,,0.0,0.125,1.0,0.0,0.0,0.0,0.0,0.0,1.0,4,4.0,4.0,4.0,0.0,0.0
40,Meta-Llama-3.1-8B-Instruct,,High,,,0.5,0.125,0.5,2.0,2.0,2.0,2.0,0.0,1.0,4,4.0,4.0,4.0,0.0,0.0
41,Qwen2.5-7B-Instruct,,Medium,,,0.5625,0.0,0.4375,2.0,2.0,2.0,2.0,0.0,0.0,4,3.5,3.5,4.0,0.0,0.0
41,Meta-Llama-3.1-8B-Instruct,,Medium,,,0.3125,0.0,0.6875,1.0,1.0,1.0,1.0,0.0,0.0,4,3.5,3.5,4.0,0.0,0.0
41,Qalb-1.0-8B-Instruct,,Medium,,,0.5625,0.0,0.4375,2.0,2.0,2.0,2.0,0.0,0.0,4,3.5,3.5,4.0,0.0,0.0
42,Qwen2.5-7B-Instruct,,High,,,0.5312,0.125,0.4688,2.0,2.0,2.0,2.0,0.0,1.0,4,3.5,4.0,4.0,0.0,0.0
42,Qalb-1.0-8B-Instruct,,High,,,0.1562,0.125,0.8438,0.0,1.0,1.0,0.0,0.0,1.0,4,3.5,4.0,4.0,0.0,0.0
42,Meta-Llama-3.1-8B-Instruct,,High,,,0.7812,0.125,0.2188,3.0,3.0,3.0,3.0,0.0,1.0,4,3.5,4.0,4.0,0.0,0.0
43,Qwen2.5-7B-Instruct,,Medium,,,0.5312,0.0,0.4688,2.0,2.0,2.0,2.0,0.0,0.0,4,3.5,4.0,4.0,0.0,0.0
43,Qalb-1.0-8B-Instruct,,Medium,,,0.5312,0.0,0.4688,2.0,2.0,2.0,2.0,0.0,0.0,4,3.5,4.0,4.0,0.0,0.0
43,Meta-Llama-3.1-8B-Instruct,,Medium,,,0.5312,0.125,0.4688,2.0,2.0,2.0,2.0,0.0,1.0,4,3.5,4.0,4.0,0.0,0.0
44,Qwen2.5-7B-Instruct,,High,,,0.5,0.0,0.5,2.0,2.0,2.0,1.0,0.0,0.0,4,3.5,3.5,4.0,0.0,0.0
44,Qalb-1.0-8B-Instruct,,High,,,0.8125,0.0,0.1875,3.0,3.0,3.0,3.0,0.0,0.0,4,3.5,3.5,4.0,0.0,0.0
44,Meta-Llama-3.1-8B-Instruct,,High,,,0.5625,0.0,0.4375,2.0,2.0,2.0,2.0,0.0,0.0,4,3.5,3.5,4.0,0.0,0.0
45,Qwen2.5-7B-Instruct,,High,,,0.4375,0.125,0.5625,2.0,2.0,2.0,1.0,0.0,1.0,4,4.0,4.0,4.0,0.0,0.0
45,Qalb-1.0-8B-Instruct,,High,,,0.5,0.125,0.5,2.0,2.0,2.0,2.0,0.0,1.0,4,4.0,4.0,4.0,0.0,0.0
45,Meta-Llama-3.1-8B-Instruct,,High,,,0.25,0.125,0.75,1.0,1.0,1.0,1.0,0.0,1.0,4,4.0,4.0,4.0,0.0,0.0
46,Qalb-1.0-8B-Instruct,,Medium,,,0.5625,0.125,0.4375,2.0,2.0,2.0,2.0,0.0,1.0,4,3.0,4.0,4.0,0.0,0.0
46,Qwen2.5-7B-Instruct,,Medium,,,0.5625,0.0,0.4375,2.0,2.0,2.0,2.0,0.0,0.0,4,3.0,4.0,4.0,0.0,0.0
46,Meta-Llama-3.1-8B-Instruct,,Medium,,,0.25,0.125,0.75,1.0,1.0,1.0,0.0,0.0,1.0,4,3.0,4.0,4.0,0.0,0.0
47,Meta-Llama-3.1-8B-Instruct,,Low,,,0.2812,0.125,0.7188,1.0,1.0,1.0,1.0,0.0,1.0,4,3.5,4.0,4.0,0.0,0.0
47,Qwen2.5-7B-Instruct,,Low,,,0.2812,0.125,0.7188,1.0,1.0,1.0,1.0,0.0,1.0,4,3.5,4.0,4.0,0.0,0.0
47,Qalb-1.0-8B-Instruct,,Low,,,0.7812,0.0,0.2188,3.0,3.0,3.0,3.0,0.0,0.0,4,3.5,4.0,4.0,0.0,0.0
48,Qwen2.5-7B-Instruct,,High,,,0.5938,0.0,0.4062,2.0,2.0,2.0,2.0,0.0,0.0,4,3.0,3.5,4.0,0.0,0.0
48,Meta-Llama-3.1-8B-Instruct,,High,,,0.5938,0.125,0.4062,2.0,2.0,2.0,2.0,0.0,1.0,4,3.0,3.5,4.0,0.0,0.0
48,Qalb-1.0-8B-Instruct,,High,,,0.8438,0.125,0.1562,3.0,3.0,3.0,3.0,0.0,1.0,4,3.0,3.5,4.0,0.0,0.0
49,Meta-Llama-3.1-8B-Instruct,,High,,,0.8125,0.125,0.1875,3.0,3.0,3.0,3.0,0.0,1.0,4,3.0,4.0,4.0,0.0,0.0
49,Qwen2.5-7B-Instruct,,High,,,0.5625,0.125,0.4375,2.0,2.0,2.0,2.0,0.0,1.0,4,3.0,4.0,4.0,0.0,0.0
49,Qalb-1.0-8B-Instruct,,High,,,0.3125,0.125,0.6875,1.0,1.0,1.0,1.0,0.0,1.0,4,3.0,4.0,4.0,0.0,0.0
50,Qwen2.5-7B-Instruct,,Medium,,,0.625,0.0,0.375,2.0,2.0,2.0,2.0,0.0,0.0,3,3.5,3.5,4.0,0.0,0.0
50,Meta-Llama-3.1-8B-Instruct,,Medium,,,0.375,0.0,0.625,1.0,1.0,1.0,1.0,0.0,0.0,3,3.5,3.5,4.0,0.0,0.0
50,Qalb-1.0-8B-Instruct,,Medium,,,0.875,0.0,0.125,3.0,3.0,3.0,3.0,0.0,0.0,3,3.5,3.5,4.0,0.0,0.0
51,Qwen2.5-7B-Instruct,,Medium,,,0.3125,0.0,0.6875,1.0,1.0,1.0,1.0,0.0,0.0,4,3.0,4.0,4.0,0.0,0.0
51,Meta-Llama-3.1-8B-Instruct,,Medium,,,0.3125,0.125,0.6875,1.0,1.0,1.0,1.0,0.0,1.0,4,3.0,4.0,4.0,0.0,0.0
51,Qalb-1.0-8B-Instruct,,Medium,,,0.5,0.125,0.5,2.0,1.0,2.0,2.0,0.0,1.0,4,3.0,4.0,4.0,0.0,0.0
52,Qwen2.5-7B-Instruct,,Low,,,0.7812,0.125,0.2188,3.0,3.0,3.0,3.0,0.0,1.0,4,3.5,4.0,4.0,0.0,0.0
52,Qalb-1.0-8B-Instruct,,Low,,,0.5312,0.125,0.4688,2.0,2.0,2.0,2.0,0.0,1.0,4,3.5,4.0,4.0,0.0,0.0
52,Meta-Llama-3.1-8B-Instruct,,Low,,,0.7812,0.125,0.2188,3.0,3.0,3.0,3.0,0.0,1.0,4,3.5,4.0,4.0,0.0,0.0
53,Meta-Llama-3.1-8B-Instruct,,High,,,0.8125,0.125,0.1875,3.0,3.0,3.0,3.0,0.0,1.0,4,3.0,4.0,4.0,0.0,0.0
53,Qwen2.5-7B-Instruct,,High,,,0.5625,0.125,0.4375,2.0,2.0,2.0,2.0,0.0,1.0,4,3.0,4.0,4.0,0.0,0.0
53,Qalb-1.0-8B-Instruct,,High,,,0.5625,0.125,0.4375,2.0,2.0,2.0,2.0,0.0,1.0,4,3.0,4.0,4.0,0.0,0.0
54,Qwen2.5-7B-Instruct,,Low,,,0.5312,0.0,0.4688,2.0,2.0,2.0,2.0,0.0,0.0,4,3.5,4.0,4.0,0.0,0.0
54,Meta-Llama-3.1-8B-Instruct,,Low,,,0.5312,0.0,0.4688,2.0,2.0,2.0,2.0,0.0,0.0,4,3.5,4.0,4.0,0.0,0.0
54,Qalb-1.0-8B-Instruct,,Low,,,0.7812,0.125,0.2188,3.0,3.0,3.0,3.0,0.0,1.0,4,3.5,4.0,4.0,0.0,0.0
55,Meta-Llama-3.1-8B-Instruct,,High,,,0.2188,0.125,0.7812,1.0,1.0,1.0,0.0,0.0,1.0,4,3.5,4.0,4.0,0.0,0.0
55,Qalb-1.0-8B-Instruct,,High,,,0.5312,0.125,0.4688,2.0,2.0,2.0,2.0,0.0,1.0,4,3.5,4.0,4.0,0.0,0.0
55,Qwen2.5-7B-Instruct,,High,,,0.7188,0.0,0.2812,3.0,2.0,3.0,3.0,0.0,0.0,4,3.5,4.0,4.0,0.0,0.0
56,Qwen2.5-7B-Instruct,,High,,,0.1875,0.125,0.8125,1.0,1.0,1.0,0.0,0.0,1.0,4,4.0,4.0,4.0,0.0,0.0
56,Meta-Llama-3.1-8B-Instruct,,High,,,0.5,0.125,0.5,2.0,2.0,2.0,2.0,0.0,1.0,4,4.0,4.0,4.0,0.0,0.0
56,Qalb-1.0-8B-Instruct,,High,,,0.75,0.0,0.25,3.0,3.0,3.0,3.0,0.0,0.0,4,4.0,4.0,4.0,0.0,0.0
57,Meta-Llama-3.1-8B-Instruct,,Medium,,,0.5625,0.0,0.4375,2.0,2.0,2.0,2.0,0.0,0.0,4,3.0,4.0,4.0,0.0,0.0
57,Qwen2.5-7B-Instruct,,Medium,,,0.5625,0.0,0.4375,2.0,2.0,2.0,2.0,0.0,0.0,4,3.0,4.0,4.0,0.0,0.0
57,Qalb-1.0-8B-Instruct,,Medium,,,0.6875,0.0,0.3125,2.0,3.0,3.0,2.0,0.0,0.0,4,3.0,4.0,4.0,0.0,0.0
58,Qwen2.5-7B-Instruct,,High,,,0.5312,0.0,0.4688,2.0,2.0,2.0,2.0,0.0,0.0,4,3.5,4.0,4.0,0.0,0.0
58,Qalb-1.0-8B-Instruct,,High,,,0.7812,0.0,0.2188,3.0,3.0,3.0,3.0,0.0,0.0,4,3.5,4.0,4.0,0.0,0.0
58,Meta-Llama-3.1-8B-Instruct,,High,,,0.7812,0.0,0.2188,3.0,3.0,3.0,3.0,0.0,0.0,4,3.5,4.0,4.0,0.0,0.0
59,Qwen2.5-7B-Instruct,,Low,,,0.7812,0.125,0.2188,3.0,3.0,3.0,3.0,0.0,1.0,4,3.5,4.0,4.0,0.0,0.0
59,Qalb-1.0-8B-Instruct,,Low,,,0.2812,0.125,0.7188,1.0,1.0,1.0,1.0,0.0,1.0,4,3.5,4.0,4.0,0.0,0.0
59,Meta-Llama-3.1-8B-Instruct,,Low,,,0.5312,0.125,0.4688,2.0,2.0,2.0,2.0,0.0,1.0,4,3.5,4.0,4.0,0.0,0.0
60,Meta-Llama-3.1-8B-Instruct,,High,,,0.6875,0.125,0.3125,2.0,3.0,3.0,2.0,0.0,1.0,4,3.0,4.0,4.0,0.0,0.0
60,Qwen2.5-7B-Instruct,,High,,,0.8125,0.125,0.1875,3.0,3.0,3.0,3.0,0.0,1.0,4,3.0,4.0,4.0,0.0,0.0
60,Qalb-1.0-8B-Instruct,,High,,,0.5625,0.0,0.4375,2.0,2.0,2.0,2.0,0.0,0.0,4,3.0,4.0,4.0,0.0,0.0
61,Qwen2.5-7B-Instruct,,Low,,,0.8125,0.0,0.1875,3.0,3.0,3.0,3.0,0.0,0.0,3,4.0,4.0,4.0,0.0,0.0
61,Qalb-1.0-8B-Instruct,,Low,,,0.8125,0.0,0.1875,3.0,3.0,3.0,3.0,0.0,0.0,3,4.0,4.0,4.0,0.0,0.0
61,Meta-Llama-3.1-8B-Instruct,,Low,,,0.5625,0.0,0.4375,2.0,2.0,2.0,2.0,0.0,0.0,3,4.0,4.0,4.0,0.0,0.0
62,Qalb-1.0-8B-Instruct,,Low,,,0.5,0.0,0.5,2.0,2.0,2.0,2.0,0.0,0.0,4,4.0,4.0,4.0,0.0,0.0
62,Meta-Llama-3.1-8B-Instruct,,Low,,,0.5,0.125,0.5,2.0,2.0,2.0,2.0,0.0,1.0,4,4.0,4.0,4.0,0.0,0.0
62,Qwen2.5-7B-Instruct,,Low,,,0.25,0.0,0.75,1.0,1.0,1.0,1.0,0.0,0.0,4,4.0,4.0,4.0,0.0,0.0
63,Qalb-1.0-8B-Instruct,,Medium,,,0.75,0.0,0.25,3.0,3.0,3.0,3.0,0.0,0.0,4,4.0,4.0,4.0,0.0,0.0
63,Meta-Llama-3.1-8B-Instruct,,Medium,,,0.75,0.0,0.25,3.0,3.0,3.0,3.0,0.0,0.0,4,4.0,4.0,4.0,0.0,0.0
63,Qwen2.5-7B-Instruct,,Medium,,,0.75,0.0,0.25,3.0,3.0,3.0,3.0,0.0,0.0,4,4.0,4.0,4.0,0.0,0.0
64,Qwen2.5-7B-Instruct,,Medium,,,0.5,0.125,0.5,2.0,2.0,2.0,2.0,0.0,1.0,4,4.0,4.0,4.0,0.0,0.0
64,Qalb-1.0-8B-Instruct,,Medium,,,0.25,0.125,0.75,1.0,1.0,1.0,1.0,0.0,1.0,4,4.0,4.0,4.0,0.0,0.0
64,Meta-Llama-3.1-8B-Instruct,,Medium,,,0.5,0.125,0.5,2.0,2.0,2.0,2.0,0.0,1.0,4,4.0,4.0,4.0,0.0,0.0
65,Qalb-1.0-8B-Instruct,,Medium,,,0.5,0.0,0.5,2.0,2.0,2.0,2.0,0.0,0.0,4,4.0,4.0,4.0,0.0,0.0
65,Meta-Llama-3.1-8B-Instruct,,Medium,,,0.75,0.0,0.25,3.0,3.0,3.0,3.0,0.0,0.0,4,4.0,4.0,4.0,0.0,0.0
65,Qwen2.5-7B-Instruct,,Medium,,,0.1875,0.0,0.8125,1.0,1.0,1.0,0.0,0.0,0.0,4,4.0,4.0,4.0,0.0,0.0
66,Meta-Llama-3.1-8B-Instruct,,Medium,,,0.5,0.0,0.5,2.0,2.0,2.0,2.0,0.0,0.0,4,4.0,4.0,4.0,0.0,0.0
66,Qwen2.5-7B-Instruct,,Medium,,,0.5,0.0,0.5,2.0,2.0,2.0,2.0,0.0,0.0,4,4.0,4.0,4.0,0.0,0.0
66,Qalb-1.0-8B-Instruct,,Medium,,,0.75,0.125,0.25,3.0,3.0,3.0,3.0,0.0,1.0,4,4.0,4.0,4.0,0.0,0.0
67,Qwen2.5-7B-Instruct,,Medium,,,0.5625,0.0,0.4375,2.0,2.0,2.0,2.0,0.0,0.0,4,3.0,4.0,4.0,0.0,0.0
67,Meta-Llama-3.1-8B-Instruct,,Medium,,,0.5625,0.0,0.4375,2.0,2.0,2.0,2.0,0.0,0.0,4,3.0,4.0,4.0,0.0,0.0
67,Qalb-1.0-8B-Instruct,,Medium,,,0.75,0.125,0.25,3.0,3.0,3.0,2.0,0.0,1.0,4,3.0,4.0,4.0,0.0,0.0
68,Qwen2.5-7B-Instruct,,Medium,,,0.5,0.0,0.5,2.0,2.0,2.0,2.0,0.0,0.0,4,4.0,4.0,4.0,0.0,0.0
68,Meta-Llama-3.1-8B-Instruct,,Medium,,,0.5,0.125,0.5,2.0,2.0,2.0,2.0,0.0,1.0,4,4.0,4.0,4.0,0.0,0.0
68,Qalb-1.0-8B-Instruct,,Medium,,,0.25,0.0,0.75,1.0,1.0,1.0,1.0,0.0,0.0,4,4.0,4.0,4.0,0.0,0.0
69,Meta-Llama-3.1-8B-Instruct,,Low,,,0.5312,0.0,0.4688,2.0,2.0,2.0,2.0,0.0,0.0,4,3.5,4.0,4.0,0.0,0.0
69,Qalb-1.0-8B-Instruct,,Low,,,0.5312,0.0,0.4688,2.0,2.0,2.0,2.0,0.0,0.0,4,3.5,4.0,4.0,0.0,0.0
69,Qwen2.5-7B-Instruct,,Low,,,0.5312,0.0,0.4688,2.0,2.0,2.0,2.0,0.0,0.0,4,3.5,4.0,4.0,0.0,0.0
70,Qalb-1.0-8B-Instruct,,Low,,,0.5312,0.0,0.4688,2.0,2.0,2.0,2.0,0.0,0.0,4,3.5,4.0,4.0,0.0,0.0
70,Qwen2.5-7B-Instruct,,Low,,,0.2812,0.0,0.7188,1.0,1.0,1.0,1.0,0.0,0.0,4,3.5,4.0,4.0,0.0,0.0
70,Meta-Llama-3.1-8B-Instruct,,Low,,,0.5312,0.125,0.4688,2.0,2.0,2.0,2.0,0.0,1.0,4,3.5,4.0,4.0,0.0,0.0
71,Meta-Llama-3.1-8B-Instruct,,High,,,0.5625,0.125,0.4375,2.0,2.0,2.0,2.0,0.0,1.0,3,4.0,4.0,4.0,0.0,0.0
71,Qalb-1.0-8B-Instruct,,High,,,0.8125,0.125,0.1875,3.0,3.0,3.0,3.0,0.0,1.0,3,4.0,4.0,4.0,0.0,0.0
71,Qwen2.5-7B-Instruct,,High,,,0.4375,0.125,0.5625,1.0,2.0,2.0,1.0,0.0,1.0,3,4.0,4.0,4.0,0.0,0.0
72,Meta-Llama-3.1-8B-Instruct,,High,,,0.75,0.125,0.25,3.0,3.0,3.0,3.0,0.0,1.0,4,4.0,4.0,4.0,0.0,0.0
72,Qwen2.5-7B-Instruct,,High,,,0.5,0.125,0.5,2.0,2.0,2.0,2.0,0.0,1.0,4,4.0,4.0,4.0,0.0,0.0
72,Qalb-1.0-8B-Instruct,,High,,,0.75,0.0,0.25,3.0,3.0,3.0,3.0,0.0,0.0,4,4.0,4.0,4.0,0.0,0.0
73,Qwen2.5-7B-Instruct,,High,,,0.75,0.0,0.25,3.0,3.0,3.0,3.0,0.0,0.0,4,4.0,4.0,4.0,0.0,0.0
73,Qalb-1.0-8B-Instruct,,High,,,0.75,0.0,0.25,3.0,3.0,3.0,3.0,0.0,0.0,4,4.0,4.0,4.0,0.0,0.0
73,Meta-Llama-3.1-8B-Instruct,,High,,,0.75,0.0,0.25,3.0,3.0,3.0,3.0,0.0,0.0,4,4.0,4.0,4.0,0.0,0.0
74,Meta-Llama-3.1-8B-Instruct,,Low,,,0.625,0.0,0.375,2.0,2.0,2.0,2.0,0.0,0.0,3,3.0,4.0,4.0,0.0,0.0
74,Qalb-1.0-8B-Instruct,,Low,,,0.625,0.0,0.375,2.0,2.0,2.0,2.0,0.0,0.0,3,3.0,4.0,4.0,0.0,0.0
74,Qwen2.5-7B-Instruct,,Low,,,0.625,0.0,0.375,2.0,2.0,2.0,2.0,0.0,0.0,3,3.0,4.0,4.0,0.0,0.0
75,Meta-Llama-3.1-8B-Instruct,,Low,,,0.5,0.125,0.5,2.0,2.0,2.0,2.0,0.0,1.0,4,4.0,4.0,4.0,0.0,0.0
75,Qwen2.5-7B-Instruct,,Low,,,0.25,0.125,0.75,1.0,1.0,1.0,1.0,0.0,1.0,4,4.0,4.0,4.0,0.0,0.0
75,Qalb-1.0-8B-Instruct,,Low,,,0.75,0.0,0.25,3.0,3.0,3.0,3.0,0.0,0.0,4,4.0,4.0,4.0,0.0,0.0
76,Qwen2.5-7B-Instruct,,Low,,,0.5,0.125,0.5,2.0,2.0,2.0,2.0,0.0,1.0,4,4.0,4.0,4.0,0.0,0.0
76,Meta-Llama-3.1-8B-Instruct,,Low,,,0.5,0.125,0.5,2.0,2.0,2.0,2.0,0.0,1.0,4,4.0,4.0,4.0,0.0,0.0
76,Qalb-1.0-8B-Instruct,,Low,,,0.0,0.0,1.0,0.0,0.0,0.0,0.0,0.0,0.0,4,4.0,4.0,4.0,0.0,0.0
77,Meta-Llama-3.1-8B-Instruct,,Low,,,0.6562,0.125,0.3438,3.0,3.0,3.0,1.0,0.0,1.0,4,3.5,4.0,4.0,0.0,0.0
77,Qwen2.5-7B-Instruct,,Low,,,0.5312,0.125,0.4688,2.0,2.0,2.0,2.0,0.0,1.0,4,3.5,4.0,4.0,0.0,0.0
77,Qalb-1.0-8B-Instruct,,Low,,,0.2812,0.125,0.7188,1.0,1.0,1.0,1.0,0.0,1.0,4,3.5,4.0,4.0,0.0,0.0
78,Meta-Llama-3.1-8B-Instruct,,Medium,,,0.25,0.0,0.75,1.0,1.0,1.0,1.0,0.0,0.0,4,4.0,4.0,4.0,0.0,0.0
78,Qalb-1.0-8B-Instruct,,Medium,,,0.25,0.0,0.75,1.0,1.0,1.0,1.0,0.0,0.0,4,4.0,4.0,4.0,0.0,0.0
78,Qwen2.5-7B-Instruct,,Medium,,,0.4375,0.0,0.5625,2.0,2.0,2.0,1.0,0.0,0.0,4,4.0,4.0,4.0,0.0,0.0
79,Qalb-1.0-8B-Instruct,,Medium,,,0.75,0.125,0.25,3.0,3.0,3.0,3.0,0.0,1.0,4,4.0,4.0,4.0,0.0,0.0
79,Qwen2.5-7B-Instruct,,Medium,,,0.5,0.125,0.5,2.0,2.0,2.0,2.0,0.0,1.0,4,4.0,4.0,4.0,0.0,0.0
79,Meta-Llama-3.1-8B-Instruct,,Medium,,,0.4375,0.125,0.5625,2.0,2.0,2.0,1.0,0.0,1.0,4,4.0,4.0,4.0,0.0,0.0
80,Meta-Llama-3.1-8B-Instruct,,Medium,,,0.4688,0.125,0.5312,2.0,2.0,2.0,1.0,0.0,1.0,4,3.5,4.0,4.0,0.0,0.0
80,Qalb-1.0-8B-Instruct,,Medium,,,0.5312,0.125,0.4688,2.0,2.0,2.0,2.0,0.0,1.0,4,3.5,4.0,4.0,0.0,0.0
80,Qwen2.5-7B-Instruct,,Medium,,,0.4688,0.0,0.5312,2.0,2.0,2.0,1.0,0.0,0.0,4,3.5,4.0,4.0,0.0,0.0
81,Qwen2.5-7B-Instruct,,Medium,,,0.5,0.125,0.5,2.0,2.0,2.0,2.0,0.0,1.0,4,4.0,4.0,4.0,0.0,0.0
81,Meta-Llama-3.1-8B-Instruct,,Medium,,,0.25,0.125,0.75,1.0,1.0,1.0,1.0,0.0,1.0,4,4.0,4.0,4.0,0.0,0.0
81,Qalb-1.0-8B-Instruct,,Medium,,,0.5,0.125,0.5,2.0,2.0,2.0,2.0,0.0,1.0,4,4.0,4.0,4.0,0.0,0.0
82,Qalb-1.0-8B-Instruct,,Medium,,,0.5,0.0,0.5,2.0,2.0,2.0,2.0,0.0,0.0,4,4.0,4.0,4.0,0.0,0.0
82,Qwen2.5-7B-Instruct,,Medium,,,0.75,0.0,0.25,3.0,3.0,3.0,3.0,0.0,0.0,4,4.0,4.0,4.0,0.0,0.0
82,Meta-Llama-3.1-8B-Instruct,,Medium,,,0.5,0.125,0.5,2.0,2.0,2.0,2.0,0.0,1.0,4,4.0,4.0,4.0,0.0,0.0
83,Qalb-1.0-8B-Instruct,,Medium,,,0.2812,0.0,0.7188,1.0,1.0,1.0,1.0,0.0,0.0,4,3.5,4.0,4.0,0.0,0.0
83,Qwen2.5-7B-Instruct,,Medium,,,0.5312,0.125,0.4688,2.0,2.0,2.0,2.0,0.0,1.0,4,3.5,4.0,4.0,0.0,0.0
83,Meta-Llama-3.1-8B-Instruct,,Medium,,,0.2812,0.125,0.7188,1.0,1.0,1.0,1.0,0.0,1.0,4,3.5,4.0,4.0,0.0,0.0
84,Qalb-1.0-8B-Instruct,,Low,,,0.5312,0.0,0.4688,2.0,2.0,2.0,2.0,0.0,0.0,4,3.5,4.0,4.0,0.0,0.0
84,Meta-Llama-3.1-8B-Instruct,,Low,,,0.5312,0.0,0.4688,2.0,2.0,2.0,2.0,0.0,0.0,4,3.5,4.0,4.0,0.0,0.0
84,Qwen2.5-7B-Instruct,,Low,,,0.4688,0.125,0.5312,2.0,2.0,2.0,1.0,0.0,1.0,4,3.5,4.0,4.0,0.0,0.0
85,Meta-Llama-3.1-8B-Instruct,,Low,,,0.5,0.0,0.5,2.0,2.0,2.0,2.0,0.0,0.0,4,4.0,4.0,4.0,0.0,0.0
85,Qalb-1.0-8B-Instruct,,Low,,,0.5,0.125,0.5,2.0,2.0,2.0,2.0,0.0,1.0,4,4.0,4.0,4.0,0.0,0.0
85,Qwen2.5-7B-Instruct,,Low,,,0.75,0.125,0.25,3.0,3.0,3.0,3.0,0.0,1.0,4,4.0,4.0,4.0,0.0,0.0
86,Meta-Llama-3.1-8B-Instruct,,High,,,0.5312,0.0,0.4688,2.0,2.0,2.0,1.0,0.0,0.0,3,3.5,4.0,4.0,0.0,0.0
86,Qalb-1.0-8B-Instruct,,High,,,0.5938,0.0,0.4062,2.0,2.0,2.0,2.0,0.0,0.0,3,3.5,4.0,4.0,0.0,0.0
86,Qwen2.5-7B-Instruct,,High,,,0.3438,0.0,0.6562,1.0,1.0,1.0,1.0,0.0,0.0,3,3.5,4.0,4.0,0.0,0.0
87,Qwen2.5-7B-Instruct,,High,,,0.5,0.125,0.5,2.0,2.0,2.0,2.0,0.0,1.0,4,4.0,4.0,4.0,0.0,0.0
87,Qalb-1.0-8B-Instruct,,High,,,0.5,0.125,0.5,2.0,2.0,2.0,2.0,0.0,1.0,4,4.0,4.0,4.0,0.0,0.0
87,Meta-Llama-3.1-8B-Instruct,,High,,,0.5,0.125,0.5,2.0,2.0,2.0,2.0,0.0,1.0,4,4.0,4.0,4.0,0.0,0.0
88,Meta-Llama-3.1-8B-Instruct,,High,,,0.5312,0.0,0.4688,2.0,2.0,2.0,2.0,0.0,0.0,4,3.5,4.0,4.0,0.0,0.0
88,Qalb-1.0-8B-Instruct,,High,,,0.5312,0.0,0.4688,2.0,2.0,2.0,2.0,0.0,0.0,4,3.5,4.0,4.0,0.0,0.0
88,Qwen2.5-7B-Instruct,,High,,,0.5312,0.125,0.4688,2.0,2.0,2.0,2.0,0.0,1.0,4,3.5,4.0,4.0,0.0,0.0
89,Meta-Llama-3.1-8B-Instruct,,Low,,,0.5312,0.125,0.4688,2.0,2.0,2.0,2.0,0.0,1.0,4,3.5,4.0,4.0,0.0,0.0
89,Qwen2.5-7B-Instruct,,Low,,,0.5312,0.125,0.4688,2.0,2.0,2.0,2.0,0.0,1.0,4,3.5,4.0,4.0,0.0,0.0
89,Qalb-1.0-8B-Instruct,,Low,,,0.5312,0.125,0.4688,2.0,2.0,2.0,2.0,0.0,1.0,4,3.5,4.0,4.0,0.0,0.0
90,Qwen2.5-7B-Instruct,,Low,,,0.25,0.125,0.75,1.0,1.0,1.0,1.0,0.0,1.0,4,4.0,4.0,4.0,0.0,0.0
90,Meta-Llama-3.1-8B-Instruct,,Low,,,0.25,0.125,0.75,1.0,1.0,1.0,1.0,0.0,1.0,4,4.0,4.0,4.0,0.0,0.0
90,Qalb-1.0-8B-Instruct,,Low,,,0.25,0.0,0.75,1.0,1.0,1.0,1.0,0.0,0.0,4,4.0,4.0,4.0,0.0,0.0
91,Qalb-1.0-8B-Instruct,,High,,,0.5,0.125,0.5,2.0,2.0,2.0,2.0,0.0,1.0,4,4.0,4.0,4.0,0.0,0.0
91,Qwen2.5-7B-Instruct,,High,,,0.25,0.125,0.75,1.0,1.0,1.0,1.0,0.0,1.0,4,4.0,4.0,4.0,0.0,0.0
91,Meta-Llama-3.1-8B-Instruct,,High,,,0.25,0.125,0.75,1.0,1.0,1.0,1.0,0.0,1.0,4,4.0,4.0,4.0,0.0,0.0
92,Meta-Llama-3.1-8B-Instruct,,High,,,0.5,0.125,0.5,2.0,2.0,2.0,2.0,0.0,1.0,4,4.0,4.0,4.0,0.0,0.0
92,Qwen2.5-7B-Instruct,,High,,,0.5,0.125,0.5,2.0,2.0,2.0,2.0,0.0,1.0,4,4.0,4.0,4.0,0.0,0.0
92,Qalb-1.0-8B-Instruct,,High,,,1.0,0.125,0.0,4.0,4.0,4.0,4.0,0.0,1.0,4,4.0,4.0,4.0,0.0,0.0
93,Qwen2.5-7B-Instruct,,High,,,0.5938,0.125,0.4062,2.0,2.0,2.0,2.0,0.0,1.0,3,3.5,4.0,4.0,0.0,0.0
93,Qalb-1.0-8B-Instruct,,High,,,0.5938,0.125,0.4062,2.0,2.0,2.0,2.0,0.0,1.0,3,3.5,4.0,4.0,0.0,0.0
93,Meta-Llama-3.1-8B-Instruct,,High,,,0.3438,0.125,0.6562,1.0,1.0,1.0,1.0,0.0,1.0,3,3.5,4.0,4.0,0.0,0.0
94,Qwen2.5-7B-Instruct,,High,,,0.2812,0.125,0.7188,1.0,1.0,1.0,1.0,0.0,1.0,4,3.5,4.0,4.0,0.0,0.0
94,Qalb-1.0-8B-Instruct,,High,,,0.7812,0.125,0.2188,3.0,3.0,3.0,3.0,0.0,1.0,4,3.5,4.0,4.0,0.0,0.0
94,Meta-Llama-3.1-8B-Instruct,,High,,,0.7812,0.125,0.2188,3.0,3.0,3.0,3.0,0.0,1.0,4,3.5,4.0,4.0,0.0,0.0
95,Qwen2.5-7B-Instruct,,High,,,0.25,0.125,0.75,1.0,1.0,1.0,1.0,0.0,1.0,4,4.0,4.0,4.0,0.0,0.0
95,Meta-Llama-3.1-8B-Instruct,,High,,,0.75,0.125,0.25,3.0,3.0,3.0,3.0,0.0,1.0,4,4.0,4.0,4.0,0.0,0.0
95,Qalb-1.0-8B-Instruct,,High,,,1.0,0.125,0.0,4.0,4.0,4.0,4.0,0.0,1.0,4,4.0,4.0,4.0,0.0,0.0
96,Qwen2.5-7B-Instruct,,High,,,0.25,0.125,0.75,1.0,1.0,1.0,1.0,0.0,1.0,4,4.0,4.0,4.0,0.0,0.0
96,Meta-Llama-3.1-8B-Instruct,,High,,,0.75,0.125,0.25,3.0,3.0,3.0,3.0,0.0,1.0,4,4.0,4.0,4.0,0.0,0.0
96,Qalb-1.0-8B-Instruct,,High,,,0.75,0.125,0.25,3.0,3.0,3.0,3.0,0.0,1.0,4,4.0,4.0,4.0,0.0,0.0
97,Meta-Llama-3.1-8B-Instruct,,High,,,0.5,0.0,0.5,2.0,2.0,2.0,2.0,0.0,0.0,4,4.0,4.0,4.0,0.0,0.0
97,Qwen2.5-7B-Instruct,,High,,,0.75,0.125,0.25,3.0,3.0,3.0,3.0,0.0,1.0,4,4.0,4.0,4.0,0.0,0.0
97,Qalb-1.0-8B-Instruct,,High,,,1.0,0.125,0.0,4.0,4.0,4.0,4.0,0.0,1.0,4,4.0,4.0,4.0,0.0,0.0
98,Qwen2.5-7B-Instruct,,Medium,,,0.3438,0.125,0.6562,1.0,1.0,1.0,1.0,0.0,1.0,3,3.5,4.0,4.0,0.0,0.0
98,Meta-Llama-3.1-8B-Instruct,,Medium,,,0.5938,0.125,0.4062,2.0,2.0,2.0,2.0,0.0,1.0,3,3.5,4.0,4.0,0.0,0.0
98,Qalb-1.0-8B-Instruct,,Medium,,,0.5938,0.0,0.4062,2.0,2.0,2.0,2.0,0.0,0.0,3,3.5,4.0,4.0,0.0,0.0
99,Qwen2.5-7B-Instruct,,Medium,,,0.25,0.0,0.75,1.0,1.0,1.0,1.0,0.0,0.0,4,4.0,4.0,4.0,0.0,0.0
99,Qalb-1.0-8B-Instruct,,Medium,,,0.75,0.0,0.25,3.0,3.0,3.0,3.0,0.0,0.0,4,4.0,4.0,4.0,0.0,0.0
99,Meta-Llama-3.1-8B-Instruct,,Medium,,,0.25,0.0,0.75,1.0,1.0,1.0,1.0,0.0,0.0,4,4.0,4.0,4.0,0.0,0.0
100,Qwen2.5-7B-Instruct,,High,,,0.4375,0.0,0.5625,2.0,2.0,2.0,1.0,0.0,0.0,4,4.0,4.0,4.0,0.0,0.0
100,Qalb-1.0-8B-Instruct,,High,,,1.0,0.125,0.0,4.0,4.0,4.0,4.0,0.0,1.0,4,4.0,4.0,4.0,0.0,0.0
100,Meta-Llama-3.1-8B-Instruct,,High,,,0.5,0.125,0.5,2.0,2.0,2.0,2.0,0.0,1.0,4,4.0,4.0,4.0,0.0,0.0
101,Qalb-1.0-8B-Instruct,,High,,,0.7812,0.125,0.2188,3.0,3.0,3.0,3.0,0.0,1.0,4,3.5,4.0,4.0,0.0,0.0
101,Qwen2.5-7B-Instruct,,High,,,0.9688,0.125,0.0312,4.0,4.0,4.0,4.0,0.0,1.0,4,3.5,4.0,4.0,0.0,0.0
101,Meta-Llama-3.1-8B-Instruct,,High,,,0.5312,0.125,0.4688,2.0,2.0,2.0,2.0,0.0,1.0,4,3.5,4.0,4.0,0.0,0.0
102,Qalb-1.0-8B-Instruct,,High,,,0.5,0.125,0.5,2.0,2.0,2.0,2.0,0.0,1.0,4,4.0,4.0,4.0,0.0,0.0
102,Meta-Llama-3.1-8B-Instruct,,High,,,0.5,0.125,0.5,2.0,2.0,2.0,2.0,0.0,1.0,4,4.0,4.0,4.0,0.0,0.0
102,Qwen2.5-7B-Instruct,,High,,,0.0,0.125,1.0,0.0,0.0,0.0,0.0,0.0,1.0,4,4.0,4.0,4.0,0.0,0.0
103,Qwen2.5-7B-Instruct,,High,,,0.1875,0.125,0.8125,1.0,1.0,1.0,0.0,1.0,0.0,4,4.0,4.0,4.0,0.0,0.0
103,Meta-Llama-3.1-8B-Instruct,,High,,,0.25,0.125,0.75,1.0,1.0,1.0,1.0,0.0,1.0,4,4.0,4.0,4.0,0.0,0.0
103,Qalb-1.0-8B-Instruct,,High,,,0.25,0.0,0.75,1.0,1.0,1.0,1.0,0.0,0.0,4,4.0,4.0,4.0,0.0,0.0
104,Meta-Llama-3.1-8B-Instruct,,High,,,0.8125,0.0,0.1875,3.0,3.0,3.0,3.0,0.0,0.0,3,4.0,4.0,4.0,0.0,0.0
104,Qalb-1.0-8B-Instruct,,High,,,0.8125,0.125,0.1875,3.0,3.0,3.0,3.0,0.0,1.0,3,4.0,4.0,4.0,0.0,0.0
104,Qwen2.5-7B-Instruct,,High,,,0.3125,0.0,0.6875,1.0,1.0,1.0,1.0,0.0,0.0,3,4.0,4.0,4.0,0.0,0.0
105,Qalb-1.0-8B-Instruct,,High,,,0.25,0.125,0.75,1.0,1.0,1.0,1.0,0.0,1.0,4,4.0,4.0,4.0,0.0,0.0
105,Qwen2.5-7B-Instruct,,High,,,0.75,0.125,0.25,3.0,3.0,3.0,3.0,0.0,1.0,4,4.0,4.0,4.0,0.0,0.0
105,Meta-Llama-3.1-8B-Instruct,,High,,,0.5,0.125,0.5,2.0,2.0,2.0,2.0,0.0,1.0,4,4.0,4.0,4.0,0.0,0.0
106,Meta-Llama-3.1-8B-Instruct,,High,,,0.6875,0.0,0.3125,3.0,3.0,3.0,2.0,0.0,0.0,4,4.0,4.0,4.0,0.0,0.0
106,Qalb-1.0-8B-Instruct,,High,,,1.0,0.0,0.0,4.0,4.0,4.0,4.0,0.0,0.0,4,4.0,4.0,4.0,0.0,0.0
106,Qwen2.5-7B-Instruct,,High,,,1.0,0.0,0.0,4.0,4.0,4.0,4.0,0.0,0.0,4,4.0,4.0,4.0,0.0,0.0
107,Qalb-1.0-8B-Instruct,,High,,,0.75,0.125,0.25,3.0,3.0,3.0,3.0,0.0,1.0,4,4.0,4.0,4.0,0.0,0.0
107,Qwen2.5-7B-Instruct,,High,,,0.25,0.125,0.75,1.0,1.0,1.0,1.0,0.0,1.0,4,4.0,4.0,4.0,0.0,0.0
107,Meta-Llama-3.1-8B-Instruct,,High,,,0.5,0.125,0.5,2.0,2.0,2.0,2.0,0.0,1.0,4,4.0,4.0,4.0,0.0,0.0
108,Meta-Llama-3.1-8B-Instruct,,High,,,0.75,0.125,0.25,3.0,3.0,3.0,3.0,0.0,1.0,4,4.0,4.0,4.0,0.0,0.0
108,Qwen2.5-7B-Instruct,,High,,,0.5,0.125,0.5,2.0,2.0,2.0,2.0,0.0,1.0,4,4.0,4.0,4.0,0.0,0.0
108,Qalb-1.0-8B-Instruct,,High,,,0.5,0.125,0.5,2.0,2.0,2.0,2.0,0.0,1.0,4,4.0,4.0,4.0,0.0,0.0
109,Qalb-1.0-8B-Instruct,,High,,,0.75,0.125,0.25,3.0,3.0,3.0,3.0,0.0,1.0,4,4.0,4.0,4.0,0.0,0.0
109,Qwen2.5-7B-Instruct,,High,,,0.75,0.125,0.25,3.0,3.0,3.0,3.0,0.0,1.0,4,4.0,4.0,4.0,0.0,0.0
109,Meta-Llama-3.1-8B-Instruct,,High,,,0.75,0.125,0.25,3.0,3.0,3.0,3.0,0.0,1.0,4,4.0,4.0,4.0,0.0,0.0
110,Qalb-1.0-8B-Instruct,,High,,,0.75,0.0,0.25,3.0,3.0,3.0,3.0,0.0,0.0,4,4.0,4.0,4.0,0.0,0.0
110,Qwen2.5-7B-Instruct,,High,,,0.25,0.125,0.75,1.0,1.0,1.0,1.0,0.0,1.0,4,4.0,4.0,4.0,0.0,0.0
110,Meta-Llama-3.1-8B-Instruct,,High,,,0.75,0.125,0.25,3.0,3.0,3.0,3.0,0.0,1.0,4,4.0,4.0,4.0,0.0,0.0
111,Qalb-1.0-8B-Instruct,,High,,,0.75,0.125,0.25,3.0,3.0,3.0,3.0,0.0,1.0,4,4.0,4.0,4.0,0.0,0.0
111,Qwen2.5-7B-Instruct,,High,,,0.5,0.125,0.5,2.0,2.0,2.0,2.0,0.0,1.0,4,4.0,4.0,4.0,0.0,0.0
111,Meta-Llama-3.1-8B-Instruct,,High,,,0.5,0.0,0.5,2.0,2.0,2.0,2.0,0.0,0.0,4,4.0,4.0,4.0,0.0,0.0
112,Meta-Llama-3.1-8B-Instruct,,Medium,,,0.75,0.125,0.25,3.0,3.0,3.0,3.0,0.0,1.0,4,4.0,4.0,4.0,0.0,0.0
112,Qalb-1.0-8B-Instruct,,Medium,,,0.5,0.125,0.5,2.0,2.0,2.0,2.0,0.0,1.0,4,4.0,4.0,4.0,0.0,0.0
112,Qwen2.5-7B-Instruct,,Medium,,,0.5,0.0,0.5,2.0,2.0,2.0,2.0,0.0,0.0,4,4.0,4.0,4.0,0.0,0.0
113,Meta-Llama-3.1-8B-Instruct,,Medium,,,0.75,0.0,0.25,3.0,3.0,3.0,3.0,0.0,0.0,4,4.0,4.0,4.0,0.0,0.0
113,Qwen2.5-7B-Instruct,,Medium,,,0.75,0.125,0.25,3.0,3.0,3.0,3.0,0.0,1.0,4,4.0,4.0,4.0,0.0,0.0
113,Qalb-1.0-8B-Instruct,,Medium,,,1.0,0.125,0.0,4.0,4.0,4.0,4.0,0.0,1.0,4,4.0,4.0,4.0,0.0,0.0
114,Meta-Llama-3.1-8B-Instruct,,High,,,0.5,0.125,0.5,2.0,2.0,2.0,2.0,0.0,1.0,4,4.0,4.0,4.0,0.0,0.0
114,Qalb-1.0-8B-Instruct,,High,,,0.5,0.0,0.5,2.0,2.0,2.0,2.0,0.0,0.0,4,4.0,4.0,4.0,0.0,0.0
114,Qwen2.5-7B-Instruct,,High,,,0.75,0.0,0.25,3.0,3.0,3.0,3.0,0.0,0.0,4,4.0,4.0,4.0,0.0,0.0
115,Qalb-1.0-8B-Instruct,,High,,,0.9375,0.125,0.0625,4.0,4.0,4.0,3.0,0.0,1.0,4,4.0,4.0,4.0,0.0,0.0
115,Meta-Llama-3.1-8B-Instruct,,High,,,0.5,0.125,0.5,2.0,2.0,2.0,2.0,0.0,1.0,4,4.0,4.0,4.0,0.0,0.0
115,Qwen2.5-7B-Instruct,,High,,,0.75,0.125,0.25,3.0,3.0,3.0,3.0,0.0,1.0,4,4.0,4.0,4.0,0.0,0.0
116,Meta-Llama-3.1-8B-Instruct,,High,,,0.75,0.125,0.25,3.0,3.0,3.0,3.0,0.0,1.0,4,4.0,4.0,4.0,0.0,0.0
116,Qalb-1.0-8B-Instruct,,High,,,0.5,0.125,0.5,2.0,2.0,2.0,2.0,0.0,1.0,4,4.0,4.0,4.0,0.0,0.0
116,Qwen2.5-7B-Instruct,,High,,,0.75,0.125,0.25,3.0,3.0,3.0,3.0,0.0,1.0,4,4.0,4.0,4.0,0.0,0.0
117,Qwen2.5-7B-Instruct,,High,,,0.3438,0.125,0.6562,1.0,1.0,1.0,1.0,0.0,1.0,3,3.5,4.0,4.0,0.0,0.0
117,Qalb-1.0-8B-Instruct,,High,,,0.7812,0.125,0.2188,3.0,3.0,3.0,2.0,0.0,1.0,3,3.5,4.0,4.0,0.0,0.0
117,Meta-Llama-3.1-8B-Instruct,,High,,,0.5938,0.125,0.4062,2.0,2.0,2.0,2.0,0.0,1.0,3,3.5,4.0,4.0,0.0,0.0
118,Meta-Llama-3.1-8B-Instruct,,High,,,0.75,0.125,0.25,3.0,3.0,3.0,3.0,0.0,1.0,4,4.0,4.0,4.0,0.0,0.0
118,Qalb-1.0-8B-Instruct,,High,,,0.75,0.125,0.25,3.0,3.0,3.0,3.0,0.0,1.0,4,4.0,4.0,4.0,0.0,0.0
118,Qwen2.5-7B-Instruct,,High,,,0.5,0.125,0.5,2.0,2.0,2.0,2.0,0.0,1.0,4,4.0,4.0,4.0,0.0,0.0
119,Qwen2.5-7B-Instruct,,Low,,,0.5,0.125,0.5,2.0,2.0,2.0,2.0,0.0,1.0,4,4.0,4.0,4.0,0.0,0.0
119,Meta-Llama-3.1-8B-Instruct,,Low,,,1.0,0.125,0.0,4.0,4.0,4.0,4.0,0.0,1.0,4,4.0,4.0,4.0,0.0,0.0
119,Qalb-1.0-8B-Instruct,,Low,,,0.5,0.0,0.5,2.0,2.0,2.0,2.0,0.0,0.0,4,4.0,4.0,4.0,0.0,0.0
120,Qwen2.5-7B-Instruct,,Low,,,0.4062,0.0,0.5938,1.0,1.0,1.0,1.0,0.0,0.0,3,3.0,3.5,4.0,0.0,0.0
120,Qalb-1.0-8B-Instruct,,Low,,,0.5938,0.125,0.4062,2.0,2.0,2.0,1.0,0.0,1.0,3,3.0,3.5,4.0,0.0,0.0
120,Meta-Llama-3.1-8B-Instruct,,Low,,,0.6562,0.125,0.3438,2.0,2.0,2.0,2.0,0.0,1.0,3,3.0,3.5,4.0,0.0,0.0
121,Meta-Llama-3.1-8B-Instruct,,High,,,0.5,0.0,0.5,2.0,2.0,2.0,2.0,0.0,0.0,4,4.0,4.0,4.0,0.0,0.0
121,Qalb-1.0-8B-Instruct,,High,,,0.75,0.0,0.25,3.0,3.0,3.0,3.0,0.0,0.0,4,4.0,4.0,4.0,0.0,0.0
121,Qwen2.5-7B-Instruct,,High,,,0.25,0.0,0.75,1.0,1.0,1.0,1.0,0.0,0.0,4,4.0,4.0,4.0,0.0,0.0
122,Meta-Llama-3.1-8B-Instruct,,Medium,,,0.7812,0.0,0.2188,3.0,3.0,3.0,3.0,0.0,0.0,4,3.5,4.0,4.0,0.0,0.0
122,Qalb-1.0-8B-Instruct,,Medium,,,0.7812,0.0,0.2188,3.0,3.0,3.0,3.0,0.0,0.0,4,3.5,4.0,4.0,0.0,0.0
122,Qwen2.5-7B-Instruct,,Medium,,,0.5312,0.0,0.4688,2.0,2.0,2.0,2.0,0.0,0.0,4,3.5,4.0,4.0,0.0,0.0
123,Qalb-1.0-8B-Instruct,,High,,,0.75,0.125,0.25,3.0,3.0,3.0,3.0,0.0,1.0,4,4.0,4.0,4.0,0.0,0.0
123,Qwen2.5-7B-Instruct,,High,,,0.25,0.125,0.75,1.0,1.0,1.0,1.0,0.0,1.0,4,4.0,4.0,4.0,0.0,0.0
123,Meta-Llama-3.1-8B-Instruct,,High,,,0.75,0.125,0.25,3.0,3.0,3.0,3.0,0.0,1.0,4,4.0,4.0,4.0,0.0,0.0
124,Qalb-1.0-8B-Instruct,,Low,,,0.5,0.125,0.5,2.0,2.0,2.0,2.0,0.0,1.0,4,4.0,4.0,4.0,0.0,0.0
124,Meta-Llama-3.1-8B-Instruct,,Low,,,0.5,0.125,0.5,2.0,2.0,2.0,2.0,0.0,1.0,4,4.0,4.0,4.0,0.0,0.0
124,Qwen2.5-7B-Instruct,,Low,,,0.25,0.0,0.75,1.0,1.0,1.0,1.0,0.0,0.0,4,4.0,4.0,4.0,0.0,0.0
125,Qwen2.5-7B-Instruct,,Low,,,0.3125,0.125,0.6875,1.0,1.0,1.0,1.0,0.0,1.0,3,4.0,4.0,4.0,0.0,0.0
125,Qalb-1.0-8B-Instruct,,Low,,,0.3125,0.125,0.6875,1.0,1.0,1.0,1.0,0.0,1.0,3,4.0,4.0,4.0,0.0,0.0
125,Meta-Llama-3.1-8B-Instruct,,Low,,,0.5625,0.0,0.4375,2.0,2.0,2.0,2.0,0.0,0.0,3,4.0,4.0,4.0,0.0,0.0
126,Qwen2.5-7B-Instruct,,High,,,0.1875,0.125,0.8125,1.0,1.0,1.0,0.0,0.0,1.0,4,4.0,4.0,4.0,0.0,0.0
126,Meta-Llama-3.1-8B-Instruct,,High,,,0.25,0.125,0.75,1.0,1.0,1.0,1.0,0.0,1.0,4,4.0,4.0,4.0,0.0,0.0
126,Qalb-1.0-8B-Instruct,,High,,,0.25,0.125,0.75,1.0,1.0,1.0,1.0,0.0,1.0,4,4.0,4.0,4.0,0.0,0.0
127,Meta-Llama-3.1-8B-Instruct,,High,,,0.5,0.0,0.5,2.0,2.0,2.0,2.0,0.0,0.0,4,4.0,4.0,4.0,0.0,0.0
127,Qalb-1.0-8B-Instruct,,High,,,0.5,0.0,0.5,2.0,2.0,2.0,2.0,0.0,0.0,4,4.0,4.0,4.0,0.0,0.0
127,Qwen2.5-7B-Instruct,,High,,,0.25,0.125,0.75,1.0,1.0,1.0,1.0,0.0,1.0,4,4.0,4.0,4.0,0.0,0.0
128,Meta-Llama-3.1-8B-Instruct,,Low,,,0.5625,0.0,0.4375,2.0,2.0,2.0,2.0,0.0,0.0,3,4.0,4.0,4.0,0.0,0.0
128,Qwen2.5-7B-Instruct,,Low,,,0.3125,0.125,0.6875,1.0,1.0,1.0,1.0,0.0,1.0,3,4.0,4.0,4.0,0.0,0.0
128,Qalb-1.0-8B-Instruct,,Low,,,0.3125,0.0,0.6875,1.0,1.0,1.0,1.0,0.0,0.0,3,4.0,4.0,4.0,0.0,0.0
129,Qalb-1.0-8B-Instruct,,Medium,,,0.75,0.0,0.25,3.0,3.0,3.0,3.0,0.0,0.0,4,4.0,4.0,4.0,0.0,0.0
129,Meta-Llama-3.1-8B-Instruct,,Medium,,,0.5,0.125,0.5,2.0,2.0,2.0,2.0,0.0,1.0,4,4.0,4.0,4.0,0.0,0.0
129,Qwen2.5-7B-Instruct,,Medium,,,0.1875,0.0,0.8125,1.0,1.0,1.0,0.0,0.0,0.0,4,4.0,4.0,4.0,0.0,0.0
130,Qwen2.5-7B-Instruct,,Low,,,0.5,0.125,0.5,2.0,2.0,2.0,2.0,0.0,1.0,4,4.0,4.0,4.0,0.0,0.0
130,Meta-Llama-3.1-8B-Instruct,,Low,,,0.75,0.125,0.25,3.0,3.0,3.0,3.0,0.0,1.0,4,4.0,4.0,4.0,0.0,0.0
130,Qalb-1.0-8B-Instruct,,Low,,,0.1875,0.125,0.8125,1.0,1.0,1.0,0.0,0.0,1.0,4,4.0,4.0,4.0,0.0,0.0
131,Qwen2.5-7B-Instruct,,High,,,0.1875,0.125,0.8125,1.0,1.0,1.0,0.0,0.0,1.0,4,4.0,4.0,4.0,0.0,0.0
131,Meta-Llama-3.1-8B-Instruct,,High,,,0.25,0.125,0.75,1.0,1.0,1.0,1.0,0.0,1.0,4,4.0,4.0,4.0,0.0,0.0
131,Qalb-1.0-8B-Instruct,,High,,,0.5,0.125,0.5,2.0,2.0,2.0,2.0,0.0,1.0,4,4.0,4.0,4.0,0.0,0.0
132,Qwen2.5-7B-Instruct,,Medium,,,0.3125,0.125,0.6875,1.0,1.0,1.0,1.0,0.0,1.0,3,4.0,4.0,4.0,0.0,0.0
132,Qalb-1.0-8B-Instruct,,Medium,,,0.5625,0.0,0.4375,2.0,2.0,2.0,2.0,0.0,0.0,3,4.0,4.0,4.0,0.0,0.0
132,Meta-Llama-3.1-8B-Instruct,,Medium,,,0.8125,0.125,0.1875,3.0,3.0,3.0,3.0,0.0,1.0,3,4.0,4.0,4.0,0.0,0.0
133,Qalb-1.0-8B-Instruct,,High,,,0.75,0.125,0.25,3.0,3.0,3.0,3.0,0.0,1.0,4,4.0,4.0,4.0,0.0,0.0
133,Meta-Llama-3.1-8B-Instruct,,High,,,0.5,0.125,0.5,2.0,2.0,2.0,2.0,0.0,1.0,4,4.0,4.0,4.0,0.0,0.0
133,Qwen2.5-7B-Instruct,,High,,,0.0,0.125,1.0,0.0,0.0,0.0,0.0,0.0,1.0,4,4.0,4.0,4.0,0.0,0.0
134,Qalb-1.0-8B-Instruct,,Low,,,0.875,0.0,0.125,4.0,4.0,4.0,4.0,0.0,0.0,3,3.0,4.0,4.0,0.0,0.0
134,Qwen2.5-7B-Instruct,,Low,,,0.3125,0.125,0.6875,1.0,1.0,1.0,0.0,0.0,1.0,3,3.0,4.0,4.0,0.0,0.0
134,Meta-Llama-3.1-8B-Instruct,,Low,,,0.375,0.125,0.625,1.0,1.0,1.0,1.0,0.0,1.0,3,3.0,4.0,4.0,0.0,0.0
135,Qalb-1.0-8B-Instruct,,High,,,1.0,0.125,0.0,4.0,4.0,4.0,4.0,0.0,1.0,4,4.0,4.0,4.0,0.0,0.0
135,Qwen2.5-7B-Instruct,,High,,,0.1875,0.125,0.8125,1.0,1.0,1.0,0.0,0.0,1.0,4,4.0,4.0,4.0,0.0,0.0
135,Meta-Llama-3.1-8B-Instruct,,High,,,0.25,0.0,0.75,1.0,1.0,1.0,1.0,0.0,0.0,4,4.0,4.0,4.0,0.0,0.0
136,Qwen2.5-7B-Instruct,,Low,,,0.5,0.125,0.5,2.0,2.0,2.0,2.0,0.0,1.0,4,4.0,4.0,4.0,0.0,0.0
136,Qalb-1.0-8B-Instruct,,Low,,,0.5,0.125,0.5,2.0,2.0,2.0,2.0,0.0,1.0,4,4.0,4.0,4.0,0.0,0.0
136,Meta-Llama-3.1-8B-Instruct,,Low,,,0.75,0.125,0.25,3.0,3.0,3.0,3.0,0.0,1.0,4,4.0,4.0,4.0,0.0,0.0
137,Qalb-1.0-8B-Instruct,,Low,,,0.5625,0.125,0.4375,2.0,2.0,2.0,2.0,0.0,1.0,3,4.0,4.0,4.0,0.0,0.0
137,Qwen2.5-7B-Instruct,,Low,,,0.3125,0.125,0.6875,1.0,1.0,1.0,1.0,0.0,1.0,3,4.0,4.0,4.0,0.0,0.0
137,Meta-Llama-3.1-8B-Instruct,,Low,,,0.5625,0.125,0.4375,2.0,2.0,2.0,2.0,0.0,1.0,3,4.0,4.0,4.0,0.0,0.0
138,Meta-Llama-3.1-8B-Instruct,,High,,,0.5,0.125,0.5,2.0,2.0,2.0,1.0,0.0,1.0,4,3.0,4.0,4.0,0.0,0.0
138,Qwen2.5-7B-Instruct,,High,,,0.5625,0.125,0.4375,2.0,2.0,2.0,2.0,0.0,1.0,4,3.0,4.0,4.0,0.0,0.0
138,Qalb-1.0-8B-Instruct,,High,,,0.8125,0.125,0.1875,3.0,3.0,3.0,3.0,0.0,1.0,4,3.0,4.0,4.0,0.0,0.0
139,Qalb-1.0-8B-Instruct,,High,,,0.6875,0.125,0.3125,3.0,3.0,3.0,1.0,0.0,1.0,4,3.0,4.0,4.0,0.0,0.0
139,Meta-Llama-3.1-8B-Instruct,,High,,,0.8125,0.125,0.1875,3.0,3.0,3.0,3.0,0.0,1.0,4,3.0,4.0,4.0,0.0,0.0
139,Qwen2.5-7B-Instruct,,High,,,0.5625,0.125,0.4375,2.0,2.0,2.0,2.0,0.0,1.0,4,3.0,4.0,4.0,0.0,0.0
140,Qwen2.5-7B-Instruct,,Medium,,,0.3125,0.0,0.6875,1.0,1.0,1.0,1.0,0.0,0.0,4,3.0,4.0,4.0,0.0,0.0
140,Qalb-1.0-8B-Instruct,,Medium,,,0.8125,0.0,0.1875,3.0,3.0,3.0,3.0,0.0,0.0,4,3.0,4.0,4.0,0.0,0.0
140,Meta-Llama-3.1-8B-Instruct,,Medium,,,0.8125,0.0,0.1875,3.0,3.0,3.0,3.0,0.0,0.0,4,3.0,4.0,4.0,0.0,0.0
141,Qalb-1.0-8B-Instruct,,Medium,,,0.75,0.125,0.25,3.0,3.0,3.0,3.0,0.0,1.0,4,4.0,4.0,4.0,0.0,0.0
141,Meta-Llama-3.1-8B-Instruct,,Medium,,,1.0,0.125,0.0,4.0,4.0,4.0,4.0,0.0,1.0,4,4.0,4.0,4.0,0.0,0.0
141,Qwen2.5-7B-Instruct,,Medium,,,0.75,0.0,0.25,3.0,3.0,3.0,3.0,0.0,0.0,4,4.0,4.0,4.0,0.0,0.0
142,Qalb-1.0-8B-Instruct,,Low,,,0.75,0.0,0.25,3.0,3.0,3.0,3.0,0.0,0.0,4,4.0,4.0,4.0,0.0,0.0
142,Meta-Llama-3.1-8B-Instruct,,Low,,,0.5,0.125,0.5,2.0,2.0,2.0,2.0,0.0,1.0,4,4.0,4.0,4.0,0.0,0.0
142,Qwen2.5-7B-Instruct,,Low,,,0.1875,0.125,0.8125,1.0,1.0,1.0,0.0,0.0,1.0,4,4.0,4.0,4.0,0.0,0.0
143,Qalb-1.0-8B-Instruct,,Low,,,0.25,0.0,0.75,1.0,1.0,1.0,1.0,0.0,0.0,4,4.0,4.0,4.0,0.0,0.0
143,Qwen2.5-7B-Instruct,,Low,,,0.5,0.125,0.5,2.0,2.0,2.0,2.0,0.0,1.0,4,4.0,4.0,4.0,0.0,0.0
143,Meta-Llama-3.1-8B-Instruct,,Low,,,0.25,0.125,0.75,1.0,1.0,1.0,1.0,0.0,1.0,4,4.0,4.0,4.0,0.0,0.0
144,Qwen2.5-7B-Instruct,,High,,,0.3125,0.125,0.6875,1.0,1.0,1.0,1.0,0.0,1.0,4,3.0,4.0,4.0,0.0,0.0
144,Qalb-1.0-8B-Instruct,,High,,,0.8125,0.0,0.1875,3.0,3.0,3.0,3.0,0.0,0.0,4,3.0,4.0,4.0,0.0,0.0
144,Meta-Llama-3.1-8B-Instruct,,High,,,0.8125,0.0,0.1875,3.0,3.0,3.0,3.0,0.0,0.0,4,3.0,4.0,4.0,0.0,0.0
145,Meta-Llama-3.1-8B-Instruct,,High,,,0.75,0.125,0.25,3.0,3.0,3.0,3.0,0.0,1.0,4,4.0,4.0,4.0,0.0,0.0
145,Qwen2.5-7B-Instruct,,High,,,0.25,0.125,0.75,1.0,1.0,1.0,1.0,0.0,1.0,4,4.0,4.0,4.0,0.0,0.0
145,Qalb-1.0-8B-Instruct,,High,,,0.75,0.125,0.25,3.0,3.0,3.0,3.0,0.0,1.0,4,4.0,4.0,4.0,0.0,0.0
146,Qalb-1.0-8B-Instruct,,Low,,,0.5,0.0,0.5,2.0,2.0,2.0,2.0,0.0,0.0,4,4.0,4.0,4.0,0.0,0.0
146,Meta-Llama-3.1-8B-Instruct,,Low,,,0.5,0.0,0.5,2.0,2.0,2.0,2.0,0.0,0.0,4,4.0,4.0,4.0,0.0,0.0
146,Qwen2.5-7B-Instruct,,Low,,,0.75,0.0,0.25,3.0,3.0,3.0,3.0,0.0,0.0,4,4.0,4.0,4.0,0.0,0.0
147,Qwen2.5-7B-Instruct,,High,,,0.75,0.125,0.25,3.0,3.0,3.0,3.0,0.0,1.0,4,4.0,4.0,4.0,0.0,0.0
147,Qalb-1.0-8B-Instruct,,High,,,0.75,0.125,0.25,3.0,3.0,3.0,3.0,0.0,1.0,4,4.0,4.0,4.0,0.0,0.0
147,Meta-Llama-3.1-8B-Instruct,,High,,,1.0,0.0,0.0,4.0,4.0,4.0,4.0,0.0,0.0,4,4.0,4.0,4.0,0.0,0.0
148,Qalb-1.0-8B-Instruct,,Medium,,,0.75,0.0,0.25,3.0,3.0,3.0,3.0,0.0,0.0,4,4.0,4.0,4.0,0.0,0.0
148,Meta-Llama-3.1-8B-Instruct,,Medium,,,0.5,0.0,0.5,2.0,2.0,2.0,2.0,0.0,0.0,4,4.0,4.0,4.0,0.0,0.0
148,Qwen2.5-7B-Instruct,,Medium,,,0.25,0.0,0.75,1.0,1.0,1.0,1.0,0.0,0.0,4,4.0,4.0,4.0,0.0,0.0
149,Meta-Llama-3.1-8B-Instruct,,Low,,,0.75,0.125,0.25,3.0,3.0,3.0,3.0,0.0,1.0,4,4.0,4.0,4.0,0.0,0.0
149,Qwen2.5-7B-Instruct,,Low,,,0.25,0.125,0.75,1.0,1.0,1.0,1.0,0.0,1.0,4,4.0,4.0,4.0,0.0,0.0
149,Qalb-1.0-8B-Instruct,,Low,,,0.75,0.125,0.25,3.0,3.0,3.0,3.0,0.0,1.0,4,4.0,4.0,4.0,0.0,0.0
150,Qwen2.5-7B-Instruct,,High,,,0.5625,0.0,0.4375,2.0,2.0,2.0,2.0,0.0,0.0,4,3.0,4.0,4.0,0.0,0.0
150,Qalb-1.0-8B-Instruct,,High,,,0.8125,0.0,0.1875,3.0,3.0,3.0,3.0,0.0,0.0,4,3.0,4.0,4.0,0.0,0.0
150,Meta-Llama-3.1-8B-Instruct,,High,,,0.5625,0.0,0.4375,2.0,2.0,2.0,2.0,0.0,0.0,4,3.0,4.0,4.0,0.0,0.0
151,Qwen2.5-7B-Instruct,,High,,,0.5,0.125,0.5,2.0,2.0,2.0,2.0,0.0,1.0,4,4.0,4.0,4.0,0.0,0.0
151,Qalb-1.0-8B-Instruct,,High,,,0.5,0.125,0.5,2.0,2.0,2.0,2.0,0.0,1.0,4,4.0,4.0,4.0,0.0,0.0
151,Meta-Llama-3.1-8B-Instruct,,High,,,0.4375,0.125,0.5625,2.0,1.0,2.0,2.0,0.0,1.0,4,4.0,4.0,4.0,0.0,0.0
152,Qalb-1.0-8B-Instruct,,High,,,0.5,0.125,0.5,2.0,2.0,2.0,2.0,0.0,1.0,4,4.0,4.0,4.0,0.0,0.0
152,Qwen2.5-7B-Instruct,,High,,,0.5,0.125,0.5,2.0,2.0,2.0,2.0,0.0,1.0,4,4.0,4.0,4.0,0.0,0.0
152,Meta-Llama-3.1-8B-Instruct,,High,,,0.5,0.0,0.5,2.0,2.0,2.0,2.0,0.0,0.0,4,4.0,4.0,4.0,0.0,0.0
153,Meta-Llama-3.1-8B-Instruct,,High,,,0.5,0.125,0.5,2.0,2.0,2.0,2.0,0.0,1.0,4,4.0,4.0,4.0,0.0,0.0
153,Qalb-1.0-8B-Instruct,,High,,,0.5,0.125,0.5,2.0,2.0,2.0,2.0,0.0,1.0,4,4.0,4.0,4.0,0.0,0.0
153,Qwen2.5-7B-Instruct,,High,,,0.25,0.125,0.75,1.0,1.0,1.0,1.0,0.0,1.0,4,4.0,4.0,4.0,0.0,0.0
154,Qalb-1.0-8B-Instruct,,Medium,,,0.75,0.125,0.25,3.0,3.0,3.0,2.0,0.0,1.0,4,3.0,4.0,4.0,0.0,0.0
154,Qwen2.5-7B-Instruct,,Medium,,,0.5625,0.125,0.4375,2.0,2.0,2.0,2.0,0.0,1.0,4,3.0,4.0,4.0,0.0,0.0
154,Meta-Llama-3.1-8B-Instruct,,Medium,,,0.5625,0.125,0.4375,2.0,2.0,2.0,2.0,0.0,1.0,4,3.0,4.0,4.0,0.0,0.0
155,Qalb-1.0-8B-Instruct,,Low,,,0.25,0.0,0.75,1.0,1.0,1.0,1.0,0.0,0.0,4,4.0,4.0,4.0,0.0,0.0
155,Qwen2.5-7B-Instruct,,Low,,,0.5,0.125,0.5,2.0,2.0,2.0,2.0,0.0,1.0,4,4.0,4.0,4.0,0.0,0.0
155,Meta-Llama-3.1-8B-Instruct,,Low,,,0.25,0.125,0.75,1.0,1.0,1.0,1.0,0.0,1.0,4,4.0,4.0,4.0,0.0,0.0
156,Qalb-1.0-8B-Instruct,,Low,,,0.25,0.0,0.75,1.0,1.0,1.0,1.0,0.0,0.0,4,4.0,4.0,4.0,0.0,0.0
156,Qwen2.5-7B-Instruct,,Low,,,0.0,0.125,1.0,0.0,0.0,0.0,0.0,0.0,1.0,4,4.0,4.0,4.0,0.0,0.0
156,Meta-Llama-3.1-8B-Instruct,,Low,,,0.25,0.125,0.75,1.0,1.0,1.0,1.0,0.0,1.0,4,4.0,4.0,4.0,0.0,0.0
157,Qalb-1.0-8B-Instruct,,High,,,0.5,0.125,0.5,2.0,2.0,2.0,2.0,0.0,1.0,4,4.0,4.0,4.0,0.0,0.0
157,Meta-Llama-3.1-8B-Instruct,,High,,,0.5,0.125,0.5,2.0,2.0,2.0,2.0,0.0,1.0,4,4.0,4.0,4.0,0.0,0.0
157,Qwen2.5-7B-Instruct,,High,,,0.5,0.0,0.5,2.0,2.0,2.0,2.0,0.0,0.0,4,4.0,4.0,4.0,0.0,0.0
158,Qalb-1.0-8B-Instruct,,High,,,0.25,0.125,0.75,1.0,1.0,1.0,1.0,0.0,1.0,4,4.0,4.0,4.0,0.0,0.0
158,Meta-Llama-3.1-8B-Instruct,,High,,,0.25,0.125,0.75,1.0,1.0,1.0,1.0,0.0,1.0,4,4.0,4.0,4.0,0.0,0.0
158,Qwen2.5-7B-Instruct,,High,,,0.5,0.0,0.5,2.0,2.0,2.0,2.0,0.0,0.0,4,4.0,4.0,4.0,0.0,0.0
159,Qwen2.5-7B-Instruct,,High,,,0.5,0.125,0.5,2.0,2.0,2.0,2.0,0.0,1.0,4,4.0,4.0,4.0,0.0,0.0
159,Meta-Llama-3.1-8B-Instruct,,High,,,0.25,0.125,0.75,1.0,1.0,1.0,1.0,0.0,1.0,4,4.0,4.0,4.0,0.0,0.0
159,Qalb-1.0-8B-Instruct,,High,,,0.5,0.125,0.5,2.0,2.0,2.0,2.0,0.0,1.0,4,4.0,4.0,4.0,0.0,0.0
160,Qalb-1.0-8B-Instruct,,Medium,,,0.5625,0.0,0.4375,2.0,2.0,2.0,2.0,0.0,0.0,3,4.0,4.0,4.0,0.0,0.0
160,Qwen2.5-7B-Instruct,,Medium,,,0.75,0.0,0.25,3.0,2.0,3.0,3.0,0.0,0.0,3,4.0,4.0,4.0,0.0,0.0
160,Meta-Llama-3.1-8B-Instruct,,Medium,,,0.3125,0.125,0.6875,1.0,1.0,1.0,1.0,0.0,1.0,3,4.0,4.0,4.0,0.0,0.0
161,Qwen2.5-7B-Instruct,,Low,,,0.25,0.0,0.75,1.0,1.0,1.0,1.0,0.0,0.0,4,4.0,4.0,4.0,0.0,0.0
161,Meta-Llama-3.1-8B-Instruct,,Low,,,0.25,0.0,0.75,1.0,1.0,1.0,1.0,0.0,0.0,4,4.0,4.0,4.0,0.0,0.0
161,Qalb-1.0-8B-Instruct,,Low,,,0.25,0.0,0.75,1.0,1.0,1.0,1.0,0.0,0.0,4,4.0,4.0,4.0,0.0,0.0
162,Meta-Llama-3.1-8B-Instruct,,High,,,0.3125,0.125,0.6875,1.0,1.0,1.0,1.0,0.0,1.0,4,3.0,4.0,4.0,0.0,0.0
162,Qwen2.5-7B-Instruct,,High,,,0.25,0.125,0.75,1.0,1.0,1.0,0.0,0.0,1.0,4,3.0,4.0,4.0,0.0,0.0
162,Qalb-1.0-8B-Instruct,,High,,,0.25,0.125,0.75,1.0,1.0,1.0,0.0,0.0,1.0,4,3.0,4.0,4.0,0.0,0.0
163,Meta-Llama-3.1-8B-Instruct,,High,,,0.75,0.125,0.25,3.0,3.0,3.0,3.0,0.0,1.0,4,4.0,4.0,4.0,0.0,0.0
163,Qalb-1.0-8B-Instruct,,High,,,1.0,0.125,0.0,4.0,4.0,4.0,4.0,0.0,1.0,4,4.0,4.0,4.0,0.0,0.0
163,Qwen2.5-7B-Instruct,,High,,,0.75,0.125,0.25,3.0,3.0,3.0,3.0,0.0,1.0,4,4.0,4.0,4.0,0.0,0.0
164,Qwen2.5-7B-Instruct,,Low,,,0.25,0.0,0.75,1.0,1.0,1.0,1.0,0.0,0.0,4,4.0,4.0,4.0,0.0,0.0
164,Meta-Llama-3.1-8B-Instruct,,Low,,,0.5,0.125,0.5,2.0,2.0,2.0,2.0,0.0,1.0,4,4.0,4.0,4.0,0.0,0.0
164,Qalb-1.0-8B-Instruct,,Low,,,0.75,0.0,0.25,3.0,3.0,3.0,3.0,0.0,0.0,4,4.0,4.0,4.0,0.0,0.0
165,Qalb-1.0-8B-Instruct,,High,,,0.5625,0.125,0.4375,2.0,2.0,2.0,2.0,0.0,1.0,4,3.0,4.0,4.0,0.0,0.0
165,Meta-Llama-3.1-8B-Instruct,,High,,,0.5625,0.125,0.4375,2.0,2.0,2.0,2.0,0.0,1.0,4,3.0,4.0,4.0,0.0,0.0
165,Qwen2.5-7B-Instruct,,High,,,0.3125,0.0,0.6875,1.0,1.0,1.0,1.0,0.0,0.0,4,3.0,4.0,4.0,0.0,0.0
166,Meta-Llama-3.1-8B-Instruct,,Low,,,0.5,0.125,0.5,2.0,2.0,2.0,2.0,0.0,1.0,4,4.0,4.0,4.0,0.0,0.0
166,Qalb-1.0-8B-Instruct,,Low,,,0.5,0.125,0.5,2.0,2.0,2.0,2.0,0.0,1.0,4,4.0,4.0,4.0,0.0,0.0
166,Qwen2.5-7B-Instruct,,Low,,,0.25,0.0,0.75,1.0,1.0,1.0,1.0,0.0,0.0,4,4.0,4.0,4.0,0.0,0.0
167,Qwen2.5-7B-Instruct,,Low,,,0.4375,0.0,0.5625,2.0,2.0,2.0,1.0,0.0,0.0,4,4.0,4.0,4.0,0.0,0.0
167,Qalb-1.0-8B-Instruct,,Low,,,0.5,0.125,0.5,2.0,2.0,2.0,2.0,0.0,1.0,4,4.0,4.0,4.0,0.0,0.0
167,Meta-Llama-3.1-8B-Instruct,,Low,,,0.0,0.125,1.0,0.0,0.0,0.0,0.0,0.0,1.0,4,4.0,4.0,4.0,0.0,0.0
168,Meta-Llama-3.1-8B-Instruct,,Medium,,,0.4375,0.0,0.5625,2.0,2.0,2.0,1.0,0.0,0.0,4,4.0,4.0,4.0,0.0,0.0
168,Qalb-1.0-8B-Instruct,,Medium,,,0.75,0.0,0.25,3.0,3.0,3.0,3.0,0.0,0.0,4,4.0,4.0,4.0,0.0,0.0
168,Qwen2.5-7B-Instruct,,Medium,,,0.75,0.0,0.25,3.0,3.0,3.0,3.0,0.0,0.0,4,4.0,4.0,4.0,0.0,0.0
169,Qwen2.5-7B-Instruct,,High,,,0.5,0.125,0.5,2.0,2.0,2.0,2.0,0.0,1.0,4,4.0,4.0,4.0,0.0,0.0
169,Meta-Llama-3.1-8B-Instruct,,High,,,0.5,0.125,0.5,2.0,2.0,2.0,2.0,0.0,1.0,4,4.0,4.0,4.0,0.0,0.0
169,Qalb-1.0-8B-Instruct,,High,,,0.5,0.125,0.5,2.0,2.0,2.0,2.0,0.0,1.0,4,4.0,4.0,4.0,0.0,0.0
170,Qwen2.5-7B-Instruct,,High,,,0.5,0.125,0.5,2.0,2.0,2.0,2.0,0.0,1.0,4,4.0,4.0,4.0,0.0,0.0
170,Qalb-1.0-8B-Instruct,,High,,,0.25,0.125,0.75,1.0,1.0,1.0,1.0,0.0,1.0,4,4.0,4.0,4.0,0.0,0.0
170,Meta-Llama-3.1-8B-Instruct,,High,,,0.0,0.125,1.0,0.0,0.0,0.0,0.0,0.0,1.0,4,4.0,4.0,4.0,0.0,0.0
171,Qalb-1.0-8B-Instruct,,Low,,,0.25,0.0,0.75,1.0,1.0,1.0,1.0,0.0,0.0,4,4.0,4.0,4.0,0.0,0.0
171,Qwen2.5-7B-Instruct,,Low,,,0.5,0.0,0.5,2.0,2.0,2.0,2.0,0.0,0.0,4,4.0,4.0,4.0,0.0,0.0
171,Meta-Llama-3.1-8B-Instruct,,Low,,,0.25,0.125,0.75,1.0,1.0,1.0,1.0,0.0,1.0,4,4.0,4.0,4.0,0.0,0.0
172,Meta-Llama-3.1-8B-Instruct,,Low,,,0.5,0.125,0.5,2.0,2.0,2.0,2.0,0.0,1.0,4,4.0,4.0,4.0,0.0,0.0
172,Qwen2.5-7B-Instruct,,Low,,,0.5,0.0,0.5,2.0,2.0,2.0,2.0,0.0,0.0,4,4.0,4.0,4.0,0.0,0.0
172,Qalb-1.0-8B-Instruct,,Low,,,0.25,0.0,0.75,1.0,1.0,1.0,1.0,0.0,0.0,4,4.0,4.0,4.0,0.0,0.0
173,Qalb-1.0-8B-Instruct,,High,,,0.75,0.0,0.25,3.0,3.0,3.0,3.0,0.0,0.0,4,4.0,4.0,4.0,0.0,0.0
173,Qwen2.5-7B-Instruct,,High,,,0.5,0.125,0.5,2.0,2.0,2.0,2.0,0.0,1.0,4,4.0,4.0,4.0,0.0,0.0
173,Meta-Llama-3.1-8B-Instruct,,High,,,0.75,0.0,0.25,3.0,3.0,3.0,3.0,0.0,0.0,4,4.0,4.0,4.0,0.0,0.0
174,Qwen2.5-7B-Instruct,,High,,,0.5,0.0,0.5,2.0,2.0,2.0,2.0,0.0,0.0,4,4.0,4.0,4.0,0.0,0.0
174,Meta-Llama-3.1-8B-Instruct,,High,,,0.75,0.125,0.25,3.0,3.0,3.0,3.0,0.0,1.0,4,4.0,4.0,4.0,0.0,0.0
174,Qalb-1.0-8B-Instruct,,High,,,0.5,0.125,0.5,2.0,2.0,2.0,2.0,0.0,1.0,4,4.0,4.0,4.0,0.0,0.0
175,Qalb-1.0-8B-Instruct,,Low,,,0.25,0.125,0.75,1.0,1.0,1.0,1.0,0.0,1.0,4,4.0,4.0,4.0,0.0,0.0
175,Qwen2.5-7B-Instruct,,Low,,,0.5,0.125,0.5,2.0,2.0,2.0,2.0,0.0,1.0,4,4.0,4.0,4.0,0.0,0.0
175,Meta-Llama-3.1-8B-Instruct,,Low,,,0.25,0.0,0.75,1.0,1.0,1.0,1.0,0.0,0.0,4,4.0,4.0,4.0,0.0,0.0
176,Meta-Llama-3.1-8B-Instruct,,Medium,,,0.5,0.0,0.5,2.0,2.0,2.0,2.0,0.0,0.0,4,4.0,4.0,4.0,0.0,0.0
176,Qwen2.5-7B-Instruct,,Medium,,,0.25,0.0,0.75,1.0,1.0,1.0,1.0,0.0,0.0,4,4.0,4.0,4.0,0.0,0.0
176,Qalb-1.0-8B-Instruct,,Medium,,,0.75,0.0,0.25,3.0,3.0,3.0,3.0,0.0,0.0,4,4.0,4.0,4.0,0.0,0.0
177,Qalb-1.0-8B-Instruct,,Low,,,0.25,0.0,0.75,1.0,1.0,1.0,1.0,0.0,0.0,4,4.0,4.0,4.0,0.0,0.0
177,Qwen2.5-7B-Instruct,,Low,,,0.25,0.125,0.75,1.0,1.0,1.0,1.0,0.0,1.0,4,4.0,4.0,4.0,0.0,0.0
177,Meta-Llama-3.1-8B-Instruct,,Low,,,0.75,0.125,0.25,3.0,3.0,3.0,3.0,0.0,1.0,4,4.0,4.0,4.0,0.0,0.0
178,Qalb-1.0-8B-Instruct,,High,,,0.5,0.125,0.5,2.0,2.0,2.0,2.0,0.0,1.0,4,4.0,4.0,4.0,0.0,0.0
178,Qwen2.5-7B-Instruct,,High,,,0.5,0.125,0.5,2.0,2.0,2.0,2.0,0.0,1.0,4,4.0,4.0,4.0,0.0,0.0
178,Meta-Llama-3.1-8B-Instruct,,High,,,0.5,0.0,0.5,2.0,2.0,2.0,2.0,0.0,0.0,4,4.0,4.0,4.0,0.0,0.0
179,Qalb-1.0-8B-Instruct,,Low,,,0.5625,0.125,0.4375,2.0,2.0,2.0,2.0,0.0,1.0,4,3.0,4.0,4.0,0.0,0.0
179,Qwen2.5-7B-Instruct,,Low,,,0.3125,0.125,0.6875,1.0,1.0,1.0,1.0,0.0,1.0,4,3.0,4.0,4.0,0.0,0.0
179,Meta-Llama-3.1-8B-Instruct,,Low,,,0.5625,0.125,0.4375,2.0,2.0,2.0,2.0,0.0,1.0,4,3.0,4.0,4.0,0.0,0.0
180,Qalb-1.0-8B-Instruct,,Medium,,,0.5625,0.0,0.4375,2.0,2.0,2.0,2.0,0.0,0.0,3,4.0,4.0,4.0,0.0,0.0
180,Meta-Llama-3.1-8B-Instruct,,Medium,,,0.3125,0.0,0.6875,1.0,1.0,1.0,1.0,0.0,0.0,3,4.0,4.0,4.0,0.0,0.0
180,Qwen2.5-7B-Instruct,,Medium,,,0.25,0.0,0.75,1.0,1.0,1.0,0.0,0.0,0.0,3,4.0,4.0,4.0,0.0,0.0
181,Qwen2.5-7B-Instruct,,Medium,,,0.5,0.0,0.5,2.0,2.0,2.0,2.0,0.0,0.0,4,4.0,4.0,4.0,0.0,0.0
181,Qalb-1.0-8B-Instruct,,Medium,,,0.75,0.0,0.25,3.0,3.0,3.0,3.0,0.0,0.0,4,4.0,4.0,4.0,0.0,0.0
181,Meta-Llama-3.1-8B-Instruct,,Medium,,,0.75,0.125,0.25,3.0,3.0,3.0,3.0,0.0,1.0,4,4.0,4.0,4.0,0.0,0.0
182,Meta-Llama-3.1-8B-Instruct,,High,,,0.5,0.0,0.5,2.0,2.0,2.0,2.0,0.0,0.0,4,4.0,4.0,4.0,0.0,0.0
182,Qalb-1.0-8B-Instruct,,High,,,1.0,0.0,0.0,4.0,4.0,4.0,4.0,0.0,0.0,4,4.0,4.0,4.0,0.0,0.0
182,Qwen2.5-7B-Instruct,,High,,,0.5,0.125,0.5,2.0,2.0,2.0,2.0,0.0,1.0,4,4.0,4.0,4.0,0.0,0.0
183,Qalb-1.0-8B-Instruct,,High,,,0.5,0.125,0.5,2.0,2.0,2.0,2.0,0.0,1.0,4,4.0,4.0,4.0,0.0,0.0
183,Meta-Llama-3.1-8B-Instruct,,High,,,0.5,0.125,0.5,2.0,2.0,2.0,2.0,0.0,1.0,4,4.0,4.0,4.0,0.0,0.0
183,Qwen2.5-7B-Instruct,,High,,,0.25,0.125,0.75,1.0,1.0,1.0,1.0,0.0,1.0,4,4.0,4.0,4.0,0.0,0.0
184,Meta-Llama-3.1-8B-Instruct,,High,,,0.25,0.125,0.75,1.0,1.0,1.0,1.0,0.0,1.0,4,4.0,4.0,4.0,0.0,0.0
184,Qalb-1.0-8B-Instruct,,High,,,0.25,0.125,0.75,1.0,1.0,1.0,1.0,0.0,1.0,4,4.0,4.0,4.0,0.0,0.0
184,Qwen2.5-7B-Instruct,,High,,,0.25,0.0,0.75,1.0,1.0,1.0,1.0,0.0,0.0,4,4.0,4.0,4.0,0.0,0.0
185,Qalb-1.0-8B-Instruct,,Low,,,0.5,0.125,0.5,2.0,2.0,2.0,2.0,0.0,1.0,4,4.0,4.0,4.0,0.0,0.0
185,Qwen2.5-7B-Instruct,,Low,,,0.25,0.125,0.75,1.0,1.0,1.0,1.0,0.0,1.0,4,4.0,4.0,4.0,0.0,0.0
185,Meta-Llama-3.1-8B-Instruct,,Low,,,0.25,0.0,0.75,1.0,1.0,1.0,1.0,0.0,0.0,4,4.0,4.0,4.0,0.0,0.0
186,Meta-Llama-3.1-8B-Instruct,,Low,,,0.5,0.0,0.5,2.0,2.0,2.0,2.0,0.0,0.0,4,4.0,4.0,4.0,0.0,0.0
186,Qwen2.5-7B-Instruct,,Low,,,0.0,0.0,1.0,0.0,0.0,0.0,0.0,0.0,0.0,4,4.0,4.0,4.0,0.0,0.0
186,Qalb-1.0-8B-Instruct,,Low,,,0.25,0.125,0.75,1.0,1.0,1.0,1.0,0.0,1.0,4,4.0,4.0,4.0,0.0,0.0
187,Meta-Llama-3.1-8B-Instruct,,Medium,,,0.5,0.125,0.5,2.0,2.0,2.0,2.0,0.0,1.0,4,4.0,4.0,4.0,0.0,0.0
187,Qwen2.5-7B-Instruct,,Medium,,,0.25,0.125,0.75,1.0,1.0,1.0,1.0,0.0,1.0,4,4.0,4.0,4.0,0.0,0.0
187,Qalb-1.0-8B-Instruct,,Medium,,,0.5,0.0,0.5,2.0,2.0,2.0,2.0,0.0,0.0,4,4.0,4.0,4.0,0.0,0.0
188,Meta-Llama-3.1-8B-Instruct,,High,,,0.75,0.0,0.25,3.0,3.0,3.0,3.0,0.0,0.0,4,4.0,4.0,4.0,0.0,0.0
188,Qalb-1.0-8B-Instruct,,High,,,0.75,0.0,0.25,3.0,3.0,3.0,3.0,0.0,0.0,4,4.0,4.0,4.0,0.0,0.0
188,Qwen2.5-7B-Instruct,,High,,,0.1875,0.0,0.8125,1.0,1.0,1.0,0.0,0.0,0.0,4,4.0,4.0,4.0,0.0,0.0
189,Meta-Llama-3.1-8B-Instruct,,Medium,,,0.75,0.0,0.25,3.0,3.0,3.0,3.0,0.0,0.0,4,4.0,4.0,4.0,0.0,0.0
189,Qwen2.5-7B-Instruct,,Medium,,,0.25,0.0,0.75,1.0,1.0,1.0,1.0,0.0,0.0,4,4.0,4.0,4.0,0.0,0.0
189,Qalb-1.0-8B-Instruct,,Medium,,,0.75,0.0,0.25,3.0,3.0,3.0,3.0,0.0,0.0,4,4.0,4.0,4.0,0.0,0.0
190,Qwen2.5-7B-Instruct,,Low,,,0.25,0.125,0.75,1.0,1.0,1.0,1.0,0.0,1.0,4,4.0,4.0,4.0,0.0,0.0
190,Meta-Llama-3.1-8B-Instruct,,Low,,,0.5,0.125,0.5,2.0,2.0,2.0,2.0,0.0,1.0,4,4.0,4.0,4.0,0.0,0.0
190,Qalb-1.0-8B-Instruct,,Low,,,0.75,0.0,0.25,3.0,3.0,3.0,3.0,0.0,0.0,4,4.0,4.0,4.0,0.0,0.0
191,Qalb-1.0-8B-Instruct,,Medium,,,0.5,0.125,0.5,2.0,2.0,2.0,2.0,0.0,1.0,4,4.0,4.0,4.0,0.0,0.0
191,Meta-Llama-3.1-8B-Instruct,,Medium,,,0.25,0.0,0.75,1.0,1.0,1.0,1.0,0.0,0.0,4,4.0,4.0,4.0,0.0,0.0
191,Qwen2.5-7B-Instruct,,Medium,,,0.25,0.0,0.75,1.0,1.0,1.0,1.0,0.0,0.0,4,4.0,4.0,4.0,0.0,0.0
192,Qalb-1.0-8B-Instruct,,High,,,0.5,0.125,0.5,2.0,2.0,2.0,2.0,0.0,1.0,4,4.0,4.0,4.0,0.0,0.0
192,Qwen2.5-7B-Instruct,,High,,,0.25,0.125,0.75,1.0,1.0,1.0,1.0,0.0,1.0,4,4.0,4.0,4.0,0.0,0.0
192,Meta-Llama-3.1-8B-Instruct,,High,,,0.5,0.125,0.5,2.0,2.0,2.0,2.0,0.0,1.0,4,4.0,4.0,4.0,0.0,0.0
193,Qwen2.5-7B-Instruct,,Low,,,0.3125,0.125,0.6875,1.0,1.0,1.0,1.0,0.0,1.0,4,3.0,4.0,4.0,0.0,0.0
193,Meta-Llama-3.1-8B-Instruct,,Low,,,0.5625,0.0,0.4375,2.0,2.0,2.0,2.0,0.0,0.0,4,3.0,4.0,4.0,0.0,0.0
193,Qalb-1.0-8B-Instruct,,Low,,,0.8125,0.0,0.1875,3.0,3.0,3.0,3.0,0.0,0.0,4,3.0,4.0,4.0,0.0,0.0
194,Qalb-1.0-8B-Instruct,,High,,,0.1875,0.125,0.8125,1.0,1.0,1.0,0.0,0.0,1.0,4,4.0,4.0,4.0,0.0,0.0
194,Qwen2.5-7B-Instruct,,High,,,0.25,0.125,0.75,1.0,1.0,1.0,1.0,0.0,1.0,4,4.0,4.0,4.0,0.0,0.0
194,Meta-Llama-3.1-8B-Instruct,,High,,,0.25,0.125,0.75,1.0,1.0,1.0,1.0,0.0,1.0,4,4.0,4.0,4.0,0.0,0.0
195,Meta-Llama-3.1-8B-Instruct,,Medium,,,0.5,0.0,0.5,2.0,2.0,2.0,2.0,0.0,0.0,4,4.0,4.0,4.0,0.0,0.0
195,Qwen2.5-7B-Instruct,,Medium,,,0.5,0.0,0.5,2.0,2.0,2.0,2.0,0.0,0.0,4,4.0,4.0,4.0,0.0,0.0
195,Qalb-1.0-8B-Instruct,,Medium,,,0.75,0.125,0.25,3.0,3.0,3.0,3.0,0.0,1.0,4,4.0,4.0,4.0,0.0,0.0
196,Qalb-1.0-8B-Instruct,,Low,,,0.75,0.0,0.25,3.0,3.0,3.0,3.0,0.0,0.0,4,4.0,4.0,4.0,0.0,0.0
196,Qwen2.5-7B-Instruct,,Low,,,0.5,0.0,0.5,2.0,2.0,2.0,2.0,0.0,0.0,4,4.0,4.0,4.0,0.0,0.0
196,Meta-Llama-3.1-8B-Instruct,,Low,,,0.75,0.125,0.25,3.0,3.0,3.0,3.0,0.0,1.0,4,4.0,4.0,4.0,0.0,0.0
197,Qalb-1.0-8B-Instruct,,Low,,,0.75,0.0,0.25,3.0,3.0,3.0,3.0,0.0,0.0,4,4.0,4.0,4.0,0.0,0.0
197,Qwen2.5-7B-Instruct,,Low,,,0.5,0.0,0.5,2.0,2.0,2.0,2.0,0.0,0.0,4,4.0,4.0,4.0,0.0,0.0
197,Meta-Llama-3.1-8B-Instruct,,Low,,,0.5,0.125,0.5,2.0,2.0,2.0,2.0,0.0,1.0,4,4.0,4.0,4.0,0.0,0.0
198,Qalb-1.0-8B-Instruct,,High,,,0.75,0.125,0.25,3.0,3.0,3.0,3.0,0.0,1.0,4,4.0,4.0,4.0,0.0,0.0
198,Qwen2.5-7B-Instruct,,High,,,0.25,0.0,0.75,1.0,1.0,1.0,1.0,0.0,0.0,4,4.0,4.0,4.0,0.0,0.0
198,Meta-Llama-3.1-8B-Instruct,,High,,,0.75,0.0,0.25,3.0,3.0,3.0,3.0,0.0,0.0,4,4.0,4.0,4.0,0.0,0.0
199,Qwen2.5-7B-Instruct,,High,,,0.5,0.125,0.5,2.0,2.0,2.0,2.0,0.0,1.0,4,4.0,4.0,4.0,0.0,0.0
199,Meta-Llama-3.1-8B-Instruct,,High,,,0.75,0.125,0.25,3.0,3.0,3.0,3.0,0.0,1.0,4,4.0,4.0,4.0,0.0,0.0
199,Qalb-1.0-8B-Instruct,,High,,,0.75,0.0,0.25,3.0,3.0,3.0,3.0,0.0,0.0,4,4.0,4.0,4.0,0.0,0.0
200,Meta-Llama-3.1-8B-Instruct,,High,,,0.75,0.125,0.25,3.0,3.0,3.0,3.0,0.0,1.0,4,4.0,4.0,4.0,0.0,0.0
200,Qwen2.5-7B-Instruct,,High,,,0.5,0.125,0.5,2.0,2.0,2.0,2.0,0.0,1.0,4,4.0,4.0,4.0,0.0,0.0
200,Qalb-1.0-8B-Instruct,,High,,,0.75,0.0,0.25,3.0,3.0,3.0,3.0,0.0,0.0,4,4.0,4.0,4.0,0.0,0.0
201,Qwen2.5-7B-Instruct,,Medium,,,0.5,0.0,0.5,2.0,2.0,2.0,2.0,0.0,0.0,4,4.0,4.0,4.0,0.0,0.0
201,Meta-Llama-3.1-8B-Instruct,,Medium,,,0.75,0.0,0.25,3.0,3.0,3.0,3.0,0.0,0.0,4,4.0,4.0,4.0,0.0,0.0
201,Qalb-1.0-8B-Instruct,,Medium,,,0.75,0.0,0.25,3.0,3.0,3.0,3.0,0.0,0.0,4,4.0,4.0,4.0,0.0,0.0
202,Meta-Llama-3.1-8B-Instruct,,Medium,,,0.5625,0.125,0.4375,2.0,2.0,2.0,2.0,0.0,1.0,4,3.0,4.0,4.0,0.0,0.0
202,Qwen2.5-7B-Instruct,,Medium,,,0.3125,0.0,0.6875,1.0,1.0,1.0,1.0,0.0,0.0,4,3.0,4.0,4.0,0.0,0.0
202,Qalb-1.0-8B-Instruct,,Medium,,,0.9375,0.0,0.0625,4.0,4.0,4.0,4.0,0.0,0.0,4,3.0,4.0,4.0,0.0,0.0
203,Meta-Llama-3.1-8B-Instruct,,Low,,,0.5,0.0,0.5,2.0,2.0,2.0,2.0,0.0,0.0,4,4.0,4.0,4.0,0.0,0.0
203,Qalb-1.0-8B-Instruct,,Low,,,0.25,0.0,0.75,1.0,1.0,1.0,1.0,0.0,0.0,4,4.0,4.0,4.0,0.0,0.0
203,Qwen2.5-7B-Instruct,,Low,,,0.25,0.0,0.75,1.0,1.0,1.0,1.0,0.0,0.0,4,4.0,4.0,4.0,0.0,0.0
204,Qalb-1.0-8B-Instruct,,High,,,0.8125,0.0,0.1875,3.0,3.0,3.0,3.0,0.0,0.0,4,3.0,4.0,4.0,0.0,0.0
204,Qwen2.5-7B-Instruct,,High,,,0.3125,0.0,0.6875,1.0,1.0,1.0,1.0,0.0,0.0,4,3.0,4.0,4.0,0.0,0.0
204,Meta-Llama-3.1-8B-Instruct,,High,,,0.8125,0.125,0.1875,3.0,3.0,3.0,3.0,0.0,1.0,4,3.0,4.0,4.0,0.0,0.0
205,Qalb-1.0-8B-Instruct,,High,,,0.75,0.125,0.25,3.0,3.0,3.0,3.0,0.0,1.0,4,4.0,4.0,4.0,0.0,0.0
205,Qwen2.5-7B-Instruct,,High,,,0.4375,0.125,0.5625,2.0,2.0,2.0,1.0,0.0,1.0,4,4.0,4.0,4.0,0.0,0.0
205,Meta-Llama-3.1-8B-Instruct,,High,,,0.75,0.125,0.25,3.0,3.0,3.0,3.0,0.0,1.0,4,4.0,4.0,4.0,0.0,0.0
206,Meta-Llama-3.1-8B-Instruct,,Low,,,0.3125,0.125,0.6875,1.0,1.0,1.0,1.0,0.0,1.0,4,3.0,4.0,4.0,0.0,0.0
206,Qalb-1.0-8B-Instruct,,Low,,,0.5625,0.0,0.4375,2.0,2.0,2.0,2.0,0.0,0.0,4,3.0,4.0,4.0,0.0,0.0
206,Qwen2.5-7B-Instruct,,Low,,,0.3125,0.0,0.6875,1.0,1.0,1.0,1.0,0.0,0.0,4,3.0,4.0,4.0,0.0,0.0
207,Meta-Llama-3.1-8B-Instruct,,High,,,0.8125,0.125,0.1875,3.0,3.0,3.0,3.0,0.0,1.0,4,3.0,4.0,4.0,0.0,0.0
207,Qwen2.5-7B-Instruct,,High,,,0.5625,0.125,0.4375,2.0,2.0,2.0,2.0,0.0,1.0,4,3.0,4.0,4.0,0.0,0.0
207,Qalb-1.0-8B-Instruct,,High,,,0.5625,0.125,0.4375,2.0,2.0,2.0,2.0,0.0,1.0,4,3.0,4.0,4.0,0.0,0.0
208,Qalb-1.0-8B-Instruct,,Medium,,,0.25,0.0,0.75,1.0,1.0,1.0,1.0,0.0,0.0,4,4.0,4.0,4.0,0.0,0.0
208,Meta-Llama-3.1-8B-Instruct,,Medium,,,0.5,0.0,0.5,2.0,2.0,2.0,2.0,0.0,0.0,4,4.0,4.0,4.0,0.0,0.0
208,Qwen2.5-7B-Instruct,,Medium,,,0.5,0.0,0.5,2.0,2.0,2.0,2.0,0.0,0.0,4,4.0,4.0,4.0,0.0,0.0
209,Meta-Llama-3.1-8B-Instruct,,Low,,,0.5625,0.0,0.4375,2.0,2.0,2.0,2.0,0.0,0.0,4,3.0,4.0,4.0,0.0,0.0
209,Qalb-1.0-8B-Instruct,,Low,,,0.8125,0.0,0.1875,3.0,3.0,3.0,3.0,0.0,0.0,4,3.0,4.0,4.0,0.0,0.0
209,Qwen2.5-7B-Instruct,,Low,,,0.3125,0.0,0.6875,1.0,1.0,1.0,1.0,0.0,0.0,4,3.0,4.0,4.0,0.0,0.0
210,Qalb-1.0-8B-Instruct,,Low,,,0.75,0.125,0.25,3.0,3.0,3.0,3.0,0.0,1.0,4,4.0,4.0,4.0,0.0,0.0
210,Qwen2.5-7B-Instruct,,Low,,,0.25,0.125,0.75,1.0,1.0,1.0,1.0,0.0,1.0,4,4.0,4.0,4.0,0.0,0.0
210,Meta-Llama-3.1-8B-Instruct,,Low,,,0.5,0.0,0.5,2.0,2.0,2.0,2.0,0.0,0.0,4,4.0,4.0,4.0,0.0,0.0
211,Qwen2.5-7B-Instruct,,High,,,0.75,0.125,0.25,3.0,3.0,3.0,3.0,0.0,1.0,4,4.0,4.0,4.0,0.0,0.0
211,Qalb-1.0-8B-Instruct,,High,,,0.75,0.125,0.25,3.0,3.0,3.0,3.0,0.0,1.0,4,4.0,4.0,4.0,0.0,0.0
211,Meta-Llama-3.1-8B-Instruct,,High,,,0.75,0.125,0.25,3.0,3.0,3.0,3.0,0.0,1.0,4,4.0,4.0,4.0,0.0,0.0
212,Qwen2.5-7B-Instruct,,High,,,0.25,0.125,0.75,1.0,1.0,1.0,1.0,0.0,1.0,4,4.0,4.0,4.0,0.0,0.0
212,Meta-Llama-3.1-8B-Instruct,,High,,,0.75,0.125,0.25,3.0,3.0,3.0,3.0,0.0,1.0,4,4.0,4.0,4.0,0.0,0.0
212,Qalb-1.0-8B-Instruct,,High,,,1.0,0.125,0.0,4.0,4.0,4.0,4.0,0.0,1.0,4,4.0,4.0,4.0,0.0,0.0
213,Qwen2.5-7B-Instruct,,Medium,,,0.25,0.125,0.75,1.0,1.0,1.0,1.0,0.0,1.0,4,4.0,4.0,4.0,0.0,0.0
213,Meta-Llama-3.1-8B-Instruct,,Medium,,,0.75,0.125,0.25,3.0,3.0,3.0,3.0,0.0,1.0,4,4.0,4.0,4.0,0.0,0.0
213,Qalb-1.0-8B-Instruct,,Medium,,,0.75,0.0,0.25,3.0,3.0,3.0,3.0,0.0,0.0,4,4.0,4.0,4.0,0.0,0.0
214,Qwen2.5-7B-Instruct,,High,,,0.75,0.0,0.25,3.0,3.0,3.0,3.0,0.0,0.0,4,4.0,4.0,4.0,0.0,0.0
214,Qalb-1.0-8B-Instruct,,High,,,0.75,0.0,0.25,3.0,3.0,3.0,3.0,0.0,0.0,4,4.0,4.0,4.0,0.0,0.0
214,Meta-Llama-3.1-8B-Instruct,,High,,,0.5,0.0,0.5,2.0,2.0,2.0,2.0,0.0,0.0,4,4.0,4.0,4.0,0.0,0.0
215,Qalb-1.0-8B-Instruct,,Low,,,0.5,0.0,0.5,2.0,2.0,2.0,2.0,0.0,0.0,4,4.0,4.0,4.0,0.0,0.0
215,Meta-Llama-3.1-8B-Instruct,,Low,,,0.5,0.125,0.5,2.0,2.0,2.0,2.0,0.0,1.0,4,4.0,4.0,4.0,0.0,0.0
215,Qwen2.5-7B-Instruct,,Low,,,0.25,0.125,0.75,1.0,1.0,1.0,1.0,0.0,1.0,4,4.0,4.0,4.0,0.0,0.0
216,Meta-Llama-3.1-8B-Instruct,,Low,,,0.375,0.0,0.625,1.0,1.0,1.0,1.0,0.0,0.0,4,3.0,3.0,4.0,0.0,0.0
216,Qwen2.5-7B-Instruct,,Low,,,0.625,0.125,0.375,2.0,2.0,2.0,2.0,0.0,1.0,4,3.0,3.0,4.0,0.0,0.0
216,Qalb-1.0-8B-Instruct,,Low,,,0.875,0.0,0.125,3.0,3.0,3.0,3.0,0.0,0.0,4,3.0,3.0,4.0,0.0,0.0
217,Qwen2.5-7B-Instruct,,High,,,0.25,0.0,0.75,1.0,1.0,1.0,1.0,0.0,0.0,4,4.0,4.0,4.0,0.0,0.0
217,Meta-Llama-3.1-8B-Instruct,,High,,,1.0,0.0,0.0,4.0,4.0,4.0,4.0,0.0,0.0,4,4.0,4.0,4.0,0.0,0.0
217,Qalb-1.0-8B-Instruct,,High,,,1.0,0.0,0.0,4.0,4.0,4.0,4.0,0.0,0.0,4,4.0,4.0,4.0,0.0,0.0
218,Qalb-1.0-8B-Instruct,,High,,,0.75,0.0,0.25,3.0,3.0,3.0,3.0,0.0,0.0,4,4.0,4.0,4.0,0.0,0.0
218,Qwen2.5-7B-Instruct,,High,,,0.25,0.0,0.75,1.0,1.0,1.0,1.0,0.0,0.0,4,4.0,4.0,4.0,0.0,0.0
218,Meta-Llama-3.1-8B-Instruct,,High,,,0.5,0.0,0.5,2.0,2.0,2.0,2.0,0.0,0.0,4,4.0,4.0,4.0,0.0,0.0
219,Qwen2.5-7B-Instruct,,High,,,0.25,0.0,0.75,1.0,1.0,1.0,1.0,0.0,0.0,4,4.0,4.0,4.0,0.0,0.0
219,Qalb-1.0-8B-Instruct,,High,,,0.5,0.125,0.5,2.0,2.0,2.0,2.0,0.0,1.0,4,4.0,4.0,4.0,0.0,0.0
219,Meta-Llama-3.1-8B-Instruct,,High,,,0.5,0.125,0.5,2.0,2.0,2.0,2.0,0.0,1.0,4,4.0,4.0,4.0,0.0,0.0
220,Qalb-1.0-8B-Instruct,,High,,,0.5,0.125,0.5,2.0,2.0,2.0,2.0,0.0,1.0,4,4.0,4.0,4.0,0.0,0.0
220,Qwen2.5-7B-Instruct,,High,,,0.25,0.125,0.75,1.0,1.0,1.0,1.0,0.0,1.0,4,4.0,4.0,4.0,0.0,0.0
220,Meta-Llama-3.1-8B-Instruct,,High,,,0.5,0.125,0.5,2.0,2.0,2.0,2.0,0.0,1.0,4,4.0,4.0,4.0,0.0,0.0
221,Qalb-1.0-8B-Instruct,,High,,,0.5625,0.125,0.4375,2.0,2.0,2.0,2.0,0.0,1.0,4,3.0,4.0,4.0,0.0,0.0
221,Qwen2.5-7B-Instruct,,High,,,0.5625,0.125,0.4375,2.0,2.0,2.0,2.0,0.0,1.0,4,3.0,4.0,4.0,0.0,0.0
221,Meta-Llama-3.1-8B-Instruct,,High,,,0.8125,0.125,0.1875,3.0,3.0,3.0,3.0,0.0,1.0,4,3.0,4.0,4.0,0.0,0.0
222,Qalb-1.0-8B-Instruct,,Low,,,0.8125,0.0,0.1875,3.0,3.0,3.0,3.0,0.0,0.0,4,3.0,4.0,4.0,0.0,0.0
222,Qwen2.5-7B-Instruct,,Low,,,0.5625,0.0,0.4375,2.0,2.0,2.0,2.0,0.0,0.0,4,3.0,4.0,4.0,0.0,0.0
222,Meta-Llama-3.1-8B-Instruct,,Low,,,0.5625,0.0,0.4375,2.0,2.0,2.0,2.0,0.0,0.0,4,3.0,4.0,4.0,0.0,0.0
223,Qalb-1.0-8B-Instruct,,Medium,,,0.5,0.0,0.5,2.0,2.0,2.0,2.0,0.0,0.0,4,4.0,4.0,4.0,0.0,0.0
223,Qwen2.5-7B-Instruct,,Medium,,,0.5,0.0,0.5,2.0,2.0,2.0,2.0,0.0,0.0,4,4.0,4.0,4.0,0.0,0.0
223,Meta-Llama-3.1-8B-Instruct,,Medium,,,0.25,0.0,0.75,1.0,1.0,1.0,1.0,0.0,0.0,4,4.0,4.0,4.0,0.0,0.0
224,Meta-Llama-3.1-8B-Instruct,,Medium,,,1.0,0.0,0.0,4.0,4.0,4.0,4.0,0.0,0.0,4,4.0,4.0,4.0,0.0,0.0
224,Qwen2.5-7B-Instruct,,Medium,,,0.25,0.0,0.75,1.0,1.0,1.0,1.0,0.0,0.0,4,4.0,4.0,4.0,0.0,0.0
224,Qalb-1.0-8B-Instruct,,Medium,,,0.75,0.0,0.25,3.0,3.0,3.0,3.0,0.0,0.0,4,4.0,4.0,4.0,0.0,0.0
225,Qalb-1.0-8B-Instruct,,Medium,,,0.8125,0.125,0.1875,3.0,3.0,3.0,3.0,0.0,1.0,3,4.0,4.0,4.0,0.0,0.0
225,Qwen2.5-7B-Instruct,,Medium,,,0.25,0.125,0.75,1.0,1.0,1.0,0.0,0.0,1.0,3,4.0,4.0,4.0,0.0,0.0
225,Meta-Llama-3.1-8B-Instruct,,Medium,,,0.5625,0.125,0.4375,2.0,2.0,2.0,2.0,0.0,1.0,3,4.0,4.0,4.0,0.0,0.0
226,Qalb-1.0-8B-Instruct,,Low,,,0.5,0.0,0.5,2.0,2.0,2.0,2.0,0.0,0.0,4,4.0,4.0,4.0,0.0,0.0
226,Qwen2.5-7B-Instruct,,Low,,,0.75,0.125,0.25,3.0,3.0,3.0,3.0,0.0,1.0,4,4.0,4.0,4.0,0.0,0.0
226,Meta-Llama-3.1-8B-Instruct,,Low,,,0.5,0.125,0.5,2.0,2.0,2.0,2.0,0.0,1.0,4,4.0,4.0,4.0,0.0,0.0
227,Qwen2.5-7B-Instruct,,Low,,,0.5625,0.0,0.4375,2.0,2.0,2.0,2.0,0.0,0.0,4,3.0,4.0,4.0,0.0,0.0
227,Qalb-1.0-8B-Instruct,,Low,,,0.5625,0.125,0.4375,2.0,2.0,2.0,2.0,0.0,1.0,4,3.0,4.0,4.0,0.0,0.0
227,Meta-Llama-3.1-8B-Instruct,,Low,,,0.5625,0.0,0.4375,2.0,2.0,2.0,2.0,0.0,0.0,4,3.0,4.0,4.0,0.0,0.0
228,Qwen2.5-7B-Instruct,,High,,,0.5,0.125,0.5,2.0,2.0,2.0,2.0,0.0,1.0,4,4.0,4.0,4.0,0.0,0.0
228,Meta-Llama-3.1-8B-Instruct,,High,,,0.5,0.125,0.5,2.0,2.0,2.0,2.0,0.0,1.0,4,4.0,4.0,4.0,0.0,0.0
228,Qalb-1.0-8B-Instruct,,High,,,0.5,0.125,0.5,2.0,2.0,2.0,2.0,0.0,1.0,4,4.0,4.0,4.0,0.0,0.0
229,Qwen2.5-7B-Instruct,,High,,,0.5,0.125,0.5,2.0,2.0,2.0,2.0,0.0,1.0,4,4.0,4.0,4.0,0.0,0.0
229,Meta-Llama-3.1-8B-Instruct,,High,,,0.5,0.125,0.5,2.0,2.0,2.0,2.0,0.0,1.0,4,4.0,4.0,4.0,0.0,0.0
229,Qalb-1.0-8B-Instruct,,High,,,0.75,0.125,0.25,3.0,3.0,3.0,3.0,0.0,1.0,4,4.0,4.0,4.0,0.0,0.0
230,Qalb-1.0-8B-Instruct,,Medium,,,0.5,0.0,0.5,2.0,2.0,2.0,2.0,0.0,0.0,4,4.0,4.0,4.0,0.0,0.0
230,Qwen2.5-7B-Instruct,,Medium,,,0.75,0.125,0.25,3.0,3.0,3.0,3.0,0.0,1.0,4,4.0,4.0,4.0,0.0,0.0
230,Meta-Llama-3.1-8B-Instruct,,Medium,,,1.0,0.0,0.0,4.0,4.0,4.0,4.0,0.0,0.0,4,4.0,4.0,4.0,0.0,0.0
231,Qwen2.5-7B-Instruct,,High,,,0.5,0.0,0.5,2.0,2.0,2.0,2.0,0.0,0.0,4,4.0,4.0,4.0,0.0,0.0
231,Meta-Llama-3.1-8B-Instruct,,High,,,0.5,0.0,0.5,2.0,2.0,2.0,2.0,0.0,0.0,4,4.0,4.0,4.0,0.0,0.0
231,Qalb-1.0-8B-Instruct,,High,,,0.5,0.0,0.5,2.0,2.0,2.0,2.0,0.0,0.0,4,4.0,4.0,4.0,0.0,0.0
232,Qwen2.5-7B-Instruct,,Medium,,,0.5625,0.0,0.4375,2.0,2.0,2.0,2.0,0.0,0.0,4,3.0,4.0,4.0,0.0,0.0
232,Qalb-1.0-8B-Instruct,,Medium,,,0.8125,0.125,0.1875,3.0,3.0,3.0,3.0,0.0,1.0,4,3.0,4.0,4.0,0.0,0.0
232,Meta-Llama-3.1-8B-Instruct,,Medium,,,0.5625,0.0,0.4375,2.0,2.0,2.0,2.0,0.0,0.0,4,3.0,4.0,4.0,0.0,0.0
233,Qwen2.5-7B-Instruct,,Low,,,0.25,0.0,0.75,1.0,1.0,1.0,1.0,0.0,0.0,4,4.0,4.0,4.0,0.0,0.0
233,Qalb-1.0-8B-Instruct,,Low,,,0.75,0.125,0.25,3.0,3.0,3.0,3.0,0.0,1.0,4,4.0,4.0,4.0,0.0,0.0
233,Meta-Llama-3.1-8B-Instruct,,Low,,,0.5,0.125,0.5,2.0,2.0,2.0,2.0,0.0,1.0,4,4.0,4.0,4.0,0.0,0.0
234,Qwen2.5-7B-Instruct,,High,,,0.5625,0.0,0.4375,2.0,2.0,2.0,2.0,0.0,0.0,4,3.0,4.0,4.0,0.0,0.0
234,Qalb-1.0-8B-Instruct,,High,,,0.8125,0.0,0.1875,3.0,3.0,3.0,3.0,0.0,0.0,4,3.0,4.0,4.0,0.0,0.0
234,Meta-Llama-3.1-8B-Instruct,,High,,,0.8125,0.0,0.1875,3.0,3.0,3.0,3.0,0.0,0.0,4,3.0,4.0,4.0,0.0,0.0
235,Meta-Llama-3.1-8B-Instruct,,High,,,1.0,0.125,0.0,4.0,4.0,4.0,4.0,0.0,1.0,4,4.0,4.0,4.0,0.0,0.0
235,Qwen2.5-7B-Instruct,,High,,,0.5,0.125,0.5,2.0,2.0,2.0,2.0,0.0,1.0,4,4.0,4.0,4.0,0.0,0.0
235,Qalb-1.0-8B-Instruct,,High,,,0.75,0.0,0.25,3.0,3.0,3.0,3.0,0.0,0.0,4,4.0,4.0,4.0,0.0,0.0
236,Meta-Llama-3.1-8B-Instruct,,Low,,,0.5,0.125,0.5,2.0,2.0,2.0,2.0,0.0,1.0,4,4.0,4.0,4.0,0.0,0.0
236,Qwen2.5-7B-Instruct,,Low,,,0.75,0.125,0.25,3.0,3.0,3.0,3.0,0.0,1.0,4,4.0,4.0,4.0,0.0,0.0
236,Qalb-1.0-8B-Instruct,,Low,,,0.5,0.125,0.5,2.0,2.0,2.0,2.0,0.0,1.0,4,4.0,4.0,4.0,0.0,0.0
237,Qalb-1.0-8B-Instruct,,Low,,,0.625,0.125,0.375,2.0,2.0,2.0,2.0,0.0,1.0,3,3.0,4.0,4.0,0.0,0.0
237,Qwen2.5-7B-Instruct,,Low,,,0.625,0.125,0.375,2.0,2.0,2.0,2.0,0.0,1.0,3,3.0,4.0,4.0,0.0,0.0
237,Meta-Llama-3.1-8B-Instruct,,Low,,,0.375,0.125,0.625,1.0,1.0,1.0,1.0,0.0,1.0,3,3.0,4.0,4.0,0.0,0.0
238,Meta-Llama-3.1-8B-Instruct,,High,,,0.75,0.0,0.25,3.0,3.0,3.0,3.0,0.0,0.0,4,4.0,4.0,4.0,0.0,0.0
238,Qalb-1.0-8B-Instruct,,High,,,0.5,0.0,0.5,2.0,2.0,2.0,2.0,0.0,0.0,4,4.0,4.0,4.0,0.0,0.0
238,Qwen2.5-7B-Instruct,,High,,,0.5,0.0,0.5,2.0,2.0,2.0,2.0,0.0,0.0,4,4.0,4.0,4.0,0.0,0.0
239,Meta-Llama-3.1-8B-Instruct,,Medium,,,0.5,0.0,0.5,2.0,2.0,2.0,2.0,0.0,0.0,4,4.0,4.0,4.0,0.0,0.0
239,Qwen2.5-7B-Instruct,,Medium,,,0.5,0.0,0.5,2.0,2.0,2.0,2.0,0.0,0.0,4,4.0,4.0,4.0,0.0,0.0
239,Qalb-1.0-8B-Instruct,,Medium,,,0.5,0.0,0.5,2.0,2.0,2.0,2.0,0.0,0.0,4,4.0,4.0,4.0,0.0,0.0
240,Meta-Llama-3.1-8B-Instruct,,Medium,,,0.75,0.125,0.25,3.0,3.0,3.0,3.0,0.0,1.0,4,4.0,4.0,4.0,0.0,0.0
240,Qwen2.5-7B-Instruct,,Medium,,,0.75,0.125,0.25,3.0,3.0,3.0,3.0,0.0,1.0,4,4.0,4.0,4.0,0.0,0.0
240,Qalb-1.0-8B-Instruct,,Medium,,,0.5,0.125,0.5,2.0,2.0,2.0,2.0,0.0,1.0,4,4.0,4.0,4.0,0.0,0.0
241,Qwen2.5-7B-Instruct,,Low,,,0.75,0.125,0.25,3.0,3.0,3.0,3.0,0.0,1.0,4,4.0,4.0,4.0,0.0,0.0
241,Qalb-1.0-8B-Instruct,,Low,,,0.5,0.0,0.5,2.0,2.0,2.0,2.0,0.0,0.0,4,4.0,4.0,4.0,0.0,0.0
241,Meta-Llama-3.1-8B-Instruct,,Low,,,0.75,0.125,0.25,3.0,3.0,3.0,3.0,0.0,1.0,4,4.0,4.0,4.0,0.0,0.0
242,Qwen2.5-7B-Instruct,,Low,,,0.75,0.0,0.25,3.0,3.0,3.0,3.0,0.0,0.0,4,4.0,4.0,4.0,0.0,0.0
242,Qalb-1.0-8B-Instruct,,Low,,,0.5,0.0,0.5,2.0,2.0,2.0,2.0,0.0,0.0,4,4.0,4.0,4.0,0.0,0.0
242,Meta-Llama-3.1-8B-Instruct,,Low,,,0.75,0.0,0.25,3.0,3.0,3.0,3.0,0.0,0.0,4,4.0,4.0,4.0,0.0,0.0
243,Qalb-1.0-8B-Instruct,,Medium,,,0.75,0.125,0.25,3.0,3.0,3.0,3.0,0.0,1.0,4,4.0,4.0,4.0,0.0,0.0
243,Meta-Llama-3.1-8B-Instruct,,Medium,,,0.5,0.125,0.5,2.0,2.0,2.0,2.0,0.0,1.0,4,4.0,4.0,4.0,0.0,0.0
243,Qwen2.5-7B-Instruct,,Medium,,,0.5,0.0,0.5,2.0,2.0,2.0,2.0,0.0,0.0,4,4.0,4.0,4.0,0.0,0.0
244,Qwen2.5-7B-Instruct,,Medium,,,0.5,0.125,0.5,2.0,2.0,2.0,2.0,0.0,1.0,4,4.0,4.0,4.0,0.0,0.0
244,Qalb-1.0-8B-Instruct,,Medium,,,0.5,0.125,0.5,2.0,2.0,2.0,2.0,0.0,1.0,4,4.0,4.0,4.0,0.0,0.0
244,Meta-Llama-3.1-8B-Instruct,,Medium,,,0.75,0.0,0.25,3.0,3.0,3.0,3.0,0.0,0.0,4,4.0,4.0,4.0,0.0,0.0
245,Qalb-1.0-8B-Instruct,,Low,,,0.5,0.125,0.5,2.0,2.0,2.0,2.0,0.0,1.0,4,4.0,4.0,4.0,0.0,0.0
245,Qwen2.5-7B-Instruct,,Low,,,0.5,0.125,0.5,2.0,2.0,2.0,2.0,0.0,1.0,4,4.0,4.0,4.0,0.0,0.0
245,Meta-Llama-3.1-8B-Instruct,,Low,,,0.75,0.125,0.25,3.0,3.0,3.0,3.0,0.0,1.0,4,4.0,4.0,4.0,0.0,0.0
246,Qalb-1.0-8B-Instruct,,Low,,,0.75,0.125,0.25,3.0,3.0,3.0,3.0,0.0,1.0,4,4.0,4.0,4.0,0.0,0.0
246,Meta-Llama-3.1-8B-Instruct,,Low,,,0.5,0.125,0.5,2.0,2.0,2.0,2.0,0.0,1.0,4,4.0,4.0,4.0,0.0,0.0
246,Qwen2.5-7B-Instruct,,Low,,,0.5,0.125,0.5,2.0,2.0,2.0,2.0,0.0,1.0,4,4.0,4.0,4.0,0.0,0.0
247,Qalb-1.0-8B-Instruct,,Medium,,,0.75,0.0,0.25,3.0,3.0,3.0,3.0,0.0,0.0,4,4.0,4.0,4.0,0.0,0.0
247,Meta-Llama-3.1-8B-Instruct,,Medium,,,0.5,0.0,0.5,2.0,2.0,2.0,2.0,0.0,0.0,4,4.0,4.0,4.0,0.0,0.0
247,Qwen2.5-7B-Instruct,,Medium,,,0.75,0.125,0.25,3.0,3.0,3.0,3.0,0.0,1.0,4,4.0,4.0,4.0,0.0,0.0
248,Qwen2.5-7B-Instruct,,Medium,,,0.75,0.125,0.25,3.0,3.0,3.0,3.0,0.0,1.0,4,4.0,4.0,4.0,0.0,0.0
248,Qalb-1.0-8B-Instruct,,Medium,,,0.25,0.125,0.75,1.0,1.0,1.0,1.0,0.0,1.0,4,4.0,4.0,4.0,0.0,0.0
248,Meta-Llama-3.1-8B-Instruct,,Medium,,,0.5,0.125,0.5,2.0,2.0,2.0,2.0,0.0,1.0,4,4.0,4.0,4.0,0.0,0.0
249,Qwen2.5-7B-Instruct,,High,,,0.75,0.125,0.25,3.0,3.0,3.0,3.0,0.0,1.0,4,4.0,4.0,4.0,0.0,0.0
249,Meta-Llama-3.1-8B-Instruct,,High,,,0.75,0.125,0.25,3.0,3.0,3.0,3.0,0.0,1.0,4,4.0,4.0,4.0,0.0,0.0
249,Qalb-1.0-8B-Instruct,,High,,,1.0,0.125,0.0,4.0,4.0,4.0,4.0,0.0,1.0,4,4.0,4.0,4.0,0.0,0.0
250,Qalb-1.0-8B-Instruct,,High,,,0.75,0.125,0.25,3.0,3.0,3.0,3.0,0.0,1.0,4,4.0,4.0,4.0,0.0,0.0
250,Qwen2.5-7B-Instruct,,High,,,0.75,0.125,0.25,3.0,3.0,3.0,3.0,0.0,1.0,4,4.0,4.0,4.0,0.0,0.0
250,Meta-Llama-3.1-8B-Instruct,,High,,,1.0,0.125,0.0,4.0,4.0,4.0,4.0,0.0,1.0,4,4.0,4.0,4.0,0.0,0.0
251,Qwen2.5-7B-Instruct,,Medium,,,0.75,0.125,0.25,3.0,3.0,3.0,3.0,0.0,1.0,4,4.0,4.0,4.0,0.0,0.0
251,Meta-Llama-3.1-8B-Instruct,,Medium,,,1.0,0.0,0.0,4.0,4.0,4.0,4.0,0.0,0.0,4,4.0,4.0,4.0,0.0,0.0
251,Qalb-1.0-8B-Instruct,,Medium,,,0.75,0.125,0.25,3.0,3.0,3.0,3.0,0.0,1.0,4,4.0,4.0,4.0,0.0,0.0
252,Qwen2.5-7B-Instruct,,High,,,0.5,0.125,0.5,2.0,2.0,2.0,2.0,0.0,1.0,4,4.0,4.0,4.0,0.0,0.0
252,Meta-Llama-3.1-8B-Instruct,,High,,,0.5,0.125,0.5,2.0,2.0,2.0,2.0,0.0,1.0,4,4.0,4.0,4.0,0.0,0.0
252,Qalb-1.0-8B-Instruct,,High,,,0.5,0.125,0.5,2.0,2.0,2.0,2.0,0.0,1.0,4,4.0,4.0,4.0,0.0,0.0
253,Qwen2.5-7B-Instruct,,High,,,0.5,0.125,0.5,2.0,2.0,2.0,2.0,0.0,1.0,4,4.0,4.0,4.0,0.0,0.0
253,Meta-Llama-3.1-8B-Instruct,,High,,,0.75,0.125,0.25,3.0,3.0,3.0,3.0,0.0,1.0,4,4.0,4.0,4.0,0.0,0.0
253,Qalb-1.0-8B-Instruct,,High,,,0.6875,0.125,0.3125,3.0,3.0,3.0,2.0,0.0,1.0,4,4.0,4.0,4.0,0.0,0.0
254,Qwen2.5-7B-Instruct,,Medium,,,0.5,0.0,0.5,2.0,2.0,2.0,2.0,0.0,0.0,4,4.0,4.0,4.0,0.0,0.0
254,Meta-Llama-3.1-8B-Instruct,,Medium,,,0.5,0.0,0.5,2.0,2.0,2.0,2.0,0.0,0.0,4,4.0,4.0,4.0,0.0,0.0
254,Qalb-1.0-8B-Instruct,,Medium,,,1.0,0.125,0.0,4.0,4.0,4.0,4.0,0.0,1.0,4,4.0,4.0,4.0,0.0,0.0
255,Qwen2.5-7B-Instruct,,Medium,,,0.1875,0.125,0.8125,1.0,1.0,1.0,0.0,0.0,1.0,4,4.0,4.0,4.0,0.0,0.0
255,Meta-Llama-3.1-8B-Instruct,,Medium,,,0.5,0.125,0.5,2.0,2.0,2.0,2.0,0.0,1.0,4,4.0,4.0,4.0,0.0,0.0
255,Qalb-1.0-8B-Instruct,,Medium,,,0.6875,0.125,0.3125,3.0,3.0,3.0,2.0,0.0,1.0,4,4.0,4.0,4.0,0.0,0.0
