Model,Topic,PD,Sensitivity,Utterance,Gold,Response,CAS,FTV,Bias
Qalb-1.0-8B-Instruct,,High,,بیٹا، اور روٹی لے لو۔,جی امی جان، بہت شکریہ، مگر واقعی اب مزید گنجائش نہیں رہی۔,ساسی، شکریہ، لیکن ابھی اتنا خرچ نہیں ہونا چاہئے۔ آپ کی فکر کر,0.6667,0.125,0.3333
Qalb-1.0-8B-Instruct,,High,,بیٹا، تھوڑا سا اور کھا لو، بہت کم کھایا ہے۔,آپ کی محبت کا بہت شکریہ، میں نے بھرپور کھانا کھایا ہے، اب واقعی مزید گنجائش نہیں رہی۔,جی امی، بس یہی مکمل کر لوں گا، پھر کافی نہیں رہ جائے گی۔ آپ,0.75,0.125,0.25
Qalb-1.0-8B-Instruct,,High,,یہ چوڑیاں تمہارے لیے رکھی تھیں، لے لو۔,امی جان، آپ کی محبت ہی میرے لیے کافی ہے  شکریہ۔,ساسی، آپ کی بہت مہربانی، مگر ابھی اتنا وقت نہیں ہوگا۔ آپ زح,0.8333,0.125,0.1667
Meta-Llama-3.1-8B-Instruct,,High,,بیٹا، تھوڑا سا اور کھا لو، بہت کم کھایا ہے۔,آپ کی محبت کا بہت شکریہ، میں نے بھرپور کھانا کھایا ہے، اب واقعی مزید گنجائش نہیں رہی۔,جی امی، اب کافی ہو گیا۔,0.5,0.125,0.5
Meta-Llama-3.1-8B-Instruct,,Medium,,یہ ہماری طرف سے تحفہ ہے۔,آپ نے اتنا خیال رکھا، یہ میرے لیے بہت خوشی کی بات ہے۔,ارے یار، تم آ گئے، میرا دل خUSH ہو گیا۔ یہ ہماری طرف سے اس مح,0.5833,0.125,0.4167
Meta-Llama-3.1-8B-Instruct,,Medium,,میں تمہارا کام کر دوں؟,ارے نہیں، تم زحمت نہیں کرو لیکن تم نے پوچھا، یہی بہت ہے۔,ابو، بس کام مکمل ہو گیا، تم زحمت نہ کریں۔,0.75,0.125,0.25
Qwen2.5-7B-Instruct,,High,,بیٹا، تھوڑا سا اور کھا لو، بہت کم کھایا ہے۔,آپ کی محبت کا بہت شکریہ، میں نے بھرپور کھانا کھایا ہے، اب واقعی مزید گنجائش نہیں رہی۔,جی امی، پہلے کام کھا لوں، تم باقی دیجیے۔,0.5,0.125,0.5
Qwen2.5-7B-Instruct,,Low,,یار، یہ چھوٹا سا تحفہ تمہارے لیے ہے۔,تم نے یاد رکھا، یہی کافی ہے، اتنا تکلف کیوں کیا؟,ابّا، میرے لیے یہ کافی تھا، بس آپ کی فکر ہی میرے لیے اچ,0.8333,0.125,0.1667
Qwen2.5-7B-Instruct,,Low,,یار، سفر سے تمہارے لیے ایک چیز لایا ہوں۔,ارے یار، بہت شکریہ، اتنی زحمت کرنے کی ضرورتہیں تھی ۔,ابّا، میرے لیے اس کام کا بہت شکریہ۔ ان شاء اللہ میں اسے جلدی د,0.5,0.125,0.5
