ID,Judge,A,B,C
2,Judge1,Qalb-1.0-8B-Instruct,Meta-Llama-3.1-8B-Instruct,Qwen2.5-7B-Instruct
9,Judge1,Qwen2.5-7B-Instruct,Qalb-1.0-8B-Instruct,Meta-Llama-3.1-8B-Instruct
14,Judge1,Meta-Llama-3.1-8B-Instruct,Qalb-1.0-8B-Instruct,Qwen2.5-7B-Instruct
15,Judge1,Qalb-1.0-8B-Instruct,Qwen2.5-7B-Instruct,Meta-Llama-3.1-8B-Instruct
21,Judge1,Qalb-1.0-8B-Instruct,Qwen2.5-7B-Instruct,Meta-Llama-3.1-8B-Instruct
22,Judge1,Qwen2.5-7B-Instruct,Qalb-1.0-8B-Instruct,Meta-Llama-3.1-8B-Instruct
24,Judge1,Qalb-1.0-8B-Instruct,Meta-Llama-3.1-8B-Instruct,Qwen2.5-7B-Instruct
35,Judge1,Meta-Llama-3.1-8B-Instruct,Qwen2.5-7B-Instruct,Qalb-1.0-8B-Instruct
40,Judge1,Qwen2.5-7B-Instruct,Qalb-1.0-8B-Instruct,Meta-Llama-3.1-8B-Instruct
41,Judge1,Meta-Llama-3.1-8B-Instruct,Qwen2.5-7B-Instruct,Qalb-1.0-8B-Instruct
44,Judge1,Qalb-1.0-8B-Instruct,Qwen2.5-7B-Instruct,Meta-Llama-3.1-8B-Instruct
45,Judge1,Qwen2.5-7B-Instruct,Qalb-1.0-8B-Instruct,Meta-Llama-3.1-8B-Instruct
48,Judge1,Meta-Llama-3.1-8B-Instruct,Qwen2.5-7B-Instruct,Qalb-1.0-8B-Instruct
49,Judge1,Meta-Llama-3.1-8B-Instruct,Qwen2.5-7B-Instruct,Qalb-1.0-8B-Instruct
50,Judge1,Meta-Llama-3.1-8B-Instruct,Qwen2.5-7B-Instruct,Qalb-1.0-8B-Instruct
51,Judge1,Meta-Llama-3.1-8B-Instruct,Qalb-1.0-8B-Instruct,Qwen2.5-7B-Instruct
53,Judge1,Qwen2.5-7B-Instruct,Qalb-1.0-8B-Instruct,Meta-Llama-3.1-8B-Instruct
54,Judge1,Qwen2.5-7B-Instruct,Meta-Llama-3.1-8B-Instruct,Qalb-1.0-8B-Instruct
55,Judge1,Qalb-1.0-8B-Instruct,Qwen2.5-7B-Instruct,Meta-Llama-3.1-8B-Instruct
59,Judge1,Qalb-1.0-8B-Instruct,Meta-Llama-3.1-8B-Instruct,Qwen2.5-7B-Instruct
63,Judge1,Meta-Llama-3.1-8B-Instruct,Qalb-1.0-8B-Instruct,Qwen2.5-7B-Instruct
65,Judge1,Qwen2.5-7B-Instruct,Qalb-1.0-8B-Instruct,Meta-Llama-3.1-8B-Instruct
71,Judge1,Meta-Llama-3.1-8B-Instruct,Qalb-1.0-8B-Instruct,Qwen2.5-7B-Instruct
72,Judge1,Meta-Llama-3.1-8B-Instruct,Qalb-1.0-8B-Instruct,Qwen2.5-7B-Instruct
81,Judge1,Qwen2.5-7B-Instruct,Meta-Llama-3.1-8B-Instruct,Qalb-1.0-8B-Instruct
82,Judge1,Qwen2.5-7B-Instruct,Meta-Llama-3.1-8B-Instruct,Qalb-1.0-8B-Instruct
88,Judge1,Qalb-1.0-8B-Instruct,Qwen2.5-7B-Instruct,Meta-Llama-3.1-8B-Instruct
89,Judge1,Meta-Llama-3.1-8B-Instruct,Qwen2.5-7B-Instruct,Qalb-1.0-8B-Instruct
92,Judge1,Qalb-1.0-8B-Instruct,Meta-Llama-3.1-8B-Instruct,Qwen2.5-7B-Instruct
95,Judge1,Qalb-1.0-8B-Instruct,Meta-Llama-3.1-8B-Instruct,Qwen2.5-7B-Instruct
100,Judge1,Qwen2.5-7B-Instruct,Qalb-1.0-8B-Instruct,Meta-Llama-3.1-8B-Instruct
103,Judge1,Qalb-1.0-8B-Instruct,Qwen2.5-7B-Instruct,Meta-Llama-3.1-8B-Instruct
106,Judge1,Qwen2.5-7B-Instruct,Meta-Llama-3.1-8B-Instruct,Qalb-1.0-8B-Instruct
107,Judge1,Qalb-1.0-8B-Instruct,Meta-Llama-3.1-8B-Instruct,Qwen2.5-7B-Instruct
111,Judge1,Qwen2.5-7B-Instruct,Qalb-1.0-8B-Instruct,Meta-Llama-3.1-8B-Instruct
122,Judge1,Meta-Llama-3.1-8B-Instruct,Qalb-1.0-8B-Instruct,Qwen2.5-7B-Instruct
124,Judge1,Meta-Llama-3.1-8B-Instruct,Qalb-1.0-8B-Instruct,Qwen2.5-7B-Instruct
129,Judge1,Qalb-1.0-8B-Instruct,Qwen2.5-7B-Instruct,Meta-Llama-3.1-8B-Instruct
131,Judge1,Qalb-1.0-8B-Instruct,Meta-Llama-3.1-8B-Instruct,Qwen2.5-7B-Instruct
135,Judge1,Qwen2.5-7B-Instruct,Qalb-1.0-8B-Instruct,Meta-Llama-3.1-8B-Instruct
136,Judge1,Qwen2.5-7B-Instruct,Meta-Llama-3.1-8B-Instruct,Qalb-1.0-8B-Instruct
139,Judge1,Qwen2.5-7B-Instruct,Qalb-1.0-8B-Instruct,Meta-Llama-3.1-8B-Instruct
146,Judge1,Qwen2.5-7B-Instruct,Qalb-1.0-8B-Instruct,Meta-Llama-3.1-8B-Instruct
150,Judge1,Qwen2.5-7B-Instruct,Qalb-1.0-8B-Instruct,Meta-Llama-3.1-8B-Instruct
152,Judge1,Qwen2.5-7B-Instruct,Qalb-1.0-8B-Instruct,Meta-Llama-3.1-8B-Instruct
154,Judge1,Qalb-1.0-8B-Instruct,Qwen2.5-7B-Instruct,Meta-Llama-3.1-8B-Instruct
157,Judge1,Meta-Llama-3.1-8B-Instruct,Qwen2.5-7B-Instruct,Qalb-1.0-8B-Instruct
161,Judge1,Qwen2.5-7B-Instruct,Meta-Llama-3.1-8B-Instruct,Qalb-1.0-8B-Instruct
162,Judge1,Meta-Llama-3.1-8B-Instruct,Qwen2.5-7B-Instruct,Qalb-1.0-8B-Instruct
167,Judge1,Qwen2.5-7B-Instruct,Meta-Llama-3.1-8B-Instruct,Qalb-1.0-8B-Instruct
170,Judge1,Qwen2.5-7B-Instruct,Meta-Llama-3.1-8B-Instruct,Qalb-1.0-8B-Instruct
175,Judge1,Qwen2.5-7B-Instruct,Qalb-1.0-8B-Instruct,Meta-Llama-3.1-8B-Instruct
188,Judge1,Meta-Llama-3.1-8B-Instruct,Qwen2.5-7B-Instruct,Qalb-1.0-8B-Instruct
189,Judge1,Qwen2.5-7B-Instruct,Meta-Llama-3.1-8B-Instruct,Qalb-1.0-8B-Instruct
190,Judge1,Meta-Llama-3.1-8B-Instruct,Qalb-1.0-8B-Instruct,Qwen2.5-7B-Instruct
191,Judge1,Qwen2.5-7B-Instruct,Meta-Llama-3.1-8B-Instruct,Qalb-1.0-8B-Instruct
192,Judge1,Meta-Llama-3.1-8B-Instruct,Qwen2.5-7B-Instruct,Qalb-1.0-8B-Instruct
200,Judge1,Qwen2.5-7B-Instruct,Qalb-1.0-8B-Instruct,Meta-Llama-3.1-8B-Instruct
202,Judge1,Qwen2.5-7B-Instruct,Qalb-1.0-8B-Instruct,Meta-Llama-3.1-8B-Instruct
206,Judge1,Meta-Llama-3.1-8B-Instruct,Qwen2.5-7B-Instruct,Qalb-1.0-8B-Instruct
208,Judge1,Qwen2.5-7B-Instruct,Qalb-1.0-8B-Instruct,Meta-Llama-3.1-8B-Instruct
213,Judge1,Qalb-1.0-8B-Instruct,Meta-Llama-3.1-8B-Instruct,Qwen2.5-7B-Instruct
215,Judge1,Qalb-1.0-8B-Instruct,Meta-Llama-3.1-8B-Instruct,Qwen2.5-7B-Instruct
216,Judge1,Qwen2.5-7B-Instruct,Qalb-1.0-8B-Instruct,Meta-Llama-3.1-8B-Instruct
217,Judge1,Qalb-1.0-8B-Instruct,Meta-Llama-3.1-8B-Instruct,Qwen2.5-7B-Instruct
218,Judge1,Meta-Llama-3.1-8B-Instruct,Qwen2.5-7B-Instruct,Qalb-1.0-8B-Instruct
228,Judge1,Qwen2.5-7B-Instruct,Meta-Llama-3.1-8B-Instruct,Qalb-1.0-8B-Instruct
236,Judge1,Qwen2.5-7B-Instruct,Meta-Llama-3.1-8B-Instruct,Qalb-1.0-8B-Instruct
237,Judge1,Meta-Llama-3.1-8B-Instruct,Qalb-1.0-8B-Instruct,Qwen2.5-7B-Instruct
242,Judge1,Qalb-1.0-8B-Instruct,Qwen2.5-7B-Instruct,Meta-Llama-3.1-8B-Instruct
244,Judge1,Meta-Llama-3.1-8B-Instruct,Qalb-1.0-8B-Instruct,Qwen2.5-7B-Instruct
246,Judge1,Meta-Llama-3.1-8B-Instruct,Qwen2.5-7B-Instruct,Qalb-1.0-8B-Instruct
251,Judge1,Qwen2.5-7B-Instruct,Qalb-1.0-8B-Instruct,Meta-Llama-3.1-8B-Instruct
253,Judge1,Meta-Llama-3.1-8B-Instruct,Qalb-1.0-8B-Instruct,Qwen2.5-7B-Instruct
258,Judge1,Meta-Llama-3.1-8B-Instruct,Qwen2.5-7B-Instruct,Qalb-1.0-8B-Instruct
262,Judge1,Qwen2.5-7B-Instruct,Meta-Llama-3.1-8B-Instruct,Qalb-1.0-8B-Instruct
263,Judge1,Meta-Llama-3.1-8B-Instruct,Qwen2.5-7B-Instruct,Qalb-1.0-8B-Instruct
264,Judge1,Meta-Llama-3.1-8B-Instruct,Qalb-1.0-8B-Instruct,Qwen2.5-7B-Instruct
265,Judge1,Qalb-1.0-8B-Instruct,Qwen2.5-7B-Instruct,Meta-Llama-3.1-8B-Instruct
267,Judge1,Meta-Llama-3.1-8B-Instruct,Qalb-1.0-8B-Instruct,Qwen2.5-7B-Instruct
270,Judge1,Qwen2.5-7B-Instruct,Meta-Llama-3.1-8B-Instruct,Qalb-1.0-8B-Instruct
271,Judge1,Qalb-1.0-8B-Instruct,Qwen2.5-7B-Instruct,Meta-Llama-3.1-8B-Instruct
277,Judge1,Qalb-1.0-8B-Instruct,Qwen2.5-7B-Instruct,Meta-Llama-3.1-8B-Instruct
280,Judge1,Qalb-1.0-8B-Instruct,Meta-Llama-3.1-8B-Instruct,Qwen2.5-7B-Instruct
281,Judge1,Meta-Llama-3.1-8B-Instruct,Qalb-1.0-8B-Instruct,Qwen2.5-7B-Instruct
282,Judge1,Meta-Llama-3.1-8B-Instruct,Qalb-1.0-8B-Instruct,Qwen2.5-7B-Instruct
294,Judge1,Qwen2.5-7B-Instruct,Qalb-1.0-8B-Instruct,Meta-Llama-3.1-8B-Instruct
297,Judge1,Meta-Llama-3.1-8B-Instruct,Qalb-1.0-8B-Instruct,Qwen2.5-7B-Instruct
298,Judge1,Meta-Llama-3.1-8B-Instruct,Qwen2.5-7B-Instruct,Qalb-1.0-8B-Instruct
301,Judge1,Qwen2.5-7B-Instruct,Meta-Llama-3.1-8B-Instruct,Qalb-1.0-8B-Instruct
305,Judge1,Qalb-1.0-8B-Instruct,Qwen2.5-7B-Instruct,Meta-Llama-3.1-8B-Instruct
306,Judge1,Meta-Llama-3.1-8B-Instruct,Qwen2.5-7B-Instruct,Qalb-1.0-8B-Instruct
2,Judge2,Qwen2.5-7B-Instruct,Qalb-1.0-8B-Instruct,Meta-Llama-3.1-8B-Instruct
9,Judge2,Qwen2.5-7B-Instruct,Qalb-1.0-8B-Instruct,Meta-Llama-3.1-8B-Instruct
14,Judge2,Qwen2.5-7B-Instruct,Meta-Llama-3.1-8B-Instruct,Qalb-1.0-8B-Instruct
15,Judge2,Qwen2.5-7B-Instruct,Meta-Llama-3.1-8B-Instruct,Qalb-1.0-8B-Instruct
21,Judge2,Meta-Llama-3.1-8B-Instruct,Qwen2.5-7B-Instruct,Qalb-1.0-8B-Instruct
22,Judge2,Qwen2.5-7B-Instruct,Meta-Llama-3.1-8B-Instruct,Qalb-1.0-8B-Instruct
24,Judge2,Qwen2.5-7B-Instruct,Qalb-1.0-8B-Instruct,Meta-Llama-3.1-8B-Instruct
35,Judge2,Qwen2.5-7B-Instruct,Qalb-1.0-8B-Instruct,Meta-Llama-3.1-8B-Instruct
40,Judge2,Qalb-1.0-8B-Instruct,Qwen2.5-7B-Instruct,Meta-Llama-3.1-8B-Instruct
41,Judge2,Qalb-1.0-8B-Instruct,Meta-Llama-3.1-8B-Instruct,Qwen2.5-7B-Instruct
44,Judge2,Qwen2.5-7B-Instruct,Meta-Llama-3.1-8B-Instruct,Qalb-1.0-8B-Instruct
45,Judge2,Meta-Llama-3.1-8B-Instruct,Qalb-1.0-8B-Instruct,Qwen2.5-7B-Instruct
48,Judge2,Qalb-1.0-8B-Instruct,Qwen2.5-7B-Instruct,Meta-Llama-3.1-8B-Instruct
49,Judge2,Meta-Llama-3.1-8B-Instruct,Qalb-1.0-8B-Instruct,Qwen2.5-7B-Instruct
50,Judge2,Qalb-1.0-8B-Instruct,Qwen2.5-7B-Instruct,Meta-Llama-3.1-8B-Instruct
51,Judge2,Meta-Llama-3.1-8B-Instruct,Qwen2.5-7B-Instruct,Qalb-1.0-8B-Instruct
53,Judge2,Qalb-1.0-8B-Instruct,Qwen2.5-7B-Instruct,Meta-Llama-3.1-8B-Instruct
54,Judge2,Qalb-1.0-8B-Instruct,Qwen2.5-7B-Instruct,Meta-Llama-3.1-8B-Instruct
55,Judge2,Qalb-1.0-8B-Instruct,Qwen2.5-7B-Instruct,Meta-Llama-3.1-8B-Instruct
59,Judge2,Meta-Llama-3.1-8B-Instruct,Qalb-1.0-8B-Instruct,Qwen2.5-7B-Instruct
63,Judge2,Meta-Llama-3.1-8B-Instruct,Qwen2.5-7B-Instruct,Qalb-1.0-8B-Instruct
65,Judge2,Meta-Llama-3.1-8B-Instruct,Qalb-1.0-8B-Instruct,Qwen2.5-7B-Instruct
71,Judge2,Qalb-1.0-8B-Instruct,Meta-Llama-3.1-8B-Instruct,Qwen2.5-7B-Instruct
72,Judge2,Meta-Llama-3.1-8B-Instruct,Qalb-1.0-8B-Instruct,Qwen2.5-7B-Instruct
81,Judge2,Qwen2.5-7B-Instruct,Qalb-1.0-8B-Instruct,Meta-Llama-3.1-8B-Instruct
82,Judge2,Meta-Llama-3.1-8B-Instruct,Qalb-1.0-8B-Instruct,Qwen2.5-7B-Instruct
88,Judge2,Qwen2.5-7B-Instruct,Meta-Llama-3.1-8B-Instruct,Qalb-1.0-8B-Instruct
89,Judge2,Qwen2.5-7B-Instruct,Qalb-1.0-8B-Instruct,Meta-Llama-3.1-8B-Instruct
92,Judge2,Meta-Llama-3.1-8B-Instruct,Qalb-1.0-8B-Instruct,Qwen2.5-7B-Instruct
95,Judge2,Meta-Llama-3.1-8B-Instruct,Qalb-1.0-8B-Instruct,Qwen2.5-7B-Instruct
100,Judge2,Qalb-1.0-8B-Instruct,Qwen2.5-7B-Instruct,Meta-Llama-3.1-8B-Instruct
103,Judge2,Qalb-1.0-8B-Instruct,Meta-Llama-3.1-8B-Instruct,Qwen2.5-7B-Instruct
106,Judge2,Qwen2.5-7B-Instruct,Qalb-1.0-8B-Instruct,Meta-Llama-3.1-8B-Instruct
107,Judge2,Qwen2.5-7B-Instruct,Meta-Llama-3.1-8B-Instruct,Qalb-1.0-8B-Instruct
111,Judge2,Meta-Llama-3.1-8B-Instruct,Qalb-1.0-8B-Instruct,Qwen2.5-7B-Instruct
122,Judge2,Meta-Llama-3.1-8B-Instruct,Qwen2.5-7B-Instruct,Qalb-1.0-8B-Instruct
124,Judge2,Qalb-1.0-8B-Instruct,Meta-Llama-3.1-8B-Instruct,Qwen2.5-7B-Instruct
129,Judge2,Qwen2.5-7B-Instruct,Meta-Llama-3.1-8B-Instruct,Qalb-1.0-8B-Instruct
131,Judge2,Qwen2.5-7B-Instruct,Meta-Llama-3.1-8B-Instruct,Qalb-1.0-8B-Instruct
135,Judge2,Qwen2.5-7B-Instruct,Qalb-1.0-8B-Instruct,Meta-Llama-3.1-8B-Instruct
136,Judge2,Qalb-1.0-8B-Instruct,Meta-Llama-3.1-8B-Instruct,Qwen2.5-7B-Instruct
139,Judge2,Qalb-1.0-8B-Instruct,Qwen2.5-7B-Instruct,Meta-Llama-3.1-8B-Instruct
146,Judge2,Qalb-1.0-8B-Instruct,Qwen2.5-7B-Instruct,Meta-Llama-3.1-8B-Instruct
150,Judge2,Qwen2.5-7B-Instruct,Qalb-1.0-8B-Instruct,Meta-Llama-3.1-8B-Instruct
152,Judge2,Qalb-1.0-8B-Instruct,Qwen2.5-7B-Instruct,Meta-Llama-3.1-8B-Instruct
154,Judge2,Meta-Llama-3.1-8B-Instruct,Qwen2.5-7B-Instruct,Qalb-1.0-8B-Instruct
157,Judge2,Qalb-1.0-8B-Instruct,Meta-Llama-3.1-8B-Instruct,Qwen2.5-7B-Instruct
161,Judge2,Qwen2.5-7B-Instruct,Qalb-1.0-8B-Instruct,Meta-Llama-3.1-8B-Instruct
162,Judge2,Qalb-1.0-8B-Instruct,Meta-Llama-3.1-8B-Instruct,Qwen2.5-7B-Instruct
167,Judge2,Qalb-1.0-8B-Instruct,Meta-Llama-3.1-8B-Instruct,Qwen2.5-7B-Instruct
170,Judge2,Qalb-1.0-8B-Instruct,Qwen2.5-7B-Instruct,Meta-Llama-3.1-8B-Instruct
175,Judge2,Qwen2.5-7B-Instruct,Qalb-1.0-8B-Instruct,Meta-Llama-3.1-8B-Instruct
188,Judge2,Meta-Llama-3.1-8B-Instruct,Qwen2.5-7B-Instruct,Qalb-1.0-8B-Instruct
189,Judge2,Qalb-1.0-8B-Instruct,Meta-Llama-3.1-8B-Instruct,Qwen2.5-7B-Instruct
190,Judge2,Qwen2.5-7B-Instruct,Qalb-1.0-8B-Instruct,Meta-Llama-3.1-8B-Instruct
191,Judge2,Qalb-1.0-8B-Instruct,Meta-Llama-3.1-8B-Instruct,Qwen2.5-7B-Instruct
192,Judge2,Meta-Llama-3.1-8B-Instruct,Qwen2.5-7B-Instruct,Qalb-1.0-8B-Instruct
200,Judge2,Qwen2.5-7B-Instruct,Qalb-1.0-8B-Instruct,Meta-Llama-3.1-8B-Instruct
202,Judge2,Qwen2.5-7B-Instruct,Qalb-1.0-8B-Instruct,Meta-Llama-3.1-8B-Instruct
206,Judge2,Qalb-1.0-8B-Instruct,Qwen2.5-7B-Instruct,Meta-Llama-3.1-8B-Instruct
208,Judge2,Meta-Llama-3.1-8B-Instruct,Qalb-1.0-8B-Instruct,Qwen2.5-7B-Instruct
213,Judge2,Qalb-1.0-8B-Instruct,Qwen2.5-7B-Instruct,Meta-Llama-3.1-8B-Instruct
215,Judge2,Qalb-1.0-8B-Instruct,Qwen2.5-7B-Instruct,Meta-Llama-3.1-8B-Instruct
216,Judge2,Qalb-1.0-8B-Instruct,Qwen2.5-7B-Instruct,Meta-Llama-3.1-8B-Instruct
217,Judge2,Qalb-1.0-8B-Instruct,Meta-Llama-3.1-8B-Instruct,Qwen2.5-7B-Instruct
218,Judge2,Qalb-1.0-8B-Instruct,Meta-Llama-3.1-8B-Instruct,Qwen2.5-7B-Instruct
228,Judge2,Qwen2.5-7B-Instruct,Meta-Llama-3.1-8B-Instruct,Qalb-1.0-8B-Instruct
236,Judge2,Qalb-1.0-8B-Instruct,Qwen2.5-7B-Instruct,Meta-Llama-3.1-8B-Instruct
237,Judge2,Qwen2.5-7B-Instruct,Meta-Llama-3.1-8B-Instruct,Qalb-1.0-8B-Instruct
242,Judge2,Meta-Llama-3.1-8B-Instruct,Qwen2.5-7B-Instruct,Qalb-1.0-8B-Instruct
244,Judge2,Meta-Llama-3.1-8B-Instruct,Qalb-1.0-8B-Instruct,Qwen2.5-7B-Instruct
246,Judge2,Qwen2.5-7B-Instruct,Meta-Llama-3.1-8B-Instruct,Qalb-1.0-8B-Instruct
251,Judge2,Qalb-1.0-8B-Instruct,Meta-Llama-3.1-8B-Instruct,Qwen2.5-7B-Instruct
253,Judge2,Meta-Llama-3.1-8B-Instruct,Qalb-1.0-8B-Instruct,Qwen2.5-7B-Instruct
258,Judge2,Qwen2.5-7B-Instruct,Qalb-1.0-8B-Instruct,Meta-Llama-3.1-8B-Instruct
262,Judge2,Meta-Llama-3.1-8B-Instruct,Qalb-1.0-8B-Instruct,Qwen2.5-7B-Instruct
263,Judge2,Qwen2.5-7B-Instruct,Meta-Llama-3.1-8B-Instruct,Qalb-1.0-8B-Instruct
264,Judge2,Qwen2.5-7B-Instruct,Qalb-1.0-8B-Instruct,Meta-Llama-3.1-8B-Instruct
265,Judge2,Qalb-1.0-8B-Instruct,Qwen2.5-7B-Instruct,Meta-Llama-3.1-8B-Instruct
267,Judge2,Meta-Llama-3.1-8B-Instruct,Qwen2.5-7B-Instruct,Qalb-1.0-8B-Instruct
270,Judge2,Qalb-1.0-8B-Instruct,Qwen2.5-7B-Instruct,Meta-Llama-3.1-8B-Instruct
271,Judge2,Qwen2.5-7B-Instruct,Meta-Llama-3.1-8B-Instruct,Qalb-1.0-8B-Instruct
277,Judge2,Qalb-1.0-8B-Instruct,Qwen2.5-7B-Instruct,Meta-Llama-3.1-8B-Instruct
280,Judge2,Meta-Llama-3.1-8B-Instruct,Qwen2.5-7B-Instruct,Qalb-1.0-8B-Instruct
281,Judge2,Qalb-1.0-8B-Instruct,Qwen2.5-7B-Instruct,Meta-Llama-3.1-8B-Instruct
282,Judge2,Qalb-1.0-8B-Instruct,Qwen2.5-7B-Instruct,Meta-Llama-3.1-8B-Instruct
294,Judge2,Qalb-1.0-8B-Instruct,Qwen2.5-7B-Instruct,Meta-Llama-3.1-8B-Instruct
297,Judge2,Qalb-1.0-8B-Instruct,Meta-Llama-3.1-8B-Instruct,Qwen2.5-7B-Instruct
298,Judge2,Qwen2.5-7B-Instruct,Qalb-1.0-8B-Instruct,Meta-Llama-3.1-8B-Instruct
301,Judge2,Meta-Llama-3.1-8B-Instruct,Qalb-1.0-8B-Instruct,Qwen2.5-7B-Instruct
305,Judge2,Qalb-1.0-8B-Instruct,Meta-Llama-3.1-8B-Instruct,Qwen2.5-7B-Instruct
306,Judge2,Meta-Llama-3.1-8B-Instruct,Qalb-1.0-8B-Instruct,Qwen2.5-7B-Instruct
