Scenario_ID,Candidate,Candidates,Mean_Relational_Alignment,Mean_Indirectness,Mean_Facesaving,Mean_Cultural_Appropriateness,Mean_Directness_Threat,Mean_Hierarchy_Violation,CAS,FTV,Gold_Candidate,Is_Gold
1,A,آپ کی بڑی مہربانی، واقعی بہت مزیدار تھا، مگر اب بالکل گنجائش نہیں رہی۔,4.0,4.0,4.0,4.0,0.0,0.0,1.0,0.0,A,True
1,B,نہیں، مجھے اور نہیں چاہیے۔ میں پہلے ہی کافی کھا چکا ہوں۔,1.5,1.5,1.5,1.0,2.0,0.0,0.3438,0.25,A,False
1,C,سالن مزیدار ہے، لیکن اب میں مزید نہیں لے سکتا۔,2.0,2.0,2.0,2.0,1.0,0.0,0.5,0.125,A,False
2,A,نہیں یار، تم نے پہلے ہی بہت خاطر داری کر لی ہے، مزید زحمت نہ کرو۔,3.0,4.0,4.0,4.0,0.0,0.0,0.9375,0.0,A,True
2,B,نہیں یار، بس بہت ہو گئی، اب چھوڑو۔,1.5,1.5,1.5,1.5,1.5,0.0,0.375,0.1875,A,False
2,C,نہیں یار، مت بناؤ، میں مزید چائے نہیں پیوں گا۔,1.5,1.5,1.5,1.5,1.5,0.0,0.375,0.1875,A,False
3,A,جی امی جان، بہت شکریہ، مگر واقعی اب مزید گنجائش نہیں رہی۔,4.0,4.0,4.0,4.0,0.0,0.0,1.0,0.0,A,True
3,B,نہیں امی، مجھے نہیں چاہیے، آپ بار بار کیوں کہہ رہی ہیں؟,1.0,1.0,1.0,0.0,2.0,0.5,0.1875,0.3125,A,False
3,C,نہیں امی جان، اب مزید روٹی نہیں چاہیے۔,1.0,1.0,1.0,1.0,2.0,0.0,0.25,0.25,A,False
4,A,آپ کو زحمت ہوگی، میں نے ٹیکسی بک کر لی ہے، وہ بس آنے ہی والی ہے۔,4.0,4.0,4.0,4.0,0.0,0.0,1.0,0.0,A,True
4,B,نہیں، مجھے آپ کے ساتھ نہیں جانا، میں اپنی گاڑی سے چلا جاؤں گا۔,1.0,1.0,1.0,0.0,2.0,0.0,0.1875,0.25,A,False
4,C,جی، شکریہ، مگر میں نے اپنی سواری کا انتظام کر لیا ہے۔,1.5,1.5,1.5,1.5,1.5,0.0,0.375,0.1875,A,False
5,A,سر، میری رپورٹ مکمل ہونے والی ہے۔ آپ کی مدد کا بہت شکریہ۔,4.0,4.0,4.0,4.0,0.0,0.0,1.0,0.0,A,True
5,B,نہیں سر، میں خود کر لوں گا۔ آپ کو یہ کرنے کی ضرورت نہیں ہے۔,1.0,1.0,1.0,1.0,2.0,1.0,0.25,0.375,A,False
5,C,نہیں سر، شکریہ، میں اپنی رپورٹ خود مکمل کر لوں گا۔,1.0,1.0,1.0,1.0,2.0,0.0,0.25,0.25,A,False
6,A,بھائی، میں اپنے دوست کے ساتھ چلا جاؤں گا، آپ فکر نہ کریں۔,3.5,3.0,4.0,4.0,0.0,0.0,0.9062,0.0,A,True
6,B,نہیں بھائی، میں آپ کے ساتھ نہیں جاؤں گا۔ میرا دوست مجھے لے جائے گا۔,1.0,1.0,1.0,1.0,1.0,0.0,0.25,0.125,A,False
6,C,نہیں بھائی، میں نے دوست کے ساتھ جانے کا پروگرام بنایا ہوا ہے۔,1.0,1.0,1.0,1.0,1.0,0.0,0.25,0.125,A,False
7,A,آپ کی بہت مہربانی، مگر فی الحال میرے پاس اس موضوع کی کتاب موجود ہے، پھر بھی آپ کا بہت شکریہ۔,4.0,3.5,4.0,4.0,0.0,0.0,0.9688,0.0,A,True
7,B,نہیں، مجھے اس کتاب کی ضرورت نہیں، آپ اپنے پاس ہی رکھیں۔,1.0,1.0,1.0,0.0,2.0,2.0,0.1875,0.5,A,False
7,C,بہت شکریہ، لیکن فی الحال مجھے اس کتاب کی ضرورت نہیں ہے۔,1.0,1.0,1.0,1.0,2.0,0.0,0.25,0.25,A,False
8,A,آپ کی بہت مہربانی، میٹھا بہت اچھا تھا، مگر اب مزید نہیں کھا سکوں گا، شکریہ۔,4.0,4.0,4.0,4.0,0.0,0.0,1.0,0.0,A,True
8,B,نہیں، میرا پیٹ بھر گیا ہے، مزید نہیں کھاؤں گا۔,1.0,1.0,1.0,1.0,2.0,0.0,0.25,0.25,A,False
8,C,شکریہ، لیکن اب مزید میٹھا نہیں چاہیے۔,1.0,1.0,1.0,1.0,2.0,0.0,0.25,0.25,A,False
9,A,بہت شکریہ سر، فی الحال میں خود کوشش کر لیتا ہوں، ضرورت ہوئی تو ضرور رہنمائی لوں گا۔,3.5,3.5,3.5,4.0,0.0,0.0,0.9062,0.0,A,True
9,B,نہیں سر، مجھے کسی مدد کی ضرورت نہیں۔,1.0,1.0,1.0,1.0,2.0,0.0,0.25,0.25,A,False
9,C,نہیں سر، شکریہ، میں یہ خود کر لوں گا۔,1.0,1.0,1.0,1.0,2.0,0.0,0.25,0.25,A,False
10,A,خالہ جان، آپ کی بہت مہربانی، لیکن گھر پر میرا انتظار ہو رہا ہے، ان شاء اللہ پھر کسی دن زیادہ وقت گزاروں گا۔,4.0,4.0,4.0,4.0,0.0,0.0,1.0,0.0,A,True
10,B,نہیں خالہ، مجھے آج ہی جانا ہے، میں یہاں نہیں رک سکتا۔,1.0,1.0,1.0,1.0,2.0,0.0,0.25,0.25,A,False
10,C,بہت شکریہ خالہ جان، لیکن مجھے اب گھر جانا ہے۔,2.0,2.0,2.0,2.0,1.0,0.0,0.5,0.125,A,False
11,A,آپ کی بہت مہربانی، لیکن میں خود انتظام کر لوں گا۔,3.5,3.5,3.5,4.0,0.0,0.0,0.9062,0.0,A,True
11,B,نہیں، مجھے کچھ نہیں چاہیے۔ آپ اپنے کام پر جائیں۔,1.0,1.0,1.0,0.0,2.0,1.0,0.1875,0.375,A,False
11,C,شکریہ، لیکن میں نے خود بازار جانے کا سوچا ہے۔,1.0,1.0,1.0,1.0,1.0,0.0,0.25,0.125,A,False
12,A,یار دل تو ہے، لیکن اب کافی دیر ہو گئی ہے، پھر کبھی آرام سے کھیلیں گے۔,3.0,4.0,4.0,4.0,0.0,0.0,0.9375,0.0,A,True
12,B,نہیں یار، اب میرا موڈ نہیں ہے۔ تم اکیلے کھیل لو۔,1.0,1.0,1.0,1.0,2.0,0.0,0.25,0.25,A,False
12,C,یار، ابھی نہیں، اب مجھے گھر جانا ہے۔,1.0,1.0,1.0,1.0,1.0,0.0,0.25,0.125,A,False
13,A,نہیں یار، مجھے نہیں جانا۔ تم خود چلے جاؤ۔,1.0,1.0,1.0,1.0,2.0,0.0,0.25,0.25,B,False
13,B,یار، آج تو نہیں ہو پائے گا، لیکن کسی دن ضرور چلیں گے۔,3.0,3.5,4.0,4.0,0.0,0.0,0.9062,0.0,B,True
13,C,نہیں بھائی، میں نہیں جا رہا، تم چلے جاؤ۔,1.0,1.0,1.0,0.0,2.0,0.0,0.1875,0.25,B,False
14,A,ماموں جان، آپ کی شفقت میرے لیے کافی ہے۔,3.5,3.5,3.5,4.0,0.0,0.0,0.9062,0.0,A,True
14,B,نہیں ماموں، مجھے پیسوں کی ضرورت نہیں، آپ یہ واپس رکھیں۔,1.0,1.0,1.0,1.0,2.0,0.0,0.25,0.25,A,False
14,C,بہت شکریہ ماموں جان، لیکن میں فی الحال خود انتظام کر لوں گی۔,2.0,2.0,2.0,2.0,1.0,0.0,0.5,0.125,A,False
15,A,بہت شکریہ، آپ نے پہلے ہی بہت عزت اور توجہ دی ہے، مزید کسی چیز کی ضرورت نہیں اب اجازت دیجیے۔,4.0,4.0,4.0,4.0,0.0,0.0,1.0,0.0,A,True
15,B,نہیں، کچھ نہیں چاہیے۔ اب میں چلتا ہوں۔,1.0,1.0,1.0,1.0,1.0,0.0,0.25,0.125,A,False
15,C,شکریہ، لیکن اب مزید کسی چیز کی ضرورت نہیں ہے۔,2.0,2.0,2.0,1.0,1.0,0.0,0.4375,0.125,A,False
16,A,آپ کی محبت کا بہت شکریہ، میں نے بھرپور کھانا کھایا ہے، اب واقعی مزید گنجائش نہیں رہی۔,4.0,4.0,4.0,4.0,0.0,0.0,1.0,0.0,A,True
16,B,نہیں، میں نے جتنا کھانا تھا کھا لیا ہے، اب اور نہیں کھاؤں گا۔,1.0,1.0,1.0,0.0,2.0,1.0,0.1875,0.375,A,False
16,C,بہت شکریہ، لیکن اب میں مزید نہیں کھا سکتا۔,1.0,1.0,1.0,1.0,2.0,0.0,0.25,0.25,A,False
17,A,بہت شکریہ، چائے بہت اچھی تھی، لیکن فی الحال یہی کافی ہے۔,4.0,3.5,3.5,4.0,0.0,0.0,0.9375,0.0,A,True
17,B,نہیں، دوبارہ چائے نہیں چاہیے۔ یہی کافی ہے۔,1.0,1.0,1.0,1.0,2.0,0.0,0.25,0.25,A,False
17,C,بہت شکریہ، مگر اب مزید چائے کی ضرورت نہیں ہے۔,1.0,1.0,1.0,1.0,2.0,0.0,0.25,0.25,A,False
18,A,چچا جان، آپ کی بہت مہربانی بہت مزہ آیا، لیکن گھر پر میرا انتظار ہو رہا ہے، ان شاء اللہ پھر کسی دن زیادہ وقت گزاروں گا۔,4.0,4.0,4.0,4.0,0.0,0.0,1.0,0.0,A,True
18,B,نہیں چچا، میں نہیں رکوں گا۔ مجھے گھر جانا ہے۔,1.0,1.0,1.0,1.0,2.0,1.0,0.25,0.375,A,False
18,C,نہیں چچا جان، بہت شکریہ، لیکن میں آج رات نہیں رک سکوں گا۔,2.0,2.0,2.0,2.0,1.0,0.0,0.5,0.125,A,False
19,A,دعوت کا بہت شکریہ، مگر آج میری ایک اہم ملاقات ہے جسے میں چھوڑ نہیں سکتا۔,4.0,4.0,4.0,4.0,0.0,0.0,1.0,0.0,A,True
19,B,سر، شکریہ، لیکن میں آج کے کھانے میں شامل نہیں ہو سکتا۔,1.0,1.0,1.0,1.0,1.0,0.0,0.25,0.125,A,False
19,C,شکریہ، لیکن میں نہیں آ سکوں گا۔,1.0,1.0,1.0,1.0,1.0,0.0,0.25,0.125,A,False
20,A,جی ماموں، میں ضرور آؤں گا، اگر کوئی اور ضروری کام نہ نکل آیا۔,4.0,4.0,4.0,4.0,0.0,0.0,1.0,0.0,A,True
20,B,ماموں، میں آ جاؤں گا، اگر کوئی ضروری کام نہ ہوا تو۔,1.0,1.0,1.0,0.0,2.0,1.0,0.1875,0.375,A,False
20,C,ماموں، ٹھیک ہے، اگر وقت ہوا تو آ جاؤں گا۔,1.0,1.0,1.0,0.0,2.0,1.0,0.1875,0.375,A,False
21,A,بہت شکریہ یار، یہ تمہاری محبت ہے، کوشش کروں گا کہ ضرور آ سکوں۔,4.0,4.0,4.0,4.0,0.0,0.0,1.0,0.0,A,True
21,B,بہت شکریہ یار، لیکن دیکھتا ہوں، شاید آ سکوں۔,2.0,2.0,2.0,2.0,2.0,0.0,0.5,0.25,A,False
21,C,شکریہ یار، شاید آ جاؤں، دیکھتے ہیں۔,1.0,1.0,1.0,1.0,2.0,0.0,0.25,0.25,A,False
22,A,بہت شکریہ، آپ کی دعوت میرے لیے باعثِ خوشی ہے، ان شاء اللہ ضرور آنے کی کوشش کروں گا۔,4.0,4.0,4.0,4.0,0.0,0.0,1.0,0.0,A,True
22,B,آپ کی مہربانی، وقت ہوا تو ضرور آ جاؤں گا۔,1.0,1.0,1.0,1.0,2.0,0.0,0.25,0.25,A,False
22,C,شکریہ، میں دیکھتا ہوں، اگر وقت ملا تو آ جاؤں گا۔,2.0,2.0,2.0,2.0,1.0,0.0,0.5,0.125,A,False
23,A,جی چچا جان، آپ نے یاد کیا یہ میرے لیے خوشی کی بات ہے، ان شاء اللہ ضرور آنے کی کوشش کروں گا۔,4.0,3.5,4.0,4.0,0.0,0.0,0.9688,0.0,A,True
23,B,شکریہ چچا جان، آنے کی کوشش کروں گا۔,2.0,2.0,2.0,2.0,1.0,0.0,0.5,0.125,A,False
23,C,جی، بہت شکریہ، میں اتوار کو آنے کی کوشش کروں گا۔,2.0,2.0,2.0,2.0,1.0,0.0,0.5,0.125,A,False
24,A,بہت شکریہ یار، اچھا لگے گا، دیکھتا ہوں وقت کیسے بنتا ہے۔,4.0,4.0,4.0,4.0,0.0,0.0,1.0,0.0,A,True
24,B,شکریہ یار، شاید آ جاؤں، دیکھتے ہیں۔,2.0,2.0,2.0,1.0,1.0,0.0,0.4375,0.125,A,False
24,C,بہت شکریہ، اگر ممکن ہوا تو لنچ کر لیں گے۔,2.0,1.0,1.0,1.0,1.0,0.0,0.3125,0.125,A,False
25,A,بہت شکریہ، آپ کی محبت ہے، ان شاء اللہ ضرور آنے کی کوشش کروں گا۔,4.0,3.5,4.0,4.0,0.0,0.0,0.9688,0.0,A,True
25,B,جی ساس صاحبہ، شکریہ، اگر ممکن ہوا تو ضرور آؤں گا۔,1.0,1.0,1.0,1.0,2.0,0.0,0.25,0.25,A,False
25,C,جی، آپ کا بہت شکریہ، میں کوشش کروں گا کہ ضرور آ سکوں۔,2.0,2.0,2.0,2.0,1.0,0.0,0.5,0.125,A,False
26,A,بہت شکریہ، اچھا لگے گا، ان شاء اللہ آنے کی کوشش کروں گا۔,3.5,3.5,3.5,4.0,0.0,0.0,0.9062,0.0,A,True
26,B,بہت شکریہ، اگر ممکن ہوا تو آ جاؤں گا۔,2.0,2.0,2.0,1.0,1.0,0.0,0.4375,0.125,A,False
26,C,میں دیکھتا ہوں، اگر وقت ملا تو آ جاؤں گا۔,1.0,1.0,1.0,1.0,2.0,0.0,0.25,0.25,A,False
27,A,بہت شکریہ، آپ کی محبت ہے، ان شاء اللہ آنے کی کوشش کروں گا۔,3.5,3.5,4.0,4.0,0.0,0.0,0.9375,0.0,A,True
27,B,بہت شکریہ، میں کوشش کروں گا کہ آ سکوں۔,2.0,1.0,1.0,1.0,2.0,0.0,0.3125,0.25,A,False
27,C,آپ کی مہربانی، اگر وقت ملا تو آ جاؤں گا۔,2.0,1.0,1.0,1.0,2.0,0.0,0.3125,0.25,A,False
28,A,یار، اچھا لگے گا، ان شاء اللہ ملتے ہیں۔,3.5,3.5,3.5,4.0,0.0,0.0,0.9062,0.0,A,True
28,B,ہاں یار، ٹھیک ہے، دیکھتا ہوں کب آ سکتا ہوں۔,1.0,1.0,1.0,1.0,2.0,0.0,0.25,0.25,A,False
28,C,ٹھیک ہے یار، اگر وقت ملا تو آ جاؤں گا۔,1.0,1.0,1.0,1.0,2.0,0.0,0.25,0.25,A,False
29,A,سر، آپ نے یاد کیا یہی میرے لیے کافی ہے، لیکن آج پہلے سے ایک مصروفیت ہے۔,3.5,3.5,4.0,4.0,0.0,0.0,0.9375,0.0,A,True
29,B,بہت شکریہ سر، لیکن آج میرے لیے ممکن نہیں ہوگا۔,2.0,2.0,2.0,1.0,1.0,0.0,0.4375,0.125,A,False
29,C,شکریہ سر، لیکن آج میں مصروف ہوں۔,2.0,2.0,2.0,2.0,1.0,0.0,0.5,0.125,A,False
30,A,جی ماموں جان، آپ نے یاد کیا، ان شاء اللہ ضرور آؤں گی۔,3.0,3.5,3.5,4.0,0.0,0.0,0.875,0.0,A,True
30,B,جی ماموں جان، آپ کا شکریہ، اگر ممکن ہوا تو ضرور آؤں گی۔,2.0,2.0,2.0,1.0,2.0,0.0,0.4375,0.25,A,False
30,C,شکریہ ماموں جان، میں ہفتے کو آنے کی کوشش کروں گی۔,2.0,2.0,2.0,1.0,1.0,0.0,0.4375,0.125,A,False
31,A,معذرت کے ساتھ میں آج تھوڑا مصروف ہوں، کسی اور دن کا پلان بناتے ہیں۔,3.5,4.0,4.0,4.0,0.0,0.0,0.9688,0.0,A,True
31,B,یار، آج مصروف ہوں، کسی اور دن چلتے ہیں۔,2.0,2.0,2.0,2.0,0.0,0.0,0.5,0.0,A,False
31,C,یار، آج نہیں، پھر کبھی چلیں گے۔,1.0,1.0,1.0,1.0,2.0,0.0,0.25,0.25,A,False
32,A,ماشاء اللہ، اچھا لگے گا، ان شاء اللہ شریک ہونے کی کوشش کروں گا۔,4.0,3.5,4.0,4.0,0.0,0.0,0.9688,0.0,A,True
32,B,شکریہ، میں کوشش کروں گا کہ آج شام آ سکوں۔,2.0,2.0,2.0,2.0,1.0,0.0,0.5,0.125,A,False
32,C,شکریہ، شاید آج شام آ سکوں۔,1.0,1.0,1.0,1.0,1.0,0.0,0.25,0.125,A,False
33,A,خالہ جان، آپ نے یاد کیا، یہ میرے لیے خوشی کی بات ہے، ان شاء اللہ ضرور آؤں گی۔,3.5,3.0,4.0,4.0,0.0,0.0,0.9062,0.0,A,True
33,B,خالہ جان، بہت شکریہ، اگر ممکن ہوا تو کل آ جاؤں گی۔,2.0,2.0,2.0,1.0,1.0,0.0,0.4375,0.125,A,False
33,C,جی، ان شاء اللہ کل آنے کی کوشش کروں گی۔,2.0,2.0,2.0,1.0,0.0,0.0,0.4375,0.0,A,False
34,A,یہ اچھی تجویز ہے، ساتھ کچھ وقت بھی گزار لیں گے۔,4.0,3.5,4.0,4.0,0.0,0.0,0.9688,0.0,A,True
34,B,اچھا ہے، پھر چلتے ہیں۔,1.0,1.0,1.0,1.0,2.0,0.0,0.25,0.25,A,False
34,C,اگر وقت ملا تو ساتھ کھانا کھا لیں گے۔,1.0,1.0,1.0,1.0,2.0,0.0,0.25,0.25,A,False
35,A,آنٹی، معذرت چاہتی ہوں، میں مصروفیت کی وجہ سے نہیں آ سکوں گی۔,4.0,4.0,4.0,4.0,0.0,0.0,1.0,0.0,A,True
35,B,آنٹی، آج مشکل ہے، نہیں آ سکتی۔,1.0,1.0,1.0,1.0,2.0,0.0,0.25,0.25,A,False
35,C,آنٹی، شکریہ۔ وقت ملا تو آؤں گی۔,1.0,1.0,1.0,1.0,2.0,1.0,0.25,0.375,A,False
36,A,آپ کی محبت کا شکریہ آپ نے فرمایا ہے تو ضرور شامل ہوں گا۔,4.0,4.0,4.0,4.0,0.0,0.0,1.0,0.0,A,True
36,B,جی، شکریہ، اگر وقت ہوا تو آپ کے ساتھ کھانا کھا لوں گا۔,2.0,2.0,2.0,1.0,1.0,0.0,0.4375,0.125,A,False
36,C,جی، شکریہ، اگر میرا وقت ہوا تو ضرور آ جاؤں گا۔,2.0,2.0,2.0,1.0,1.0,0.0,0.4375,0.125,A,False
37,A,آپ کی دعائیں اور شفقت ہی میرے لیے کافی ہیں، فی الحال اس کی ضرورت نہیں۔,4.0,4.0,4.0,4.0,0.0,0.0,1.0,0.0,A,True
37,B,شکریہ، مگر ابھی مجھے پیسوں کی ضرورت نہیں ہے۔,1.0,1.0,1.0,1.0,2.0,0.0,0.25,0.25,A,False
37,C,بہت شکریہ، مگر میں یہ رقم ابھی نہیں لے سکتا۔,1.0,1.0,1.0,1.0,2.0,0.0,0.25,0.25,A,False
38,A,امی جان، آپ کی محبت ہی میرے لیے کافی ہے  شکریہ۔,4.0,3.5,4.0,4.0,0.0,0.0,0.9688,0.0,A,True
38,B,امی جان، شکریہ، مگر آپ یہ چوڑیاں اپنے پاس رکھیں۔,1.0,1.0,1.0,1.0,2.0,1.0,0.25,0.375,A,False
38,C,نہیں امی جان، شکریہ، مجھے چوڑیاں نہیں چاہئیں۔,1.0,1.0,1.0,1.0,2.0,0.0,0.25,0.25,A,False
39,A,تم نے یاد رکھا، یہی کافی ہے، اتنا تکلف کیوں کیا؟,3.5,3.5,4.0,4.0,0.0,0.0,0.9375,0.0,A,True
39,B,شکریہ، لیکن میں یہ تحفہ اپنے پاس نہیں رکھوں گا۔,1.0,1.0,1.0,1.0,2.0,0.0,0.25,0.25,A,False
39,C,بہت شکریہ، لیکن میں یہ تحفہ نہیں لے سکتا۔,1.0,1.0,1.0,1.0,2.0,0.0,0.25,0.25,A,False
40,A,ماموں جان، یہ آپ کے پاس ہی زیادہ مناسب لگتی ہے، آپ نے میرے بارے میں سوچا یہی میرے لیے اعزاز ہے۔,4.0,4.0,4.0,4.0,0.0,0.0,1.0,0.0,A,True
40,B,نہیں ماموں جان، شکریہ، آپ یہ اپنے پاس ہی رکھیں۔,1.0,1.0,1.0,1.0,2.0,1.0,0.25,0.375,A,False
40,C,ماموں جان، بہت شکریہ، لیکن میں یہ انگوٹھی نہیں لے سکتا۔,1.0,1.0,1.0,1.0,2.0,1.0,0.25,0.375,A,False
41,A,آپ کی محبت سر آنکھوں پر، مگر آپ کی نیک نیتی ہی میرے لیے کافی ہے۔,4.0,3.5,4.0,4.0,0.0,0.0,0.9688,0.0,A,True
41,B,بہت شکریہ، مگر فی الحال مجھے اس تحفے کی ضرورت نہیں ہے۔,1.0,1.0,1.0,1.0,2.0,1.0,0.25,0.375,A,False
41,C,شکریہ، مگر میں یہ تحفہ قبول کرنے سے معذرت چاہتا ہوں۔,1.0,1.0,1.0,1.0,2.0,0.0,0.25,0.25,A,False
42,A,سر، آپ نے مجھے اس قابل سمجھا، یہی میرے لیے بڑی بات ہے۔,3.5,3.5,4.0,4.0,0.0,0.0,0.9375,0.0,A,True
42,B,سر، بہت شکریہ، لیکن میں یہ کتاب قبول نہیں کر سکتا۔,1.0,1.0,1.0,1.0,2.0,1.0,0.25,0.375,A,False
42,C,سر، شکریہ، لیکن میں یہ کتاب نہیں لوں گا۔,1.0,1.0,1.0,1.0,2.0,1.0,0.25,0.375,A,False
43,A,تم نے یاد رکھا، یہی میرے لیے بڑی بات ہے، اتنا تکلف نہ کرتے۔,3.5,4.0,4.0,4.0,0.0,0.0,0.9688,0.0,A,True
43,B,یار، بہت شکریہ، لیکن ابھی یہ تحفہ نہیں لے سکتا۔,1.0,1.0,1.0,1.0,2.0,0.0,0.25,0.25,A,False
43,C,یار، شکریہ، لیکن مجھے یہ تحفہ نہیں چاہیے۔,1.0,1.0,1.0,1.0,2.0,0.0,0.25,0.25,A,False
44,A,آپی، آپ کی محبت اپنی جگہ، لیکن اس کی واقعی ضرورت نہیں تھی۔,3.5,3.5,4.0,4.0,0.0,0.0,0.9375,0.0,A,True
44,B,آپی، مجھے اس اسکارف کی ضرورت نہیں ہے۔,1.0,1.0,1.0,1.0,2.0,0.0,0.25,0.25,A,False
44,C,آپی، لیکن یہ اسکارف میرے کام کا نہیں ہے۔,1.0,1.0,1.0,0.5,2.0,0.0,0.2188,0.25,A,False
45,A,ارے یار، بہت شکریہ، اتنی زحمت کرنے کی ضرورتہیں تھی ۔,4.0,4.0,4.0,4.0,0.0,0.0,1.0,0.0,A,True
45,B,ارے یار، شکریہ، لیکن میں یہ نہیں لینا چاہتا۔,1.0,1.0,1.0,1.0,2.0,0.0,0.25,0.25,A,False
45,C,یار، تم یہ واپس رکھ لو، مجھے اس کی ضرورت نہیں۔,1.0,1.0,1.0,1.0,2.0,1.0,0.25,0.375,A,False
46,A,ابا جان، فی الحال ضرورت نہیں، آپ کا خیال ہی میرے لیے کافی ہے۔,3.5,4.0,4.0,4.0,0.0,0.0,0.9688,0.0,A,True
46,B,ابا جان، بہت شکریہ، لیکن فی الحال مجھے ضرورت نہیں ہے۔,1.0,1.0,1.0,1.0,2.0,0.0,0.25,0.25,A,False
46,C,ابا جان، بہت شکریہ، لیکن میں یہ رقم ابھی نہیں لے سکتا۔,1.0,1.0,1.0,1.0,2.0,0.0,0.25,0.25,A,False
47,A,آپ کی نیک نیتی ہی میرے لیے کافی ہے، اتنا تکلف نہ کرتے۔,4.0,3.0,3.0,4.0,0.0,0.0,0.875,0.0,A,True
47,B,بہت شکریہ، لیکن میں یہ تحفہ نہیں لے سکتا۔,1.0,1.0,1.0,1.0,2.0,0.0,0.25,0.25,A,False
47,C,آپ کا شکریہ، لیکن مجھے اس تحفے کی ضرورت نہیں ہے۔,1.0,1.0,1.0,1.0,2.0,0.0,0.25,0.25,A,False
48,A,آپ کی دعا ہی میرے لیے  کافی ہے بہت شکریہ اسکی ضرورت نہیں۔,3.5,3.5,4.0,4.0,0.0,0.0,0.9375,0.0,A,True
48,B,آپ کی بہت مہربانی، لیکن فی الحال مجھے اس کی ضرورت نہیں ہے۔,1.0,1.0,1.0,1.0,2.0,0.0,0.25,0.25,A,False
48,C,آپ کا بہت شکریہ، لیکن میں یہ رقم نہیں لے سکتا۔,1.0,1.0,1.0,1.0,2.0,0.0,0.25,0.25,A,False
49,A,تم نے میرے لیے سوچا، یہی میرے لیے خوشی کی بات ہے، اتنا تکلف نہ کرتی۔,4.0,3.5,4.0,4.0,0.0,0.0,0.9688,0.0,A,True
49,B,بھابھی، بہت شکریہ، لیکن مجھے اس شال کی ضرورت نہیں ہے۔,1.0,1.0,1.0,1.0,2.0,0.0,0.25,0.25,A,False
49,C,بھابھی، شکریہ، لیکن میں یہ شال نہیں لے سکتی۔,1.0,1.0,1.0,0.5,2.0,0.0,0.2188,0.25,A,False
50,A,سر، آپ کی حوصلہ افزائی ہی میرے لیے بڑی بات ہے۔,4.0,3.0,3.0,4.0,0.0,0.0,0.875,0.0,A,True
50,B,سر، شکریہ، لیکن مجھے اس انعام کی ضرورت نہیں ہے۔,1.0,1.0,1.0,1.0,2.0,0.0,0.25,0.25,A,False
50,C,سر، شکریہ، لیکن میں یہ انعام نہیں لے سکتا۔,1.0,1.0,1.0,1.0,2.0,0.0,0.25,0.25,A,False
51,A,دادی جان، آپ نے اپنے ہاتھ سے بنایا، یہی میرے لیے سب سے بڑا تحفہ ہے، اتنی زحمت نہ کرتیں۔,4.0,4.0,4.0,4.0,0.0,0.0,1.0,0.0,A,True
51,B,دادی جان، بہت شکریہ، لیکن مجھے اس سویٹر کی ضرورت نہیں ہے۔,2.0,2.0,2.0,1.0,1.0,0.0,0.4375,0.125,A,False
51,C,دادی جان، شکریہ، لیکن میں یہ سویٹر نہیں لے سکتا۔,2.0,1.0,2.0,1.0,1.0,0.0,0.375,0.125,A,False
52,A,ابّا جان، آپ کی دعائیں ہی میرے لیے کافی ہیں، مجھے اس کے علاوہ کچھ نہیں چاہیے۔,4.0,4.0,4.0,4.0,0.0,0.0,1.0,0.0,A,True
52,B,ابّا جان، بہت شکریہ، لیکن میں یہ گھڑی قبول نہیں کر سکتا۔,2.0,1.0,1.0,1.0,2.0,0.0,0.3125,0.25,A,False
52,C,ابّا جان، شکریہ، لیکن مجھے یہ گھڑی نہیں چاہیے۔,2.0,1.0,1.0,1.0,2.0,0.0,0.3125,0.25,A,False
53,A,سر، اس سب کی ضرورت نہیں، بس آپ کی رہنمائی ہی میرے لیے کافی ہے۔,3.5,4.0,4.0,4.0,0.0,0.0,0.9688,0.0,A,True
53,B,سر، بہت شکریہ، لیکن میں یہ تحفہ قبول نہیں کر سکتا۔,2.0,2.0,2.0,1.0,1.0,0.0,0.4375,0.125,A,False
53,C,سر، شکریہ، لیکن مجھے اس تحفے کی ضرورت نہیں ہے۔,1.0,1.0,1.0,1.0,2.0,0.0,0.25,0.25,A,False
54,A,باجی، شکریہ، لیکن اس سب کی ضرورت نہیں ہے۔,4.0,4.0,4.0,4.0,0.0,0.0,1.0,0.0,A,True
54,B,باجی، یہ لباس میرے لیے مت خریدیں۔,1.0,1.0,1.0,0.0,2.0,0.0,0.1875,0.25,A,False
54,C,باجی، مجھے یہ لباس نہیں چاہیے، آپ رہنے دیں۔,1.0,1.0,1.0,0.0,2.0,0.0,0.1875,0.25,A,False
55,A,خالہ جان، آپ نے بہت محبت سے دیا ہے، آپ کا خلوص ہی میرے لیے کافی ہے بہت شکریہ۔,4.0,3.0,4.0,4.0,0.0,0.0,0.9375,0.0,A,True
55,B,خالہ جان، شکریہ، یہ تحفہ مجھے پسند آیا۔,2.0,1.0,1.0,0.0,2.0,0.0,0.25,0.25,A,False
55,C,خالہ جان، بہت شکریہ، میں یہ تحفہ خوشی سے رکھ لوں گی۔,2.0,1.0,1.0,0.0,2.0,0.0,0.25,0.25,A,False
56,A,ارے یار، اس کی کیا ضرورت تھی؟ پھر بھی تم نے یاد رکھا، اچھا لگا۔,3.5,3.5,4.0,4.0,0.0,0.0,0.9375,0.0,A,True
56,B,یار، شکریہ، تحفہ واقعی اچھا ہے۔,1.0,1.0,1.0,0.0,2.0,0.0,0.1875,0.25,A,False
56,C,ارے یار، بہت شکریہ، مجھے یہ تحفہ بہت اچھا لگا۔,1.0,1.0,1.0,0.0,2.0,0.0,0.1875,0.25,A,False
57,A,دادی جان، یہ بہت خوبصورت ہے، مگر میرے لیے آپ کی دعائیں ہی سب سے قیمتی ہیں۔,4.0,4.0,4.0,4.0,0.0,0.0,1.0,0.0,A,True
57,B,دادی جان، یہ جوڑا مجھے بہت اچھا لگا۔,1.0,1.0,1.0,0.0,2.0,0.0,0.1875,0.25,A,False
57,C,دادی ، یہ بہت اچھا جوڑا ہے، میں رکھ لوں گی۔,1.0,1.0,1.0,0.0,2.0,0.0,0.1875,0.25,A,False
58,A,سر، بہت شکریہ، مگر آپ کو اس کی تکلیف نہیں کرنی چاہیے تھی۔ یہ کامیابی تو ہم دونوں کی مشترکہ محنت کا نتیجہ ہے۔,4.0,4.0,4.0,4.0,0.0,0.0,1.0,0.0,A,True
58,B,سر، بہت شکریہ، مجھے یہ تحفہ بہت اچھا لگا۔,1.0,1.0,1.0,0.0,2.0,0.0,0.1875,0.25,A,False
58,C,سر، شکریہ، یہ تحفہ مجھے بہت پسند آیا۔,1.0,1.0,1.0,0.0,2.0,0.0,0.1875,0.25,A,False
59,A,ارے یار، تم آ گئے، میرے لیے یہی یہی کافی تھا۔,3.5,3.5,3.5,3.5,0.0,0.0,0.875,0.0,A,True
59,B,یار، شکریہ، اچھا تحفہ ہے، مجھے پسند آیا۔,1.0,1.0,1.0,1.0,2.0,0.0,0.25,0.25,A,False
59,C,ارے یار، بہت شکریہ، مجھے یہ تحفہ بہت اچھا لگا۔,1.0,1.0,1.0,1.0,2.0,0.0,0.25,0.25,A,False
60,A,امی جان، آپ نے میرے لیے اتنا خیال رکھا، یہ میرے لیے بہت خوشی کی بات ہے۔,2.5,2.0,2.0,2.5,2.0,0.0,0.5625,0.25,A,True
60,B,امی جان، بہت شکریہ، مجھے یہ کپڑے بہت پسند آئے۔,1.0,1.0,1.0,0.0,2.0,0.0,0.1875,0.25,A,False
60,C,امی جان، شکریہ، کپڑے بہت اچھے ہیں، میں رکھ لیتی ہوں۔,1.0,1.0,1.0,1.0,2.0,0.0,0.25,0.25,A,False
61,A,ماموں جان، آپ نے اتنا خیال رکھا، یہ میرے لیے بہت معنی رکھتا ہے۔,4.0,3.0,4.0,4.0,0.0,0.0,0.9375,0.0,A,True
61,B,ماموں جان، بہت شکریہ، مجھے یہ تحفہ بہت اچھا لگا۔,1.0,1.0,1.0,1.0,2.0,0.0,0.25,0.25,A,False
61,C,ماموں جان، شکریہ، اچھا تحفہ ہے، میں رکھ لیتا ہوں۔,1.0,1.0,1.0,1.0,2.0,0.0,0.25,0.25,A,False
62,A,آپ کا آنا ہی کافی تھا، لیکن پھر بھی بہت شکریہ۔,3.0,3.0,3.0,4.0,0.0,0.0,0.8125,0.0,A,True
62,B,بہت شکریہ، آپ کا تحفہ مجھے بہت پسند آیا۔,1.0,1.0,1.0,1.0,2.0,0.0,0.25,0.25,A,False
62,C,بہت شکریہ، آپ نے تحفہ دیا، مجھے بہت اچھا لگا۔,1.0,1.0,1.0,1.0,2.0,0.0,0.25,0.25,A,False
63,A,سر، یہ میرے لیے اعزاز ہے، بہت شکریہ۔,4.0,3.0,4.0,4.0,0.0,0.0,0.9375,0.0,A,True
63,B,سر، بہت شکریہ، مجھے یہ کتاب بہت اچھی لگی۔,1.0,1.0,1.0,1.0,2.0,0.0,0.25,0.25,A,False
63,C,سر، ٹھیک ہے، شکریہ، میں یہ کتاب رکھ لیتا ہوں۔,1.0,1.0,1.0,1.0,2.0,0.0,0.25,0.25,A,False
64,A,بہت شکریہ! تم نے اتنی محبت سے دیا ہے تو رکھ لیتی ہوں، ورنہ اس تکلف کی بالکل ضرورت نہیں تھی۔,4.0,4.0,4.0,4.0,0.0,0.0,1.0,0.0,A,True
64,B,بہت شکریہ، مجھے یہ تحفہ بہت پسند آیا، میں رکھ لیتی ہوں۔,1.0,1.0,1.0,1.0,2.0,0.0,0.25,0.25,A,False
64,C,شکریہ، یہ تحفہ اچھا ہے، میں رکھ لیتی ہوں۔,1.0,1.0,1.0,1.0,2.0,0.0,0.25,0.25,A,False
65,A,چچا جان، آپ نے میرے لیے اتنا سوچا، یہ میرے لیے بہت معنی رکھتا ہے۔,4.0,3.0,4.0,4.0,0.0,0.0,0.9375,0.0,A,True
65,B,چچا جان، بہت شکریہ، مجھے یہ تحفہ بہت اچھا لگا۔,1.0,1.0,1.0,1.0,2.0,0.0,0.25,0.25,A,False
65,C,چچا جان، بہت شکریہ، میں یہ تحفہ رکھ لیتا ہوں۔,1.0,1.0,1.0,1.0,2.0,0.0,0.25,0.25,A,False
66,A,یار، تم نے یاد رکھا، یہ میرے لیے واقعی خاص بات ہے۔,4.0,3.5,4.0,4.0,0.0,0.0,0.9688,0.0,A,True
66,B,یار، بہت شکریہ، مجھے یہ تحفہ بہت اچھا لگا۔,1.0,1.0,1.0,1.0,2.0,0.0,0.25,0.25,A,False
66,C,ارے یار، شکریہ، تحفہ واقعی اچھا ہے۔,1.0,1.0,1.0,1.0,2.0,0.0,0.25,0.25,A,False
67,A,خالہ جان، آپ نے اتنا خیال رکھا، یہ میرے لیے بہت خوشی کی بات ہے۔ اس شفقت کے لیے بہت شکریہ۔,4.0,3.5,4.0,4.0,0.0,0.0,0.9688,0.0,A,True
67,B,خالہ جان، بہت شکریہ، مجھے یہ تحفہ بہت پسند آیا۔,1.0,1.0,1.0,1.0,2.0,0.0,0.25,0.25,A,False
67,C,خالہ جان، اچھا ہے، شکریہ، میں رکھ لیتا ہوں۔,1.0,1.0,1.0,1.0,2.0,0.0,0.25,0.25,A,False
68,A,ابا جان، اس کی کیا ضرورت تھی، لیکن آپ نے اتنا خیال رکھا، میں شکر گزار ہوں۔,4.0,4.0,4.0,4.0,0.0,0.0,1.0,0.0,A,True
68,B,ابا جان، بہت شکریہ، مجھے یہ تحفہ بہت اچھا لگا۔,1.0,1.0,1.0,1.0,2.0,0.0,0.25,0.25,A,False
68,C,ابا جان، بہت شکریہ، آپ کی بہت مہربانی۔,1.0,1.0,1.0,1.0,2.0,0.0,0.25,0.25,A,False
69,A,آپ نے اتنا خیال رکھا، یہ میرے لیے بہت خوشی کی بات ہے۔,3.5,3.0,4.0,4.0,0.0,0.0,0.9062,0.0,A,True
69,B,بہت شکریہ، آپ کا تحفہ مجھے بہت اچھا لگا۔,1.0,1.0,1.0,1.0,2.0,0.0,0.25,0.25,A,False
69,C,بہت شکریہ، یہ اچھا تحفہ ہے، مجھے پسند آیا۔,1.0,1.0,1.0,1.0,2.0,0.0,0.25,0.25,A,False
70,A,سر، آپ نے مجھے اس قابل سمجھا، یہی میرے لیے سب سے بڑا اعزاز ہے۔,4.0,3.5,4.0,4.0,0.0,0.0,0.9688,0.0,A,True
70,B,سر، بہت شکریہ، یہ میرے لیے بہت خوشی کی بات ہے۔,2.0,2.0,2.0,1.0,2.0,0.0,0.4375,0.25,A,False
70,C,سر، بہت شکریہ، مجھے یہ انعام بہت اچھا لگا۔,2.0,2.0,2.0,1.0,2.0,0.0,0.4375,0.25,A,False
71,A,ارے یار! تم خود ملنے آ گئے میرے لیے یہی بہت تھا، اس تکلف کی کیا ضرورت تھی۔,4.0,3.5,4.0,4.0,0.0,0.0,0.9688,0.0,A,True
71,B,ارے یار، بہت شکریہ، مجھے یہ تحفہ بہت اچھا لگا۔,2.0,2.0,2.0,1.0,1.0,0.0,0.4375,0.125,A,False
71,C,ارے یار، بہت شکریہ، تم نے میرے لیے تحفہ لایا، بہت اچھا لگا۔,2.0,2.0,2.0,1.0,1.0,0.0,0.4375,0.125,A,False
72,A,آپ نے میرے لیے اتنا خیال رکھا، یہ میرے لیے بہت معنی رکھتا ہے۔,4.0,3.0,4.0,4.0,0.0,0.0,0.9375,0.0,A,True
72,B,آپ کی بہت مہربانی، مجھے بہت خوشی ہوئی۔,1.0,1.0,1.0,1.0,2.0,0.0,0.25,0.25,A,False
72,C,بہت شکریہ، مجھے یہ تحفہ بہت اچھا لگا۔,1.0,1.0,1.0,1.0,2.0,0.0,0.25,0.25,A,False
73,A,یار، تم نے پوچھ لیا یہی بہت ہے، ضرورت ہوئی تو ضرور کہوں گا۔,3.5,4.0,4.0,4.0,0.0,0.0,0.9688,0.0,A,True
73,B,یار، شکریہ، ابھی ضرورت نہیں ہے۔,2.0,2.0,2.0,2.0,1.0,0.0,0.5,0.125,A,False
73,C,یار، شکریہ، میں خود کر لوں گا۔,2.0,2.0,2.0,2.0,1.0,0.0,0.5,0.125,A,False
74,A,شکریہ یار، تم نے پوچھ لیا یہی کافی ہے، ابھی کام تقریباً ہو گیا ہے۔,4.0,4.0,4.0,4.0,0.0,0.0,1.0,0.0,A,True
74,B,یار، شکریہ، لیکن میں خود کر لوں گا۔,2.0,2.0,2.0,2.0,1.0,0.0,0.5,0.125,A,False
74,C,نہیں یار، ابھی ضرورت نہیں، میں خود کر رہا ہوں۔,2.0,2.0,2.0,2.0,2.0,0.0,0.5,0.25,A,False
75,A,آپ کی مہربانی، ابھی تو کام چل رہا ہے، لیکن آپ نے خیال کیا یہی بہت ہے۔,4.0,4.0,4.0,4.0,0.0,0.0,1.0,0.0,A,True
75,B,آپ کی مہربانی، ابھی ضرورت نہیں ہے، کام چل رہا ہے۔,2.0,2.0,2.0,2.0,0.0,0.0,0.5,0.0,A,False
75,C,شکریہ، ابھی مجھے مدد کی ضرورت نہیں ہے، میں خود کر لوں گا۔,2.0,2.0,2.0,2.0,0.0,0.0,0.5,0.0,A,False
76,A,آپ کی مہربانی، فی الحال تو سب ٹھیک ہے، لیکن ضرورت پڑی تو ضرور بتاؤں گا۔,4.0,4.0,4.0,4.0,0.0,0.0,1.0,0.0,A,True
76,B,شکریہ، فی الحال مجھے کسی مدد کی ضرورت نہیں ہے۔,2.0,2.0,2.0,2.0,1.0,0.0,0.5,0.125,A,False
76,C,بہت شکریہ، لیکن ابھی میں خود سب سنبھال لوں گا۔,2.0,2.0,2.0,2.0,1.0,0.0,0.5,0.125,A,False
77,A,ارے نہیں، تم زحمت نہیں کرو لیکن تم نے پوچھا، یہی بہت ہے۔,3.5,4.0,4.0,4.0,0.0,0.0,0.9688,0.0,A,True
77,B,شکریہ، لیکن ابھی مجھے تمہاری مدد کی ضرورت نہیں ہے۔,2.0,2.0,2.0,2.0,1.0,0.0,0.5,0.125,A,False
77,C,نہیں، شکریہ، میں اپنا کام خود کر لوں گی۔,2.0,2.0,2.0,1.0,2.0,0.0,0.4375,0.25,A,False
78,A,نہیں، فکر نہ کرو، میں سنبھال لوں گا، پھر بھی تم نے پوچھا اچھا لگا۔,3.5,4.0,4.0,4.0,0.0,0.0,0.9688,0.0,A,True
78,B,نہیں، مجھے ضرورت نہیں، میں خود چلا جاؤں گا۔,1.0,1.0,1.0,0.0,2.0,0.0,0.1875,0.25,A,False
78,C,نہیں، تم آنے کی ضرورت نہیں، میں خود سنبھال لوں گا۔,1.0,1.0,1.0,1.0,2.0,0.0,0.25,0.25,A,False
79,A,سر، یہ میرے لیے بہت حوصلہ افزا بات ہے، آپ کی رہنمائی سے یقیناً فائدہ ہوگا۔,4.0,3.0,4.0,4.0,0.0,0.0,0.9375,0.0,A,True
79,B,سر، شکریہ، فی الحال مجھے رہنمائی کی ضرورت نہیں ہے۔,1.0,1.0,1.0,1.0,2.0,0.0,0.25,0.25,A,False
79,C,سر، ضرورت ہوئی تو آپ سے پوچھ لوں گا۔,1.0,1.0,1.0,1.0,2.0,1.0,0.25,0.375,A,False
80,A,سر، آپ کی مہربانی، میں ایک بار خود بھی دیکھ لیتا ہوں، پھر ضرورت ہوئی تو آپ سے پوچھ لوں گا۔,4.0,4.0,4.0,4.0,0.0,0.0,1.0,0.0,A,True
80,B,سر، ابھی مجھے مزید وضاحت کی ضرورت نہیں ہے، میں خود دیکھ لوں گا۔,2.0,2.0,2.0,2.0,1.0,0.0,0.5,0.125,A,False
80,C,سر، شکریہ، میں پہلے خود کوشش کر لیتا ہوں۔,2.0,2.0,2.0,2.0,0.0,0.0,0.5,0.0,A,False
81,A,ارے یار، تم نے فکر کی یہی بہت ہے، لیکن اگر تم ساتھ دے دو تو کام جلد ہو جائے گا۔,4.0,3.5,4.0,4.0,0.0,0.0,0.9688,0.0,A,True
81,B,یار، ٹھیک ہے، تم یہ کام کر دو۔,1.0,1.0,1.0,0.0,2.0,0.0,0.1875,0.25,A,False
81,C,ارے یار، تم یہ کام کر دو تو بہت اچھا ہوگا۔,1.0,1.0,1.0,0.0,2.0,0.0,0.1875,0.25,A,False
82,A,امید ہے ایسا ہی ہوگا، تم نے حوصلہ دیا اس کے لیے شکریہ۔,3.5,3.5,4.0,4.0,0.0,0.0,0.9375,0.0,A,True
82,B,ہاں یار، امید ہے سب ٹھیک ہو جائے گا۔,2.0,2.0,2.0,2.0,1.0,0.0,0.5,0.125,A,False
82,C,ٹھیک ہے یار، شکریہ، دیکھتے ہیں کیا ہوتا ہے۔,1.0,1.0,1.0,1.0,1.0,0.0,0.25,0.125,A,False
83,A,امی، آپ زحمت نہ کریں، میں کر لوں گا، بس تھوڑا سا کام باقی ہے۔,3.0,4.0,4.0,4.0,0.0,0.0,0.9375,0.0,A,True
83,B,امی، ابھی مجھے مدد کی ضرورت نہیں، میں خود کر لوں گا۔,1.0,1.0,1.0,0.0,2.0,1.0,0.1875,0.375,A,False
83,C,امی، نہیں، آپ رہنے دیں، میں اپنا کام خود کر لوں گا۔,1.0,1.0,1.0,0.0,2.0,1.0,0.1875,0.375,A,False
84,A,ابا جان، آپ کی مہربانی، میں تقریباً مکمل کر چکا ہوں، پھر بھی ضرورت ہوئی تو ضرور بتاؤں گا۔,4.0,4.0,4.0,4.0,0.0,0.0,1.0,0.0,A,True
84,B,ابا جان، ابھی مجھے مدد کی ضرورت نہیں ہے، میں خود کر لوں گا۔,2.0,2.0,2.0,2.0,1.0,0.0,0.5,0.125,A,False
84,C,ابا جان، ابھی ضرورت نہیں، میں یہ کام خود مکمل کر لوں گا۔,2.0,2.0,2.0,2.0,0.0,0.0,0.5,0.0,A,False
85,A,سر، آپ کی مہربانی، میں ایک بار خود کوشش کر لیتا ہوں، ضرورت پڑی تو ضرور آپ سے رہنمائی لوں گا۔,4.0,4.0,4.0,4.0,0.0,0.0,1.0,0.0,A,True
85,B,سر، ابھی میں خود کر لوں گا، ضرورت ہوئی تو آپ کو بتا دوں گا۔,2.0,2.0,2.0,2.0,1.0,0.0,0.5,0.125,A,False
85,C,سر، شکریہ، ابھی میں خود یہ حصہ سنبھال لیتا ہوں۔,2.0,2.0,2.0,2.0,0.0,0.0,0.5,0.0,A,False
86,A,یار، تمہارا ساتھ ہونا ہی حوصلہ دیتا ہے۔,3.5,3.0,4.0,4.0,0.0,0.0,0.9062,0.0,A,True
86,B,ہاں یار، دیکھتے ہیں کیا ہوتا ہے۔,1.0,1.0,1.0,1.0,1.0,0.0,0.25,0.125,A,False
86,C,ہاں یار، شکریہ۔,1.0,1.0,1.0,1.0,1.0,0.0,0.25,0.125,A,False
87,A,نہیں یار، مجھے ایک بار اور کوشش کرنے دو، ضرورت ہوئی تو تمہاری مدد لے لوں گا۔,3.5,4.0,4.0,4.0,0.0,0.0,0.9688,0.0,A,True
87,B,یار، ابھی رہنے دو، میں خود ہی کر لیتا ہوں۔,2.0,2.0,2.0,2.0,0.0,0.0,0.5,0.0,A,False
87,C,نہیں یار، مجھے تمہاری مدد کی ضرورت نہیں، میں خود کر لوں گا۔,2.0,2.0,2.0,1.0,1.0,0.0,0.4375,0.125,A,False
88,A,پھوپھو جان، میں سارا کام سنبھال لوں گی، آپ بس آرام کریں۔,4.0,4.0,4.0,4.0,0.0,0.0,1.0,0.0,A,True
88,B,پھوپھو جان، ابھی مجھے مدد کی ضرورت نہیں ہے، میں خود کر لوں گی۔,2.0,2.0,2.0,2.0,1.0,0.0,0.5,0.125,A,False
88,C,پھوپھو، آپ رہنے دیں، میں یہ کام خود کر لوں گی۔,2.0,2.0,2.0,2.0,0.0,0.0,0.5,0.0,A,False
89,A,سر، بہت شکریہ، مگر ابھی صرف تھوڑا سا کام باقی ہے، میں خود مکمل کر لوں گا,4.0,4.0,4.0,4.0,0.0,0.0,1.0,0.0,A,True
89,B,سر، ابھی مجھے مدد کی ضرورت نہیں ہے، میں خود مکمل کر لوں گا۔,2.0,2.0,2.0,2.0,2.0,0.0,0.5,0.25,A,False
89,C,سر، شکریہ، آپ رہنے دیں، میں یہ کام خود کر لوں گا۔,2.0,2.0,2.0,2.0,1.0,0.0,0.5,0.125,A,False
90,A,یار، بس کام مکمل ہو گیا، تمہارا بہت شکریہ۔,4.0,4.0,4.0,4.0,0.0,0.0,1.0,0.0,A,True
90,B,یار، شکریہ، کام ہو گیا، تم نے مدد کر دی۔,2.0,2.0,2.0,1.0,1.0,0.0,0.4375,0.125,A,False
90,C,شکریہ یار، اب کام مکمل ہو گیا ہے۔,2.0,2.0,2.0,1.0,1.0,0.0,0.4375,0.125,A,False
91,A,یارتمہاری مہربانی اس دفعہ مجھے دینے دو اگلی بار تم دے دینا۔,3.5,4.0,4.0,4.0,0.0,0.0,0.9688,0.0,A,True
91,B,شکریہ، چلو تم دے دو۔,1.0,1.0,1.0,1.0,1.0,0.0,0.25,0.125,A,False
91,C,اگر چاہو تو دے سکتے ہو، لیکن مجھے بھی کوئی مسئلہ نہیں۔,1.0,1.0,1.0,1.0,1.0,0.0,0.25,0.125,A,False
92,A,یار، ایسا نہیں ہو سکتا ہر بار تم ہی بچ جاتے ہو، آج مجھے بل دینے دو۔,3.5,4.0,4.0,4.0,0.0,0.0,0.9688,0.0,A,True
92,B,ہر بار کی طرح آج بھی تم دو گے، بل ہے نا؟,1.0,1.0,1.0,1.0,2.0,0.0,0.25,0.25,A,False
92,C,اس بار بھی تم بل دینا چاہتے ہو؟,1.0,1.0,1.0,1.0,2.0,0.0,0.25,0.25,A,False
93,A,بہت مہربانی، لیکن اس بار مجھے یہ موقع دیجیے۔,4.0,4.0,4.0,4.0,0.0,0.0,1.0,0.0,A,True
93,B,اس میں اجازت کی کیا بات ہے، آپ کر سکتے ہیں۔,1.0,1.0,1.0,0.0,2.0,0.0,0.1875,0.25,A,False
93,C,تم کرو یا میں، اس میں کیا مسئلہ ہے؟ ایک ہی بات ہے۔,2.0,2.0,2.0,1.0,1.0,0.0,0.4375,0.125,A,False
94,A,آپ کی نوازش ہے، لیکن اس بار مجھے یہ خوشی حاصل کرنے دیجیے۔,4.0,4.0,4.0,4.0,0.0,0.0,1.0,0.0,A,True
94,B,آج بل میں ادا کروں گا، آپ رہنے دیں۔,2.0,2.0,2.0,2.0,1.0,0.0,0.5,0.125,A,False
94,C,آج کا بل مجھے دینے دیں۔,2.0,2.0,2.0,2.0,1.0,0.0,0.5,0.125,A,False
95,A,بھائی، ہر بار آپ ہی دیتے ہیں، اس بار مجھے دینے دیجیے۔,3.5,3.5,4.0,4.0,0.0,0.0,0.9375,0.0,A,True
95,B,بھائی، میں آج کا بل دے دیتی ہوں۔,2.0,2.0,2.0,2.0,0.0,0.0,0.5,0.0,A,False
95,C,بھائی، تم رہنے دو، میں بل دے دوں گی۔,2.0,2.0,2.0,2.0,1.0,0.0,0.5,0.125,A,False
96,A,باجی، آپ کی مہربانی، لیکن اس بار مجھے دینے دیجیے۔,4.0,4.0,4.0,4.0,0.0,0.0,1.0,0.0,A,True
96,B,باجی، میں آج کا بل دے دیتا ہوں۔,2.0,2.0,2.0,2.0,0.0,0.0,0.5,0.0,A,False
96,C,باجی، تم رہنے دو، میں خود بل دے دوں گا۔,2.0,2.0,2.0,2.0,1.0,0.0,0.5,0.125,A,False
97,A,سر، آپ کی عنایت ہے، لیکن آپ نے پہلے ہی بہت وقت دیا، مجھے بھی کچھ خدمت کا موقع دیجیے۔,4.0,4.0,4.0,4.0,0.0,0.0,1.0,0.0,A,True
97,B,سر، آج بل میں ہی ادا کر دیتا ہوں۔,2.0,2.0,2.0,2.0,1.0,0.0,0.5,0.125,A,False
97,C,سر، آپ رہنے دیں، آج بل میں دے دیتا ہوں۔,2.0,2.0,2.0,2.0,0.0,0.0,0.5,0.0,A,False
98,A,سر، یہ آپ کی مہربانی ہے، لیکن واقعی اس کی ضرورت نہیں۔,4.0,4.0,4.0,4.0,0.0,0.0,1.0,0.0,A,True
98,B,سر، آج بل میں ہی ادا کر دیتا ہوں۔,2.0,2.0,2.0,2.0,1.0,0.0,0.5,0.125,A,False
98,C,سر، آپ رہنے دیں، آج بل میں دے دیتا ہوں۔,2.0,2.0,2.0,2.0,1.0,0.0,0.5,0.125,A,False
99,A,اچھا یار، اس بار تمہاری مرضی، لیکن اگلی بار مجھے موقع دینا۔,3.5,3.5,4.0,4.0,0.0,0.0,0.9375,0.0,A,True
99,B,ٹھیک ہے یار، تم ہی دے دو۔,1.0,1.0,1.0,1.0,2.0,0.0,0.25,0.25,A,False
99,C,اچھا، تم دے دو، مجھے کوئی مسئلہ نہیں۔,1.0,1.0,1.0,1.0,2.0,0.0,0.25,0.25,A,False
100,A,شکریہ یار، لیکن اگلی بار مجھے موقع ضرور دینا۔,4.0,4.0,4.0,4.0,0.0,0.0,1.0,0.0,A,True
100,B,ٹھیک ہے، تم دے دو۔,1.0,1.0,1.0,1.0,2.0,0.0,0.25,0.25,A,False
100,C,ٹھیک ہے، تم دے دو، اگلی بار دیکھیں گے۔,1.0,1.0,1.0,1.0,2.0,0.0,0.25,0.25,A,False
101,A,جی ابو، جیسا آپ مناسب سمجھیں۔,3.5,3.5,4.0,4.0,0.0,0.0,0.9375,0.0,A,True
101,B,ابو، ٹھیک ہے۔,1.0,1.0,1.0,1.0,2.0,0.0,0.25,0.25,A,False
101,C,ٹھیک ہے، آپ بل دے دیں، میں کچھ نہیں کہتا۔,1.0,1.0,1.0,1.0,2.0,0.0,0.25,0.25,A,False
102,A,ابو، آپ کا خیال اپنی جگہ، لیکن اس بار مجھے موقع دیجیے۔,4.0,4.0,4.0,4.0,0.0,0.0,1.0,0.0,A,True
102,B,آپ رہنے دیں، بل میں ادا کر دیتا ہوں۔,2.0,2.0,2.0,2.0,1.0,0.0,0.5,0.125,A,False
102,C,ابو، آج بل میں دوں گا، آپ بل مجھے دے دیں۔,2.0,2.0,2.0,1.0,2.0,0.0,0.4375,0.25,A,False
103,A,جی سر، بہت شکریہ، میں آپ کی بات کا احترام کرتا ہوں۔,4.0,3.5,4.0,4.0,0.0,0.0,0.9688,0.0,A,True
103,B,سر، ٹھیک ہے، آپ ہی بل ادا کر دیں۔,1.0,1.0,1.0,0.0,2.0,0.0,0.1875,0.25,A,False
103,C,اچھا سر، آپ ہی بل دے دیں۔,1.0,1.0,1.0,0.0,2.0,0.0,0.1875,0.25,A,False
104,A,بہت شکریہ، لیکن بل بانٹ لیتے ہیں، یہی بہتر رہے گا۔,3.5,3.5,4.0,4.0,0.0,0.0,0.9375,0.0,A,True
104,B,ٹھیک ہے، آج تم دے دو۔,1.0,1.0,1.0,1.0,2.0,0.0,0.25,0.25,A,False
104,C,اچھا یار، تم دے دو، میں رہنے دیتا ہوں۔,1.0,1.0,1.0,1.0,2.0,0.0,0.25,0.25,A,False
105,A,ارے نہیں، آج مجھے موقع دو، اگلی بار تم حساب برابر کر دینا۔,3.5,3.5,4.0,4.0,0.0,0.0,0.9375,0.0,A,True
105,B,یار، اس بار بل میں دوں گا، تم آدھا مت دینا۔,2.0,2.0,2.0,2.0,0.0,0.0,0.5,0.0,A,False
105,C,میں پورا دے دیتا ہوں، کوئی بات نہیں۔,2.0,2.0,2.0,2.0,0.0,0.0,0.5,0.0,A,False
106,A,ماموں جان، آپ کی محبت کا بے حد شکریہ، مگر آج کا کھانا میری طرف سے رہنے دیجیے۔,4.0,4.0,4.0,4.0,0.0,0.0,1.0,0.0,A,True
106,B,ماموں، شکریہ، لیکن آج بل میں ہی دے دیتا ہوں۔,2.0,2.0,2.0,2.0,0.0,0.0,0.5,0.0,A,False
106,C,ماموں جان، آج بل میں دوں گا، آپ ادا نہ کریں۔,2.0,2.0,2.0,2.0,0.0,0.0,0.5,0.0,A,False
107,A,سر، آپ کی مہربانی اپنی جگہ، مگر آج مجھے یہ موقع دیجیے۔ آج کی کامیابی کی خوشی میں کھانے کا بل میں ہی ادا کروں گا۔,4.0,4.0,4.0,4.0,0.0,0.0,1.0,0.0,A,True
107,B,سر، آج بل میں دوں گا، آپ رہنے دیں۔,2.0,2.0,2.0,1.5,1.0,0.0,0.4688,0.125,A,False
107,C,سر، بہت شکریہ، لیکن آج بل میں ادا کر دیتا ہوں۔,2.0,2.0,2.0,2.0,1.0,0.0,0.5,0.125,A,False
108,A,یار، اس بار میری طرف سے رہنے دو، پھر کبھی تم پلا دینا۔,4.0,4.0,4.0,4.0,0.0,0.0,1.0,0.0,A,True
108,B,یار، بل مجھے ہی دینا ہے، تم مت دو۔,1.0,1.0,1.0,1.0,1.0,0.0,0.25,0.125,A,False
108,C,چلو، آج تمہاری طرف سے کافی پی لیتے ہیں۔,1.0,1.0,1.0,1.0,1.0,0.0,0.25,0.125,A,False
109,A,جی دادا جان ضرور چلوں گا۔,4.0,4.0,4.0,4.0,0.0,0.0,1.0,0.0,A,True
109,B,دادا جان، اچھا، میں چلتا ہوں۔,1.0,1.0,1.0,1.0,2.0,0.0,0.25,0.25,A,False
109,C,اچھا دادا ٹھیک ہے۔,1.0,1.0,1.0,1.0,2.0,0.0,0.25,0.25,A,False
110,A,جی دادی جان، میں خیال رکھوں گی، آپ بالکل فکر نہ کریں۔,4.0,4.0,4.0,4.0,0.0,0.0,1.0,0.0,A,True
110,B,ٹھیک ہے دادی، میں دوا لے لوں گی۔,2.0,2.0,2.0,2.0,1.0,0.0,0.5,0.125,A,False
110,C,ہاں دادی، میں لے لوں گی دوا۔,2.0,2.0,2.0,2.0,2.0,0.0,0.5,0.25,A,False
111,A,جی ابو، ان شاء اللہ وقت پر اٹھ جاؤں گا۔,3.5,3.5,4.0,4.0,0.0,0.0,0.9375,0.0,A,True
111,B,اچھا ابو، میں صبح اٹھ جاؤں گا۔,1.0,1.0,1.0,1.0,2.0,0.0,0.25,0.25,A,False
111,C,ٹھیک ہے ابو۔,1.0,1.0,1.0,1.0,2.0,0.0,0.25,0.25,A,False
112,A,ٹھیک ہے امی، ابھی کر دیتی ہوں۔,4.0,3.5,4.0,4.0,0.0,0.0,0.9688,0.0,A,True
112,B,اچھا، ابھی کر دیتی ہوں۔,1.0,1.0,1.0,1.0,2.0,0.0,0.25,0.25,A,False
112,C,امی، تھوڑی دیر تک کر دیتی ہوں۔,1.0,1.0,1.0,1.0,2.0,0.0,0.25,0.25,A,False
113,A,جی چچا جان، ابھی لے کر آتا ہوں۔,4.0,4.0,4.0,4.0,0.0,0.0,1.0,0.0,A,True
113,B,ابھی لاتا ہوں۔,1.0,1.0,1.0,1.0,2.0,0.0,0.25,0.25,A,False
113,C,ٹھیک ہے۔,1.0,1.0,1.0,1.0,2.0,0.0,0.25,0.25,A,False
114,A,جی خالہ جان، ابھی لے آتی ہوں۔,4.0,4.0,4.0,4.0,0.0,0.0,1.0,0.0,A,True
114,B,ایک منٹ لاتی ہوں۔,1.0,1.0,1.0,1.0,2.0,0.0,0.25,0.25,A,False
114,C,ٹھیک ہے۔,1.0,1.0,1.0,1.0,2.0,0.0,0.25,0.25,A,False
115,A,جی ماموں جان، آپ فرمائیں، میں ضرور ساتھ چلوں گا۔,4.0,4.0,4.0,4.0,0.0,0.0,1.0,0.0,A,True
115,B,ٹھیک ہے۔,1.0,1.0,1.0,1.0,2.0,0.0,0.25,0.25,A,False
115,C,ٹھیک ہے ماموں، کل ساتھ چلوں گا۔,1.0,1.0,1.0,1.0,2.0,0.0,0.25,0.25,A,False
116,A,جی سر، میں اس پر دوبارہ توجہ دوں گا۔,3.5,3.5,4.0,4.0,0.0,0.0,0.9375,0.0,A,True
116,B,ٹھیک ہے، دوبارہ پڑھ لوں گا۔,1.0,1.0,1.0,1.0,2.0,0.0,0.25,0.25,A,False
116,C,ٹھیک ہے سر۔,1.0,1.0,1.0,1.0,2.0,0.0,0.25,0.25,A,False
117,A,جی سر، میں اسے درست کر لیتا ہوں۔,4.0,4.0,4.0,4.0,0.0,0.0,1.0,0.0,A,True
117,B,سر، میرے خیال سے صحیح ہے۔,1.0,1.0,1.0,1.0,2.0,0.0,0.25,0.25,A,False
117,C,ٹھیک ہے سر، میں دیکھتا ہوں۔,2.0,2.0,2.0,1.0,2.0,0.0,0.4375,0.25,A,False
118,A,جی انکل، ابھی بند کر دیتا ہوں۔,4.0,4.0,4.0,4.0,0.0,0.0,1.0,0.0,A,True
118,B,ٹھیک ہے۔,1.0,1.0,1.0,1.0,2.0,0.0,0.25,0.25,A,False
118,C,ہاں، کر دیتا ہوں۔,1.0,1.0,1.0,1.0,2.0,0.0,0.25,0.25,A,False
119,A,جی اماں جی، ابھی اندر رکھ دیتی ہوں۔,4.0,3.5,4.0,4.0,0.0,0.0,0.9688,0.0,A,True
119,B,ابھی رکھتی ہوں۔,1.0,1.0,1.0,1.0,2.0,0.0,0.25,0.25,A,False
119,C,ٹھیک ہے۔,1.0,1.0,1.0,1.0,2.0,0.0,0.25,0.25,A,False
120,A,جی ابو، مجھ سے غلط فیصلہ ہو گیا، آئندہ آپ کی بات کا زیادہ خیال رکھوں گا۔,4.0,4.0,4.0,4.0,0.0,0.0,1.0,0.0,A,True
120,B,ٹھیک ہے، آئندہ ایسا نہیں ہوگا۔,1.0,1.0,1.0,1.0,2.0,0.0,0.25,0.25,A,False
120,C,یہ سب غلطی سے ہوا ہے۔,1.0,1.0,1.0,1.0,2.0,0.0,0.25,0.25,A,False
121,A,معاف کیجیے دادا جان، دیر ہو گئی، آئندہ خیال رکھوں گا۔,4.0,4.0,4.0,4.0,0.0,0.0,1.0,0.0,A,True
121,B,دیر ہو گئی تھی، اس لیے دیر سے گھر آیا۔,1.0,1.0,1.0,1.0,2.0,0.0,0.25,0.25,A,False
121,C,اتنی دیر تو نہیں ہوئی، آپ اتنی فکر کیوں کر رہے ہیں؟,1.0,1.0,1.0,1.0,2.0,1.0,0.25,0.375,A,False
122,A,اچھا امی، میں جلد واپس آ جاؤں گا، آپ پریشان نہ ہوں۔,3.5,4.0,4.0,4.0,0.0,0.0,0.9688,0.0,A,True
122,B,امی، آپ کو اتنی فکر کرنے کی ضرورت نہیں، میں اپنا خیال رکھ سکتا ہوں۔,1.0,1.0,1.0,0.0,2.0,1.0,0.1875,0.375,A,False
122,C,ٹھیک ہے امی۔,1.0,1.0,1.0,1.0,2.0,0.0,0.25,0.25,A,False
123,A,جی تایا جان، میں پوری توجہ سے سن رہا ہوں۔,4.0,4.0,4.0,4.0,0.0,0.0,1.0,0.0,A,True
123,B,جی تایا، بتائیں کیا بات ہے؟,1.0,1.0,1.0,1.0,2.0,0.0,0.25,0.25,A,False
123,C,تایا، میں ابھی مصروف ہوں، بعد میں بتا دیجیے گا۔,1.0,1.0,1.0,0.0,2.0,0.0,0.1875,0.25,A,False
124,A,دادا جان، میں بالکل ٹھیک ہوں، آپ فکر نہ کریں۔ یہ سامان میں خود ہی اٹھا لوں گا۔,4.0,4.0,4.0,4.0,0.0,0.0,1.0,0.0,A,True
124,B,دادا، آپ رہنے دیں، آپ سے یہ سامان نہیں اٹھے گا۔,1.0,1.0,1.0,1.0,2.0,0.0,0.25,0.25,A,False
124,C,ٹھیک ہے دادا جان، اگر آپ اٹھانا چاہتے ہیں تو آپ ہی اٹھا لیں۔,1.0,1.0,1.0,0.0,2.0,0.0,0.1875,0.25,A,False
125,A,بہت شکریہ سر، بس یہ کام مکمل کر لوں، پھر کچھ دیر آرام کر لیتا ہوں۔,4.0,4.0,4.0,4.0,0.0,0.0,1.0,0.0,A,True
125,B,سر، ابھی آرام کا وقت نہیں ہے، کام بہت زیادہ ہے، میں بعد میں دیکھ لوں گا۔,1.0,1.0,1.0,1.0,2.0,0.0,0.25,0.25,A,False
125,C,جی سر۔,1.0,1.0,1.0,1.0,2.0,0.0,0.25,0.25,A,False
126,A,شکریہ یار، تمہاری بہت مہربانی۔ چلو، تھوڑی دیر تم اٹھا لو، پھر آگے میں سنبھال لوں گا۔,4.0,4.0,4.0,4.0,0.0,0.0,1.0,0.0,A,True
126,B,نہیں یار، میں خود اٹھا لوں گا، تم اپنا سامان سنبھالو۔,1.0,1.0,1.0,1.0,2.0,0.0,0.25,0.25,A,False
126,C,تمہیں اتنی فکر کرنے کی ضرورت نہیں، میں تھکا نہیں ہوں۔,1.0,1.0,1.0,1.0,2.0,0.0,0.25,0.25,A,False
127,A,جی ابو، آپ بے فکر رہیں، میں وقت پر سب کام سنبھال لوں گا۔,3.5,4.0,4.0,4.0,0.0,0.0,0.9688,0.0,A,True
127,B,ابو، میں ابھی تھوڑا مصروف ہوں۔,1.0,1.0,1.0,1.0,2.0,0.0,0.25,0.25,A,False
127,C,ابو، بعد میں دیکھ لیں گے۔,1.0,1.0,1.0,1.0,2.0,0.0,0.25,0.25,A,False
128,A,جی امی، ابھی آتی ہوں، بتائیے کیا کرنا ہے۔,4.0,4.0,4.0,4.0,0.0,0.0,1.0,0.0,A,True
128,B,امی، ابھی نہیں، آپ کسی اور سے کہہ دیں۔,1.0,1.0,1.0,1.0,2.0,0.0,0.25,0.25,A,False
128,C,امی، میں نے کہا نا کہ میں مصروف ہوں۔,1.0,1.0,1.0,1.0,2.0,0.0,0.25,0.25,A,False
129,A,جی چچا جان، آپ فکر نہ کریں، میں ساتھ چلوں گا۔,4.0,4.0,4.0,4.0,0.0,0.0,1.0,0.0,A,True
129,B,چچا، اگر ضروری ہے تو میں چل جاؤں گا۔,1.0,1.0,1.0,1.0,2.0,0.0,0.25,0.25,A,False
129,C,چچا، آپ خود چلے جائیں، مجھے بازار جانے کا شوق نہیں ہے۔,1.0,1.0,1.0,0.0,2.0,1.0,0.1875,0.375,A,False
130,A,جی خالہ جان، ابھی کر دیتی ہوں۔,4.0,4.0,4.0,4.0,0.0,0.0,1.0,0.0,A,True
130,B,خالہ، ابھی نہیں، میں کچھ دیر بعد کر دوں گی۔,1.0,1.0,1.0,1.0,2.0,0.0,0.25,0.25,A,False
130,C,خالہ، میں ابھی مصروف ہوں۔,1.0,1.0,1.0,1.0,2.0,0.0,0.25,0.25,A,False
131,A,جی دادا جان، ابھی لے آتا ہوں، آپ آرام کریں۔,4.0,4.0,4.0,4.0,0.0,0.0,1.0,0.0,A,True
131,B,دادا، آپ خود لے لیں، میں ابھی باہر جا رہا ہوں۔,1.0,1.0,1.0,1.0,2.0,0.0,0.25,0.25,A,False
131,C,دادا، مجھے تھوڑا وقت لگ جائے گا، ابھی مصروف ہوں۔,1.0,1.0,1.0,1.0,2.0,0.0,0.25,0.25,A,False
132,A,جی دادی جان، ابھی لاتی ہوں۔,4.0,4.0,4.0,4.0,0.0,0.0,1.0,0.0,A,True
132,B,دادی، پانی پاس ہی رکھا ہے۔,1.0,1.0,1.0,1.0,2.0,0.0,0.25,0.25,A,False
132,C,دادی، کسی اور کو بول دیں، میں مصروف ہوں۔,1.0,1.0,1.0,1.0,2.0,0.0,0.25,0.25,A,False
133,A,ہاں، دو، میں سنبھال لیتی ہوں۔,3.5,4.0,4.0,4.0,0.0,0.0,0.9688,0.0,A,True
133,B,بھائی، ابھی نہیں، تم خود پکڑ لو، میرے ہاتھ بھی مصروف ہیں۔,1.0,1.0,1.0,1.0,2.0,0.0,0.25,0.25,A,False
133,C,بھائی، میں اپنا کام کر رہا ہوں، اپنا بیگ خود سنبھالو۔,1.0,1.0,1.0,1.0,2.0,0.0,0.25,0.25,A,False
134,A,ہاں، یہ رہا، استعمال کر لو۔,3.5,4.0,4.0,4.0,0.0,0.0,0.9688,0.0,A,True
134,B,بہن، ابھی چارجر نہیں دے سکتا، تم کسی اور سے لے لو۔,2.0,2.0,2.0,2.0,1.0,0.0,0.5,0.125,A,False
134,C,بہن، میرا فون بھی چارج ہو رہا ہے، اپنا انتظام خود کر لو۔,2.0,2.0,2.0,2.0,0.0,0.0,0.5,0.0,A,False
135,A,جی ابا جی، میں دیکھ لیتا ہوں۔,4.0,4.0,4.0,4.0,0.0,0.0,1.0,0.0,A,True
135,B,سسر، ابھی مصروف ہوں، یہ کام بعد میں دیکھوں گا۔,1.0,1.0,1.0,1.0,2.0,0.0,0.25,0.25,A,False
135,C,سسر، آپ کسی اور سے یہ کام کروا لیجیے، میرے پاس ابھی وقت نہیں ہے۔,1.0,1.0,1.0,1.0,2.0,0.0,0.25,0.25,A,False
136,A,جی امی جان، آپ بتا دیجیے کیا کیا بنانا ہے۔,4.0,4.0,4.0,4.0,0.0,0.0,1.0,0.0,A,True
136,B,ساس، میں ابھی مصروف ہوں، آپ کسی اور سے کھانے کا انتظام کروا لیں۔,1.0,1.0,1.0,1.0,2.0,0.0,0.25,0.25,A,False
136,C,امی جان، آپ خود بتا دیں، میں دیکھتا ہوں کہ وقت ملا تو کر لوں گا۔,1.0,1.0,1.0,1.0,2.0,0.0,0.25,0.25,A,False
137,A,جی ابو، میں ابھی یہ کام کر دیتا ہوں۔,4.0,4.0,4.0,4.0,0.0,0.0,1.0,0.0,A,True
137,B,ابو، ابھی یہ کام نہیں ہو سکے گا، کل کر دوں گا۔,1.0,1.0,1.0,1.0,2.0,0.0,0.25,0.25,A,False
137,C,ابو، میں نے کہا تھا نا کہ مصروف ہوں، آپ خود کر لیں۔,1.0,1.0,1.0,1.0,2.0,0.0,0.25,0.25,A,False
138,A,اچھا امی، آپ رہنے دیں، میں کر لیتا ہوں۔,3.0,3.5,4.0,4.0,0.0,0.0,0.9062,0.0,A,True
138,B,امی، ہر کام تو میں نہیں کر سکتا، آپ کسی اور سے کروا لیں۔,1.0,1.0,1.0,1.0,2.0,0.0,0.25,0.25,A,False
138,C,امّی، آپ کسی اور سے کروا لیں، میں ابھی بہت تھکا ہوا ہوں۔,1.0,1.0,1.0,1.0,2.0,0.0,0.25,0.25,A,False
139,A,جی تایا جان، ابھی لے آتا ہوں۔,4.0,4.0,4.0,4.0,0.0,0.0,1.0,0.0,A,True
139,B,تایا جان، یہ کاغذات ابھی نہیں مل رہے، تھوڑی دیر بعد لے آتا ہوں۔,1.0,1.0,1.0,1.0,2.0,0.0,0.25,0.25,A,False
139,C,تایا، میں ابھی ایک کام میں لگا ہوا ہوں، فارغ ہوتے ہی کاغذات لے آتا ہوں۔,1.0,1.0,1.0,1.0,2.0,0.0,0.25,0.25,A,False
140,A,ہاں یار، چلو، کوئی مسئلہ نہیں، چلتے ہیں۔,4.0,4.0,4.0,4.0,0.0,0.0,1.0,0.0,A,True
140,B,یار، اگر ضروری ہے تو چل لیتے ہیں، بس جلدی واپس آنا ہوگا۔,2.0,2.0,2.0,2.0,0.0,0.0,0.5,0.0,A,False
140,C,یار، آج میرا باہر جانے کا موڈ نہیں، تم اکیلے ہی چلے جاؤ۔,2.0,2.0,2.0,2.0,0.0,0.0,0.5,0.0,A,False
141,A,کر دیتا ہوں، لیکن پہلے پوچھ تو لیا کرو۔,3.0,3.0,3.5,4.0,0.0,0.0,0.8438,0.0,A,True
141,B,ٹھیک ہے، کر دیتا ہوں، لیکن اگلی بار پہلے سے بتا دینا تاکہ میں تیار رہوں۔,2.0,2.0,2.0,2.0,1.0,0.0,0.5,0.125,A,False
141,C,یار، تم نے مجھ سے پوچھے بغیر فیصلہ کر لیا، یہ کام تم خود ہی کر لو۔,1.0,1.0,1.0,1.0,2.0,0.0,0.25,0.25,A,False
142,A,جی امی، ابھی آئی۔ آپ فکر نہ کریں، ہم مل کر سب کام جلدی مکمل کر لیتے ہیں۔,4.0,4.0,4.0,4.0,0.0,0.0,1.0,0.0,A,True
142,B,میں ابھی ایک کام میں مصروف ہوں، تھوڑی دیر بعد آتی ہوں۔,1.0,1.0,1.0,1.0,2.0,0.0,0.25,0.25,A,False
142,C,امی، آپ کسی اور سے مدد لے لیں، میں ابھی یہ سب نہیں کر سکتی۔,1.0,1.0,1.0,1.0,2.0,0.0,0.25,0.25,A,False
143,A,ٹھیک ہے باجی، ابھی لے آتا ہوں۔ اگر اور بھی کچھ چاہیے ہو تو بتا دیجیے گا۔,4.0,4.0,4.0,4.0,0.0,0.0,1.0,0.0,A,True
143,B,باجی، ابھی بازار جانا مشکل ہے، آپ کسی اور کو بھیج دیں۔,2.0,2.0,2.0,2.0,0.0,0.0,0.5,0.0,A,False
143,C,باجی، میں آج کافی مصروف ہوں، یہ سامان آپ خود لے آئیں۔,1.0,1.0,1.0,1.0,2.0,0.0,0.25,0.25,A,False
144,A,ٹھیک ہے، یہ کام میں سنبھال لیتا ہوں۔ تم باقی تیاری دیکھ لو، ہم مل کر سب وقت پر مکمل کر لیں گے۔,4.0,4.0,4.0,4.0,0.0,0.0,1.0,0.0,A,True
144,B,کزن، یہ کام ابھی نہیں کر سکتا، تم خود سنبھال لو۔,2.0,2.0,2.0,1.5,1.0,0.0,0.4688,0.125,A,False
144,C,ٹھیک ہے، لیکن باقی تیاری تم خود کر لینا۔,2.0,2.0,2.0,2.0,1.0,0.0,0.5,0.125,A,False
145,A,جی سر، آپ کی بات درست ہو سکتی ہے، لیکن اُس وقت حالات کے مطابق مجھے یہی بہتر لگا تھا پھر بھی میں اسے دوبارہ دیکھ لیتا ہوں۔,4.0,4.0,4.0,4.0,0.0,0.0,1.0,0.0,A,True
145,B,سینئر، میں نے اس طریقے سے پہلے بھی کام کیا ہے۔,1.0,1.0,1.0,1.0,2.0,0.0,0.25,0.25,A,False
145,C,سر، لیکن میرے خیال میں میرا طریقہ بھی درست ہے۔,1.0,1.0,1.0,1.0,2.0,0.0,0.25,0.25,A,False
146,A,جی سر، میں دوبارہ اس پر کام کر لیتا ہوں۔,4.0,3.5,4.0,4.0,0.0,0.0,0.9688,0.0,A,True
146,B,سر، میں اس جواب کو کافی بہتر سمجھتا ہوں، اسے دوبارہ کرنے کی ضرورت نہیں۔,1.0,1.0,1.0,1.0,2.0,0.0,0.25,0.25,A,False
146,C,جی سر، مجھے تو یہ کام ٹھیک ہی لگ رہا ہے، آپ دوبارہ دیکھ لیں۔,1.0,1.0,1.0,1.0,2.0,0.0,0.25,0.25,A,False
147,A,جی ابو مجھ سے کوئی غلطی ہو گئی ہو گی، میں دوبارہ دیکھ لیتا ہوں۔,4.0,4.0,4.0,4.0,0.0,0.0,1.0,0.0,A,True
147,B,ابو، اگر کوئی غلطی ہے تو بتا دیں، ورنہ میں اسے ایسے ہی رہنے دیتا ہوں۔,1.0,1.0,1.0,1.0,2.0,0.0,0.25,0.25,A,False
147,C,ابو، میں نے جو کیا ہے ٹھیک کیا ہے۔,1.0,1.0,1.0,1.0,2.0,0.0,0.25,0.25,A,False
148,A,یار، ہو سکتا ہے تم ٹھیک کہہ رہے ہو، لیکن مجھے لگتا ہے ایک موقع تو دینا چاہیے۔,3.5,3.5,3.5,3.5,0.0,0.0,0.875,0.0,A,True
148,B,دوست، میں اس پر دوبارہ سوچ لیتا ہوں۔,1.0,1.0,1.0,1.0,2.0,0.0,0.25,0.25,A,False
148,C,یار، میں اس بات سے بالکل متفق نہیں ہوں، میرا خیال ہی بہتر ہے۔,2.0,2.0,2.0,1.0,1.0,0.0,0.4375,0.125,A,False
149,A,یار، ہر بار ایسا نہیں ہوتا، اس دفعہ ذرا صورتحال کچھ اور تھی۔,3.0,4.0,4.0,4.0,0.0,0.0,0.9375,0.0,A,True
149,B,تم ہمیشہ میری غلطیاں ہی نکالتے رہتے ہو، میں نے جو کیا ٹھیک ہی کیا ہے۔,1.0,1.0,1.0,1.0,2.0,0.0,0.25,0.25,A,False
149,C,تمہیں جو سمجھنا ہے سمجھو، میں نے وہی کیا جو مجھے ٹھیک لگا۔,1.0,1.0,1.0,1.0,2.0,0.0,0.25,0.25,A,False
150,A,امی، آپ ٹھیک کہہ رہی ہیں، آئندہ زیادہ خیال رکھوں گی۔,4.0,4.0,4.0,4.0,0.0,0.0,1.0,0.0,A,True
150,B,امی، میں نے آپ کی بات سنی تھی، بس اس وقت مجھے ایسا کرنا مناسب لگا۔,1.0,1.0,1.0,1.0,2.0,0.0,0.25,0.25,A,False
150,C,امی، آپ ہر بات پر ناراض ہو جاتی ہیں، میں نے کوئی بڑی غلطی نہیں کی۔,1.0,1.0,1.0,1.0,2.0,0.0,0.25,0.25,A,False
151,A,جی سر، میں دوبارہ جائزہ لے کر انہیں درست کر دیتا ہوں۔,4.0,4.0,4.0,4.0,0.0,0.0,1.0,0.0,A,True
151,B,سینئر، میں نے رپورٹ دوبارہ دیکھ لی ہے، میرے خیال میں زیادہ تر حصے ٹھیک ہیں۔,2.0,2.0,2.0,1.5,2.0,0.0,0.4688,0.25,A,False
151,C,جی سر، میں دیکھ لوں گا۔,2.0,2.0,2.0,2.0,0.0,0.0,0.5,0.0,A,False
152,A,یار، میرا مقصد سخت ہونا نہیں تھا، بس اپنی رائے دے رہا تھا۔,3.5,4.0,4.0,4.0,0.0,0.0,0.9688,0.0,A,True
152,B,کزن، میرا لہجہ ایسا ہی ہے، تمہیں اتنا حساس ہونے کی ضرورت نہیں۔,1.0,1.0,1.0,1.0,2.0,0.0,0.25,0.25,A,False
152,C,یار، تم ہی زیادہ سوچ رہے ہو، مجھے نہیں لگتا میں سخت ہو رہا ہوں۔,2.0,2.0,2.0,2.0,0.0,0.0,0.5,0.0,A,False
153,A,معذرت سر، میں دوبارہ محنت کر کے اسے بہتر کر لیتا ہوں۔,4.0,4.0,4.0,4.0,0.0,0.0,1.0,0.0,A,True
153,B,سر، میرے خیال میں اس سے بہتر ممکن نہیں۔,1.0,1.0,1.0,1.0,2.0,0.0,0.25,0.25,A,False
153,C,سر، اگر آپ کو یہ کام پسند نہیں آیا تو آپ خود بتا دیں کہ کیا کرنا ہے۔,1.0,1.0,1.0,1.0,2.0,0.0,0.25,0.25,A,False
154,A,یار، میں مانتا ہوں مجھ سے بھی غلطی ہوئی ہوگی، لیکن سارا قصور مجھ پر نہیں ڈالا جا سکتا۔,4.0,4.0,4.0,4.0,0.0,0.0,1.0,0.0,A,True
154,B,سینئر، مجھے نہیں لگتا کہ رپورٹ میں کوئی خاص خامی ہے۔,1.0,1.0,1.0,1.0,2.0,0.0,0.25,0.25,A,False
154,C,سر، میں نے رپورٹ اپنی سمجھ کے مطابق درست تیار کی ہے، فی الحال تبدیلی کی ضرورت نہیں سمجھتا۔,1.0,1.0,1.0,1.0,2.0,0.0,0.25,0.25,A,False
155,A,جی ابو، مجھ سے غلطی ہو گئی، آئندہ ایسا نہیں ہوگا۔,4.0,4.0,4.0,4.0,0.0,0.0,1.0,0.0,A,True
155,B,ابو، میں تو سمجھتا ہوں یہ کام ٹھیک ہی کیا تھا، آپ اتنی ناراضی نہ کریں۔,1.0,1.0,1.0,1.0,2.0,0.0,0.25,0.25,A,False
155,C,ابو، میں نے آپ کی بات اپنی جگہ سمجھی تھی، اس لیے جو مناسب لگا وہ کر دیا۔,1.0,1.0,1.0,1.0,2.0,0.0,0.25,0.25,A,False
156,A,آپ کی بات سمجھ رہا ہوں، آئیے وجوہات پر بات کر لیتے ہیں تاکہ بہتر فیصلہ ہو سکے۔,3.0,4.0,4.0,4.0,0.0,0.0,0.9375,0.0,A,True
156,B,ساتھی، میں اس فیصلے سے متفق نہیں ہوں اور مجھے نہیں لگتا کہ اس میں تبدیلی کی ضرورت ہے۔,2.0,2.0,2.0,2.0,1.0,0.0,0.5,0.125,A,False
156,C,آپ کی رائے اپنی جگہ درست ہے، لیکن میں اپنے مؤقف پر قائم ہوں۔,1.0,1.0,1.0,1.0,2.0,0.0,0.25,0.25,A,False
157,A,جی تایا جان، آپ کی بات سمجھ گیا ہوں آئندہ دھیان رکھوں گا۔,4.0,4.0,4.0,4.0,0.0,0.0,1.0,0.0,A,True
157,B,تایا جان، میں نے تو اپنی طرف سے پوری کوشش کی تھی، آپ کو شاید ایسا لگا ہو کہ میں بے تحمل تھا۔,2.0,2.0,2.0,1.0,2.0,0.0,0.4375,0.25,A,False
157,C,تایا جان، اس وقت میرے لیے صورتحال کچھ مختلف تھی۔,1.0,1.0,1.0,1.0,1.0,0.0,0.25,0.125,A,False
158,A,چلو، اگلی بار تمہیں شکایت کا موقع نہیں دوں گا۔,3.0,3.0,4.0,4.0,0.0,0.0,0.875,0.0,A,True
158,B,یار، اس بار مجھے ٹھیک ہی لگا تھا۔,1.0,1.0,1.0,1.0,2.0,0.0,0.25,0.25,A,False
158,C,یار، تمہیں پسند نہیں آیا تو کوئی بات نہیں، میں اسے دوبارہ نہیں کرنے والا۔,1.0,1.0,1.0,1.0,2.0,0.0,0.25,0.25,A,False
159,A,جی سر، غلطی ہو گئی، آئندہ زیادہ احتیاط کروں گا۔,4.0,4.0,4.0,4.0,0.0,0.0,1.0,0.0,A,True
159,B,سر، میں نے اپنی طرف سے درست کام کیا تھا۔,1.0,1.0,1.0,1.0,2.0,0.0,0.25,0.25,A,False
159,C,سر، میں سمجھتا ہوں کہ یہ غلطی اتنی بڑی نہیں تھی۔,1.0,1.0,1.0,1.0,2.0,0.0,0.25,0.25,A,False
160,A,جی سر، یہ میری کوتاہی تھی۔ آپ کی نشاندہی کا شکریہ، میں ان نکات کو شامل کر کے اسائنمنٹ بہتر کر دوں گا۔,4.0,4.0,4.0,4.0,0.0,0.0,1.0,0.0,A,True
160,B,سر، مجھے نہیں لگتا کہ میری اسائنمنٹ میں مزید تبدیلی کی ضرورت ہے۔,1.0,1.0,1.0,1.0,2.0,0.0,0.25,0.25,A,False
160,C,سر، مجھے لگتا ہے اسائنمنٹ کافی اچھی ہے، ان نکات کو شامل کرنا ضروری نہیں۔,1.0,1.0,1.0,1.0,2.0,0.0,0.25,0.25,A,False
161,A,آپ کی نشاندہی کا شکریہ۔ میں آپ کی تجاویز کے مطابق ان حصوں پر دوبارہ کام کرتا ہوں تاکہ حتمی رپورٹ بہتر معیار کی ہو۔,4.0,4.0,4.0,4.0,0.0,0.0,1.0,0.0,A,True
161,B,سینئر ساتھی، مجھے نہیں لگتا کہ ان حصوں میں کوئی خاص مسئلہ ہے۔,1.0,1.0,1.0,1.0,2.0,0.0,0.25,0.25,A,False
161,C,آپ کی رائے اپنی جگہ درست ہے، لیکن میں اپنے تیار کیے ہوئے حصے میں تبدیلی نہیں کرنا چاہتا۔,1.0,1.0,1.0,1.0,2.0,0.0,0.25,0.25,A,False
162,A,ضرور، اگر تمہیں لگتا ہے کہ اس سے کام بہتر ہوگا تو آؤ مل کر جائزہ لیتے ہیں۔,4.0,4.0,4.0,4.0,0.0,0.0,1.0,0.0,A,True
162,B,یار، مجھے تو اپنا حصہ بالکل ٹھیک لگ رہا ہے۔,1.0,1.0,1.0,1.0,2.0,0.0,0.25,0.25,A,False
162,C,اگر تمہیں مسئلہ لگ رہا ہے تو تم خود اسے تبدیل کر لو۔,1.0,1.0,1.0,1.0,2.0,0.0,0.25,0.25,A,False
163,A,یار، ضرور آؤں گا، تمہاری سالگرہ کیسےبھول سکتا ہوں ۔,3.5,4.0,4.0,4.0,0.0,0.0,0.9688,0.0,A,True
163,B,ضرور یار، اگر ممکن ہوا تو آ جاؤں گا۔,2.0,2.0,2.0,2.0,0.0,0.0,0.5,0.0,A,False
163,C,یار، آج شاید نہ آ سکوں، تم کسی اور کو بھی بلا لینا۔,2.0,2.0,2.0,2.0,0.0,0.0,0.5,0.0,A,False
164,A,یار، ابھی پکا نہیں کہہ سکتا، لیکن کوشش کروں گا۔,3.0,4.0,4.0,4.0,0.0,0.0,0.9375,0.0,A,True
164,B,اگر ممکن ہوا تو آ جاؤں گا۔,2.0,2.0,2.0,1.0,1.0,0.0,0.4375,0.125,A,False
164,C,یار، آج شاید نہ آ سکوں۔,2.0,2.0,2.0,1.0,1.0,0.0,0.4375,0.125,A,False
165,A,جی چچا جان، ان شاء اللہ ضرور آؤں گا۔,4.0,3.0,4.0,4.0,0.0,0.0,0.9375,0.0,A,True
165,B,چچا جان، میں کوشش کروں گا، لیکن ابھی یقین سے نہیں کہہ سکتا۔,2.0,2.0,2.0,1.0,2.0,0.0,0.4375,0.25,A,False
165,C,چچا، دیکھتا ہوں وقت ملا تو آ جاؤں گا۔,1.0,1.0,1.0,1.0,2.0,0.0,0.25,0.25,A,False
166,A,جی خالہ جان، ان شاء اللہ ضرور آؤں گی۔,4.0,3.0,4.0,4.0,0.0,0.0,0.9375,0.0,A,True
166,B,خالہ جان، شاید میں کل نہ آ سکوں، اگر وقت ملا تو آ جاؤں گی۔,2.0,2.0,2.0,1.5,1.0,0.0,0.4688,0.125,A,False
166,C,خالہ جان، میں دیکھوں گی، ابھی پکا وعدہ نہیں کر سکتی۔,2.0,2.0,2.0,2.0,0.0,0.0,0.5,0.0,A,False
167,A,بہت شکریہ، ان شاء اللہ کوشش کروں گا کہ شریک ہو سکوں۔,4.0,3.0,4.0,4.0,0.0,0.0,0.9375,0.0,A,True
167,B,بہت شکریہ، لیکن شاید کل میری مصروفیت ہو۔,2.0,2.0,2.0,2.0,0.0,0.0,0.5,0.0,A,False
167,C,شکریہ، اگر وقت ملا تو شریک ہو جاؤں گا۔,2.0,2.0,2.0,2.0,0.0,0.0,0.5,0.0,A,False
168,A,بہت شکریہ سر، ان شاء اللہ شرکت کرنے کی کوشش کروں گا۔,4.0,4.0,4.0,4.0,0.0,0.0,1.0,0.0,A,True
168,B,سر، شاید میں تقریب میں شرکت نہ کر سکوں۔,1.0,1.0,1.0,1.0,2.0,0.0,0.25,0.25,A,False
168,C,سر، اگر موقع ملا توآ جاؤں گا، ابھی کچھ اور کام بھی ہے۔,1.0,1.0,1.0,1.0,2.0,0.0,0.25,0.25,A,False
169,A,ہاں یار، اگر کوئی ضروری کام نہ نکلا تو میں ضرور چلوں گا۔,4.0,4.0,4.0,4.0,0.0,0.0,1.0,0.0,A,True
169,B,یار، کل شاید نہ آ سکوں۔,2.0,2.0,2.0,2.0,0.0,0.0,0.5,0.0,A,False
169,C,یار، میرا کل جانے کا ارادہ نہیں، تم کسی اور کے ساتھ چلے جانا۔,2.0,2.0,2.0,2.0,0.0,0.0,0.5,0.0,A,False
170,A,یار، اب اتنا کہہ رہے ہو تو کوشش کروں گا ضرور آؤں۔,4.0,4.0,4.0,4.0,0.0,0.0,1.0,0.0,A,True
170,B,یار، ابھی پکا نہیں کہہ سکتا۔,1.0,1.0,1.0,1.0,2.0,0.0,0.25,0.25,A,False
170,C,یار، مجھے نہیں لگتا میں کل آ سکوں گا، تم کسی اور کو بلا لینا۔,1.0,1.0,1.0,1.0,2.0,0.0,0.25,0.25,A,False
171,A,جی ابا جی، ان شاء اللہ ضرور حاضر ہوں گا۔,4.0,3.0,4.0,4.0,0.0,0.0,0.9375,0.0,A,True
171,B,جی ابا جی، میں کوشش کروں گا۔,2.0,2.0,2.0,2.0,1.0,0.0,0.5,0.125,A,False
171,C,ابا جی، اگر وقت ملا تو آ جاؤں گا، ورنہ کسی اور دن ملاقات کر لیں گے۔,1.0,1.0,1.0,1.0,2.0,0.0,0.25,0.25,A,False
172,A,جی امی جان، ان شاء اللہ ضرور آؤں گی۔,4.0,4.0,4.0,4.0,0.0,0.0,1.0,0.0,A,True
172,B,ساس، شاید کل آنا ممکن نہ ہو، میں کوشش کروں گی اگر وقت ملا۔,1.0,1.0,1.0,1.0,2.0,0.0,0.25,0.25,A,False
172,C,امی جان، ابھی کچھ مصروفیت ہے، اگر ممکن ہوا تو تقریب میں آ جاؤں گی۔,2.0,2.0,2.0,1.0,2.0,0.0,0.4375,0.25,A,False
173,A,یار، اگر کوئی ضروری کام نہ ہوا تو ضرور آؤں گا۔,4.0,4.0,4.0,4.0,0.0,0.0,1.0,0.0,A,True
173,B,یار، کل شاید میرا کوئی اور پروگرام ہو، اس لیے آنا مشکل ہے۔,1.0,1.0,1.0,1.0,2.0,0.0,0.25,0.25,A,False
173,C,یار، میں نے آنے کا ارادہ نہیں کیا۔,1.0,1.0,1.0,1.0,2.0,0.0,0.25,0.25,A,False
174,A,جی، ان شاء اللہ ضرور آؤں گا۔,4.0,4.0,4.0,4.0,0.0,0.0,1.0,0.0,A,True
174,B,جی، میں کوشش کروں گا کہ عید پر آ سکوں، لیکن ابھی پکا نہیں کہہ سکتا۔,1.0,1.0,1.0,1.0,2.0,0.0,0.25,0.25,A,False
174,C,مجھے دیکھنا ہوگا کہ اس دن کیا مصروفیت ہے، پھر بتاؤں گا۔,1.0,1.0,1.0,1.0,2.0,0.0,0.25,0.25,A,False
175,A,شکریہ، اگر مصروفیت نہ ہوئی تو ضرور شرکت کروں گا۔,4.0,4.0,4.0,4.0,0.0,0.0,1.0,0.0,A,True
175,B,شکریہ، لیکن شاید میں اس تقریب میں شرکت نہ کر سکوں۔,2.0,2.0,2.0,2.0,1.0,0.0,0.5,0.125,A,False
175,C,یار، ابھی فیصلہ نہیں کیا، بعد میں بتاؤں گا۔,1.0,1.0,1.0,1.0,2.0,0.0,0.25,0.25,A,False
176,A,چلو ٹھیک ہے یار، آج کوئی بہانہ نہیں بناؤں گا۔,4.0,4.0,4.0,4.0,0.0,0.0,1.0,0.0,A,True
176,B,یار، دیکھتا ہوں، شاید آج آنا مشکل ہو۔,2.0,2.0,2.0,2.0,0.0,0.0,0.5,0.0,A,False
176,C,یار، ابھی کچھ مصروفیت ہے، بعد میں بتاؤں گا۔,2.0,2.0,2.0,2.0,0.0,0.0,0.5,0.0,A,False
177,A,جی سر، میں شرکت کرنے کی کوشش کروں گا۔,4.0,3.0,4.0,4.0,0.0,0.0,0.9375,0.0,A,True
177,B,جی سر، میں دیکھوں گا۔,1.0,1.0,1.0,1.0,2.0,0.0,0.25,0.25,A,False
177,C,سر، کل میرے لیے شاید تقریب میں آنا ممکن نہ ہو۔,2.0,2.0,2.0,1.0,1.0,0.0,0.4375,0.125,A,False
178,A,جی چچا جان، ان شاء اللہ میں ضرور آؤں گا۔ آپ کی دعوت کا بہت شکریہ۔,4.0,4.0,4.0,4.0,0.0,0.0,1.0,0.0,A,True
178,B,چچا جان، ابھی میرا آنے کا کوئی ارادہ نہیں۔,1.0,1.0,1.0,1.0,2.0,0.0,0.25,0.25,A,False
178,C,چچا جان، تقریب میں آنا میرے لیے ضروری نہیں۔,1.0,1.0,1.0,1.0,2.0,1.0,0.25,0.375,A,False
179,A,بہت شکریہ! ان شاء اللہ میں ضرور تشریف لاؤں گا۔,4.0,4.0,4.0,4.0,1.0,0.0,1.0,0.125,A,True
179,B,جی سر، میں دیکھوں گا۔,1.0,1.0,1.0,1.0,2.0,0.0,0.25,0.25,A,False
179,C,سر، کل شاید میرے لیے آنا مشکل ہو، اگر ممکن ہوا تو بعد میں بتا دوں گا۔,1.0,1.0,1.0,1.0,2.0,0.0,0.25,0.25,A,False
180,A,بہت مبارک ہو۔ ان شاء اللہ میں ضرور آؤں گا۔,4.0,4.0,4.0,4.0,0.0,0.0,1.0,0.0,A,True
180,B,یار، دیکھتا ہوں، اگر موڈ ہوا تو آ جاؤں گا۔,2.0,2.0,2.0,2.0,1.0,0.0,0.5,0.125,A,False
180,C,یار، ابھی پکا نہیں کہہ سکتا، شاید کسی اور دن مل لیتے ہیں۔,1.0,1.0,1.0,1.0,2.0,0.0,0.25,0.25,A,False
181,A,جی، ضرور پوچھیں، میں سننے کے لیے حاضر ہوں۔,4.0,4.0,4.0,4.0,0.0,0.0,1.0,0.0,A,True
181,B,اگر ضروری ہوا تو کلاس کے بعد سوال  پوچھیں۔,2.0,2.0,2.0,1.5,1.0,0.0,0.4688,0.125,A,False
181,C,ہاں، مگر کلاس کے آخر میں پوچھ سکتے ہیں۔,2.0,2.0,2.0,1.5,1.0,0.0,0.4688,0.125,A,False
182,A,ہاں، جا سکتے ہو، مگر وقت کا خیال رکھنا۔,4.0,4.0,4.0,4.0,0.0,0.0,1.0,0.0,A,True
182,B,ہاں، جاؤ۔,2.0,2.0,2.0,2.0,2.0,0.0,0.5,0.25,A,False
182,C,نہیں، ابھی باہر جانے کا وقت نہیں ہے۔,1.0,1.0,1.0,1.0,2.0,0.0,0.25,0.25,A,False
183,A,ہاں، مگر زیادہ دیر مت کرنا اور پہنچ کر مجھے بتا دینا۔۔,4.0,4.0,4.0,4.0,0.0,0.0,1.0,0.0,A,True
183,B,نہیں، آج گھر میں کافی کام ہیں، اس لیے ابھی نہیں جا سکتی۔,2.0,2.0,2.0,2.0,1.0,0.0,0.5,0.125,A,False
183,C,ہاں، چلی جاؤ۔,2.0,2.0,2.0,1.5,2.0,0.0,0.4688,0.25,A,False
184,A,ٹھیک ہے، لیکن ضروری کام نمٹا کر جائیے گا۔,4.0,3.0,4.0,4.0,0.0,0.0,0.9375,0.0,A,True
184,B,ہاں، چلے جاؤ۔,2.0,2.0,2.0,2.0,1.0,0.0,0.5,0.125,A,False
184,C,آپ اپنا کام پہلے ختم کریں۔,2.0,2.0,2.0,2.0,1.0,0.0,0.5,0.125,A,False
185,A,ہاں یار، لے جاؤ، کوئی مسئلہ نہیں۔,4.0,4.0,4.0,4.0,0.0,0.0,1.0,0.0,A,True
185,B,ہاں، لے آؤ۔,2.0,2.0,2.0,2.0,0.0,0.0,0.5,0.0,A,False
185,C,نہیں، مجھے ابھی فون کی ضرورت ہے۔,2.0,2.0,2.0,1.5,1.0,0.0,0.4688,0.125,A,False
186,A,ارے نہیں یار، پوچھو جو پوچھنا چاہتے ہو۔,4.0,4.0,4.0,4.0,0.0,0.0,1.0,0.0,A,True
186,B,پھر ایسی بات ہی نہ کرنا جس کے بارے میں تمہیں پتا ہو کہ میں برا مانوں گا۔,2.0,2.0,2.0,2.0,0.0,0.0,0.5,0.0,A,False
186,C,پہلے پوچھو، پھر سوچیں گے۔,2.0,2.0,2.0,2.0,0.0,0.0,0.5,0.0,A,False
187,A,جی، اگر آپ کام مکمل کر چکے ہیں تو ابھی فائل جمع کرا سکتے ہیں۔,4.0,4.0,4.0,4.0,0.0,0.0,1.0,0.0,A,True
187,B,ہاں، لے آؤ۔,2.0,2.0,2.0,2.0,0.0,0.0,0.5,0.0,A,False
187,C,نہیں، ابھی میں مصروف ہوں۔,2.0,2.0,2.0,2.0,0.0,0.0,0.5,0.0,A,False
188,A,جی بیٹا، کہو میں سن رہا ہوں۔,4.0,4.0,4.0,4.0,0.0,0.0,1.0,0.0,A,True
188,B,نہیں، ابھی میں مصروف ہوں۔,2.0,2.0,2.0,2.0,1.0,0.0,0.5,0.125,A,False
188,C,ہاں، کہو۔,1.0,1.0,1.0,1.0,2.0,0.0,0.25,0.25,A,False
189,A,ہاں بیٹا، ضرور، تم نے کافی کام کر لیا ہے اب کوئی کام نہیں، تم جا سکتی ہو۔,4.0,4.0,4.0,4.0,0.0,0.0,1.0,0.0,A,True
189,B,ہاں، کیوں نہیں؟,2.0,2.0,2.0,2.0,1.0,0.0,0.5,0.125,A,False
189,C,یہ ایک کپ چائے بنا دو، پھر چلی جانا۔,1.0,1.0,1.0,1.0,2.0,0.0,0.25,0.25,A,False
190,A,فی الحال نہیں، میں آپ کو بتا دوں گا کب لانی ہے۔,3.0,4.0,4.0,4.0,0.0,0.0,0.9375,0.0,A,True
190,B,ہاں، لے آؤ۔,2.0,2.0,2.0,2.0,0.0,0.0,0.5,0.0,A,False
190,C,تھوڑی دیر بعد لے آنا۔,2.0,2.0,2.0,2.0,1.0,0.0,0.5,0.125,A,False
191,A,ٹھیک ہے یار، لیکن جلد واپس کر دینا۔,4.0,3.5,4.0,4.0,0.0,0.0,0.9688,0.0,A,True
191,B,نہیں، مجھے ابھی فون کی ضرورت ہے۔,2.0,2.0,2.0,1.0,1.0,0.0,0.4375,0.125,A,False
191,C,کیا تم اجازت کے بغیر فون پکڑ لیتے ہو؟,1.0,1.0,1.0,1.0,2.0,0.0,0.25,0.25,A,False
192,A,اچھا، اگر اتنا ضروری ہے تو چلے جاؤ، لیکن جلد واپس آ جانا۔,4.0,3.0,4.0,4.0,0.0,0.0,0.9375,0.0,A,True
192,B,بیٹا، ضد مت کرو۔,2.0,2.0,2.0,2.0,1.0,0.0,0.5,0.125,A,False
192,C,ٹھیک ہے، چلے جاؤ، بہت ضدی ہو تم۔,2.0,2.0,2.0,2.0,0.0,0.0,0.5,0.0,A,False
193,A,لیکچر ختم ہونے میں زیادہ وقت نہیں، بہتر ہے انتظار کر لو۔,4.0,4.0,4.0,4.0,0.0,0.0,1.0,0.0,A,True
193,B,نہیں جا سکتے۔,1.0,1.0,1.0,1.0,2.0,0.0,0.25,0.25,A,False
193,C,نہیں ہر ضروری کام آپ کو کلاس کے وقت ہی یاد آتا ہے۔,1.0,1.0,1.0,1.0,2.0,0.0,0.25,0.25,A,False
194,A,ارے، کوئی مسئلہ نہیں، چلو ساتھ چلتے ہیں۔,4.0,4.0,4.0,4.0,0.0,0.0,1.0,0.0,A,True
194,B,بہتر ہے کہ تم سکون کرو، کام زیادہ بڑا نہیں ہے۔,1.0,1.0,1.0,1.0,2.0,0.0,0.25,0.25,A,False
194,C,اگر چلنا ہے تو ساتھ چل سکتے ہو۔,1.0,1.0,1.0,1.0,2.0,0.0,0.25,0.25,A,False
195,A,ابھی نہیں، پہلے اپنا کام مکمل کرو، پھر جا سکتے ہو۔,4.0,3.0,4.0,4.0,0.0,0.0,0.9375,0.0,A,True
195,B,نہیں، ابھی باہر جانے کا وقت نہیں ہے۔,2.0,2.0,2.0,2.0,0.0,0.0,0.5,0.0,A,False
195,C,ہاں، چلے جاؤ۔,2.0,2.0,2.0,2.0,1.0,0.0,0.5,0.125,A,False
196,A,جی، اگر معاملہ واقعی ضروری ہے تو آپ جا سکتے ہیں۔ آئندہ کوشش کیجیے گا کہ ایسے کام کلاس کے اوقات سے پہلے یا بعد میں نمٹا لیے جائیں۔,4.0,4.0,4.0,4.0,0.0,0.0,1.0,0.0,A,True
196,B,نہیں، آج کا لیکچر بہت اہم ہے۔,2.0,2.0,2.0,2.0,1.0,0.0,0.5,0.125,A,False
196,C,آپ کو کلاس کے وقت ہی کون سا ضروری کام یاد آتا ہے؟,1.0,1.0,1.0,1.0,2.0,0.0,0.25,0.25,A,False
197,A,ٹھیک ہے، اگر آپ نے اپنا ضروری کام مکمل کر لیا ہے تو آپ جا سکتے ہیں۔,4.0,4.0,4.0,4.0,0.0,0.0,1.0,0.0,A,True
197,B,آپ اپنا کام پہلے ختم کریں۔,2.0,2.0,2.0,2.0,1.0,0.0,0.5,0.125,A,False
197,C,آج چلے جائیں، لیکن آئندہ ایسے نہ ہو۔,2.0,2.0,2.0,2.0,2.0,0.0,0.5,0.25,A,False
198,A,ضرور یار، کام ہو جائے تو واپس کر دینا، امید ہے تمہاری رپورٹ وقت پر مکمل ہو جائے گی۔,4.0,4.0,4.0,4.0,0.0,0.0,1.0,0.0,A,True
198,B,کر لو، اگر استعمال کرنا ہے تو۔,1.0,1.0,1.0,1.0,2.0,0.0,0.25,0.25,A,False
198,C,ہاں، کر لو۔,1.0,1.0,1.0,1.0,2.0,0.0,0.25,0.25,A,False
199,A,شکریہ یار، بس تمہاری دعاؤں کا نتیجہ ہے، کوشش جاری ہے۔,4.0,4.0,4.0,4.0,0.0,0.0,1.0,0.0,A,True
199,B,یار، مجھے نہیں لگتا میرا کام اتنا بھی اچھا تھا۔,1.0,1.0,1.0,1.0,2.0,0.0,0.25,0.25,A,False
199,C,یار، سچ کہوں تو مجھے خود اپنا کام خاص پسند نہیں آیا۔,1.0,1.0,1.0,1.0,2.0,0.0,0.25,0.25,A,False
200,A,ارے چھوڑ یار، اتنی بھی تعریف نہ کرو۔,4.0,4.0,4.0,4.0,0.0,0.0,1.0,0.0,A,True
200,B, آج تمہیں کچھ زیادہ ہی تعریف سوجھ رہی ہے۔,1.0,1.0,1.0,1.0,2.0,0.0,0.25,0.25,A,False
200,C,یار، سمارٹ تو تم کہہ رہے ہو، مجھے تو آج اپنی شکل بھی ٹھیک نہیں لگ رہی۔,1.0,1.0,1.0,1.0,2.0,0.0,0.25,0.25,A,False
201,A,بہت شکریہ سر، ابھی بھی بہت کچھ سیکھنا باقی ہے۔,4.0,4.0,4.0,4.0,0.0,0.0,1.0,0.0,A,True
201,B,سر، میرے خیال میں پریزنٹیشن اتنی اچھی نہیں تھی۔,1.0,1.0,1.0,1.0,2.0,0.0,0.25,0.25,A,False
201,C,سر، مجھے لگتا ہے آپ نے شاید زیادہ تعریف کر دی ہے، اس میں کافی کمیاں تھیں۔,1.0,1.0,1.0,1.0,2.0,0.0,0.25,0.25,A,False
202,A,بہت شکریہ ابو، آپ کی دعاوں کا نتیجہ ہے۔,4.0,4.0,4.0,4.0,0.0,0.0,1.0,0.0,A,True
202,B,میرا خیال ہے آپ نے شاید میرے کام کو کچھ زیادہ ہی سراہا ہے۔,1.0,1.0,1.0,1.0,2.0,0.0,0.25,0.25,A,False
202,C,ابو، ٹھیک ہے، لیکن میں نے تو بس معمول کا کام کیا ہے، اس میں اتنی خاص بات نہیں۔,1.0,1.0,1.0,1.0,2.0,0.0,0.25,0.25,A,False
203,A,شکریہ امی، آپ کو پسند آیا تو میری محنت وصول ہو گئی۔,4.0,4.0,4.0,4.0,0.0,0.0,1.0,0.0,A,True
203,B,امی، اگر آپ کو پسند آیا تو اچھی بات ہے، مجھے خود ذائقہ کچھ خاص نہیں لگا۔,1.0,1.0,1.0,0.0,2.0,0.0,0.1875,0.25,A,False
203,C,امی، اچھا لگا کہ آپ کو پسند آیا، لیکن اگلی بار میں شاید اتنی محنت نہ کروں۔,1.0,1.0,1.0,0.0,2.0,0.0,0.1875,0.25,A,False
204,A,ہاہا، تم بھی نا، بڑھا چڑھا کر بات کرتے ہو۔,4.0,4.0,4.0,4.0,0.0,0.0,1.0,0.0,A,True
204,B,مجھے نہیں لگتا آج میں کوئی خاص اسٹائل میں ہوں۔,2.0,2.0,2.0,1.5,2.0,0.0,0.4688,0.25,A,False
204,C,تمہیں اگر اچھا لگ رہا ہے تو ٹھیک ہے، لیکن مجھے تو یہ لباس کچھ خاص نہیں لگ رہا۔,2.0,2.0,2.0,2.0,2.0,0.0,0.5,0.25,A,False
205,A,پتا ہے یار، میں نے کافی محنت کی تھی۔,4.0,4.0,4.0,4.0,0.0,0.0,1.0,0.0,A,True
205,B,میں نے تو ہمیشہ ہی اچھا کام کیا ہے، اس میں نئی بات کیا ہے۔,1.0,1.0,1.0,1.0,2.0,0.0,0.25,0.25,A,False
205,C,یہ تو میرے لیے عام سی بات ہے، میں اس سے بھی بہتر کر سکتا ہوں۔,1.0,1.0,1.0,1.0,2.0,0.0,0.25,0.25,A,False
206,A,شکریہ، خوشی ہے کہ رپورٹ آپ کی توقعات پر پوری اتری۔,4.0,4.0,4.0,4.0,0.0,0.0,1.0,0.0,A,True
206,B,رپورٹ تو میں نے اپنی طرف سے بہترین تیار کی ہے، اس میں زیادہ تبدیلی کی گنجائش نہیں۔,1.0,1.0,1.0,1.0,2.0,0.0,0.25,0.25,A,False
206,C,جی، رپورٹ اچھی ہے، لیکن مجھے نہیں لگتا کہ آپ کی توقعات پوری کرنا کوئی خاص کامیابی ہے۔,1.0,1.0,1.0,0.0,2.0,0.0,0.1875,0.25,A,False
207,A,بہت شکریہ، لیکن ابھی مجھ سے بھی غلطیاں ہو جاتی ہیں۔,4.0,4.0,4.0,4.0,0.0,0.0,1.0,0.0,A,True
207,B,لیکن مجھے نہیں لگتا کہ میں اتنا بھی سمجھدار ہوں۔,1.0,1.0,1.0,1.0,2.0,0.0,0.25,0.25,A,False
207,C,جی، سمجھداری تو ٹھیک ہے، لیکن گھر میں اکثر سب میری غلطیاں ہی نکالتے ہیں۔,1.0,1.0,1.0,1.0,2.0,0.0,0.25,0.25,A,False
208,A,ہاہا، زیادہ مکھن نہ لگاؤ۔,4.0,4.0,4.0,4.0,0.0,0.0,1.0,0.0,A,True
208,B,یار، مجھے نہیں لگتا میں نے کوئی خاص کمال کیا ہے۔,1.0,1.0,1.0,1.0,2.0,0.0,0.25,0.25,A,False
208,C,ہاں یار، اتنی بھی تعریف مت کرو۔,2.0,2.0,2.0,2.0,0.0,0.0,0.5,0.0,A,False
209,A,شکریہ سر، ابھی بہت کچھ سیکھنا باقی ہے۔,4.0,4.0,4.0,4.0,0.0,0.0,1.0,0.0,A,True
209,B,شکریہ سر، لیکن مجھے لگتا ہے یہ جواب اتنا اچھا نہیں تھا جتنا آپ کہہ رہے ہیں۔,1.0,1.0,1.0,1.0,2.0,0.0,0.25,0.25,A,False
209,C,جی سر، اگر آپ کو اچھا لگا تو ٹھیک ہے، لیکن میں اسے اپنی کوئی بڑی کامیابی نہیں سمجھتا۔,1.0,1.0,1.0,1.0,2.0,0.0,0.25,0.25,A,False
210,A,نہیں یار، تم بس بلاوجہ میری تعریف کرتے رہتے ہو۔,4.0,4.0,4.0,4.0,0.0,0.0,1.0,0.0,A,True
210,B,نہیں یار، میں کہاں ذہین ہوں، تم بس مذاق کر رہے ہو۔,2.0,2.0,2.0,2.0,1.0,0.0,0.5,0.125,A,False
210,C,ہاہا، تمہیں تو ہر بات میں میری تعریف کرنے کی عادت پڑ گئی ہے۔,2.0,2.0,2.0,2.0,1.0,0.0,0.5,0.125,A,False
211,A,جی ابو، میں پوری کوشش کروں گا۔,4.0,4.0,4.0,4.0,0.0,0.0,1.0,0.0,A,True
211,B,جی ابو، لیکن ہر بار اتنے اچھے نمبر لانا ممکن نہیں ہوگا۔,1.0,1.0,1.0,1.0,2.0,0.0,0.25,0.25,A,False
211,C,ابو، اس دفعہ اچھے نمبر آ گئے ہیں، لیکن اگلی بار دیکھیں گے کیا ہوتا ہے۔,1.0,1.0,1.0,1.0,2.0,0.0,0.25,0.25,A,False
212,A,چھوڑو یار، ایسی کوئی خاص بات نہیں تھی۔,4.0,3.0,4.0,4.0,0.0,0.0,0.9375,0.0,A,True
212,B,یار، محفل کی جان تو شاید تمہیں ہی لگ رہی ہے، مجھے تو ایسا کچھ نہیں لگا۔,1.0,1.0,1.0,1.0,2.0,0.0,0.25,0.25,A,False
212,C,میں نے تو عام سا وقت گزارا تھا۔,1.0,1.0,1.0,1.0,2.0,0.0,0.25,0.25,A,False
213,A,شاید آپ ضرورت سے زیادہ تعریف کر رہے ہیں، ابھی کافی خامیاں باقی ہیں۔,3.0,4.0,4.0,4.0,0.0,0.0,0.9375,0.0,A,True
213,B,شکریہ، لیکن پریزنٹیشن میں اتنی خامیاں تھیں کہ مجھے سمجھ نہیں آتی آپ کو یہ اتنی متاثر کن کیوں لگی۔,1.0,1.0,1.0,1.0,2.0,0.0,0.25,0.25,A,False
213,C,آپ کو اچھی لگی تو ٹھیک ہے، لیکن میرے خیال میں ابھی اس میں کافی بہتری کی ضرورت ہے۔,1.0,1.0,1.0,1.0,2.0,0.0,0.25,0.25,A,False
214,A,بہت شکریہ سر، یہ آپ کی حوصلہ افزائی اور رہنمائی کا نتیجہ ہے۔ میں آئندہ بھی پوری محنت کے ساتھ بہتر کارکردگی دکھانے کی کوشش کروں گا۔,4.0,4.0,4.0,4.0,0.0,0.0,1.0,0.0,A,True
214,B,سر، میں سمجھتا ہوں کہ میری کارکردگی میں ابھی کوئی خاص بات نہیں۔,1.0,1.0,1.0,1.0,2.0,0.0,0.25,0.25,A,False
214,C,سر، میں نے تو صرف اپنا کام کیا ہے، اسے اتنا بڑا کارنامہ نہیں سمجھتا۔,1.0,1.0,1.0,1.0,2.0,0.0,0.25,0.25,A,False
215,A,بہت شکریہ! آپ کی حوصلہ افزائی میرے لیے بہت اہم ہے۔,4.0,4.0,4.0,4.0,0.0,0.0,1.0,0.0,A,True
215,B,شکریہ، لیکن مجھے نہیں لگتا کہ میری تیاری اتنی اچھی تھی جتنی آپ کہہ رہے ہیں۔,1.0,1.0,1.0,1.0,2.0,0.0,0.25,0.25,A,False
215,C,شکریہ، میں نے کوشش ضرور کی تھی، لیکن میرے خیال میں پریزنٹیشن میں ابھی کافی بہتری کی گنجائش ہے۔,1.0,1.0,1.0,1.0,2.0,0.0,0.25,0.25,A,False
216,A,ہاہا، شکریہ! اب تو لگ رہا ہے مفت کا فوٹوگرافر بننا پڑے گا۔,4.0,4.0,4.0,4.0,0.0,0.0,1.0,0.0,A,True
216,B,یار، تصویر تو بس اتفاق سے اچھی آ گئی ہے۔,2.0,2.0,2.0,2.0,0.0,0.0,0.5,0.0,A,False
216,C,ارے نہیں یار، فوٹوگرافی تو کوئی خاص کمال نہیں۔,2.0,2.0,2.0,2.0,0.0,0.0,0.5,0.0,A,False
217,A,معذرت سر، مجھ سے تاخیر ہو گئی، آئندہ وقت پر جمع کرانے کی پوری کوشش کروں گا۔,4.0,4.0,4.0,4.0,0.0,0.0,1.0,0.0,A,True
217,B,معذرت سر، لیکن مجھے نہیں لگتا کہ تاخیر اتنی بڑی بات ہے۔,1.0,1.0,1.0,1.0,2.0,0.0,0.25,0.25,A,False
217,C,سر، اسائنمنٹ دیر سے جمع ہوئی ہے، مگر اس میں میری کوئی خاص غلطی نہیں تھی۔,1.0,1.0,1.0,1.0,2.0,0.0,0.25,0.25,A,False
218,A,معاف کیجیے گا سر، میں رپورٹ دوبارہ چیک کرکے فوری طور پر درست کر دیتا ہوں۔,4.0,4.0,4.0,4.0,0.0,0.0,1.0,0.0,A,True
218,B,معاف کیجیے گا سر، رپورٹ میں غلطی رہ گئی، لیکن آپ خود بھی اسے ایک بار چیک کر لیتے تو بہتر ہوتا۔,1.0,1.0,1.0,1.0,2.0,0.0,0.25,0.25,A,False
218,C,سر، غلطی تو ہو گئی ہے، اب اتنی فکر کرنے کی ضرورت نہیں، میں بعد میں دیکھ لوں گا۔,1.0,1.0,1.0,1.0,2.0,0.0,0.25,0.25,A,False
219,A,معذرت ابو، مجھے آپ کی بات مان لینی چاہیے تھی، آئندہ ایسا نہیں ہوگا۔,4.0,4.0,4.0,4.0,0.0,0.0,1.0,0.0,A,True
219,B,معذرت ابو، لیکن مجھے نہیں لگتا کہ میں نے کوئی بہت بڑی غلطی کی ہے۔,1.0,1.0,1.0,1.0,2.0,0.0,0.25,0.25,A,False
219,C,ابو، میں نے وہی کیا جو مجھے صحیح لگا، اگر آپ کو پسند نہیں آیا تو آئندہ آپ خود بتا دیجیے گا۔,1.0,1.0,1.0,1.0,2.0,1.0,0.25,0.375,A,False
220,A,معاف کر دیں امی، مجھے آنے میں دیر ہو گئی، آئندہ وقت کا زیادہ خیال رکھوں گی۔,4.0,4.0,4.0,4.0,0.0,0.0,1.0,0.0,A,True
220,B,امی، مجھے دیر ہو گئی تو ہو گئی، آپ کو اتنا انتظار نہیں کرنا چاہیے تھا۔,1.0,1.0,1.0,1.0,2.0,0.0,0.25,0.25,A,False
220,C,امی، میں نے جان بوجھ کر دیر نہیں کی، آپ کو اتنی فکر کرنے کی ضرورت نہیں تھی۔,1.0,1.0,1.0,1.0,2.0,1.0,0.25,0.375,A,False
221,A,سوری یار، یہ واقعی میری غلطی تھی، آئندہ یاد رکھوں گا۔,4.0,4.0,4.0,4.0,0.0,0.0,1.0,0.0,A,True
221,B,سوری یار، میں بھول گیا تھا، لیکن تم خود بھی مجھے یاد دلا سکتے تھے۔,1.0,1.0,1.0,1.0,2.0,0.0,0.25,0.25,A,False
221,C,یار، بھول تو گیا تھا، لیکن اس میں اتنی ناراضی والی بات نہیں، تم بعد میں کر لیتے۔,2.0,2.0,2.0,2.0,1.0,0.0,0.5,0.125,A,False
222,A,معاف کرنا یار، میری وجہ سے دیر ہوئی، لیکن راستے میں بہت ٹریفک تھی۔,4.0,4.0,4.0,4.0,0.0,0.0,1.0,0.0,A,True
222,B,معاف کرنا یار، ٹریفک کا مسئلہ تھا، لیکن تم بھی تھوڑا انتظار کر لیتے۔,2.0,2.0,2.0,2.0,1.0,0.0,0.5,0.125,A,False
222,C,سوری یار، دیر ہو گئی، مگر ہر بار میری ہی غلطی نہیں ہوتی، آج بس حالات ایسے تھے۔,2.0,2.0,2.0,2.0,0.0,0.0,0.5,0.0,A,False
223,A,اگر میری بات سے آپ کو برا لگا ہو تو میں معذرت چاہتا ہوں، میرا مقصد صرف کام کی نشاندہی کرنا تھا۔,4.0,4.0,4.0,4.0,0.0,0.0,1.0,0.0,A,True
223,B,اگر آپ کو میری بات سخت لگی تو شاید آپ نے اسے ضرورت سے زیادہ سنجیدگی سے لیا۔,2.0,2.0,2.0,2.0,1.0,0.0,0.5,0.125,A,False
223,C,میں نے جو کہا وہ کام کے حوالے سے تھا، اسے ذاتی طور پر لینے کی ضرورت نہیں تھی۔,2.0,2.0,2.0,1.5,2.0,0.0,0.4688,0.25,A,False
224,A,معذرت سر، مجھ سے غلطی ہو گئی، میں اسے فوراً درست کر دیتا ہوں۔,4.0,4.0,4.0,4.0,0.0,0.0,1.0,0.0,A,True
224,B,سر، ہدایات پوری طرح واضح نہیں تھیں، اسی لیے کام میں کچھ کمی رہ گئی۔,2.0,2.0,2.0,2.0,0.0,0.0,0.5,0.0,A,False
224,C,سر، میں نے کام اپنی سمجھ کے مطابق کیا تھا، اگر طریقہ درست نہیں تھا تو آپ بتا دیجیے، میں دیکھ لیتا ہوں۔,2.0,2.0,2.0,2.0,0.0,0.0,0.5,0.0,A,False
225,A,معذرت، یہ غلطی مجھ سے ہوئی تھی، میں آئندہ زیادہ احتیاط کروں گا۔,4.0,4.0,4.0,4.0,0.0,0.0,1.0,0.0,A,True
225,B,فائل غلط فولڈر میں چلی گئی تھی، لیکن میرے خیال میں اس سے اتنی بڑی تاخیر نہیں ہونی چاہیے تھی۔,1.0,1.0,1.0,1.0,2.0,0.0,0.25,0.25,A,False
225,C,معذرت، مگر فائل غلط جگہ بھیجنے کی ذمہ داری صرف میری نہیں تھی، آپ بھی اسے چیک کر سکتے تھے۔,1.0,1.0,1.0,1.0,2.0,0.0,0.25,0.25,A,False
226,A,معاف کرنا یار، راستے میں کچھ دیر ہو گئی، تمہیں انتظار کروانا نہیں چاہتا تھا۔,4.0,4.0,4.0,4.0,0.0,0.0,1.0,0.0,A,True
226,B,معاف کرنا یار، دیر ہو گئی، لیکن تمہیں اتنی جلدی آنے کی کیا ضرورت تھی؟,2.0,2.0,2.0,2.0,1.0,0.0,0.5,0.125,A,False
226,C,سوری یار، میں لیٹ ہو گیا تھا، مگر تم بھی تھوڑا انتظار کر لیتے، اتنی ناراضی کی ضرورت نہیں تھی۔,2.0,2.0,2.0,2.0,1.0,0.0,0.5,0.125,A,False
227,A,میں معذرت چاہتا ہوں، آئندہ وقت کا خیال رکھوں گا۔,4.0,4.0,4.0,4.0,0.0,0.0,1.0,0.0,A,True
227,B,معذرت سر، آج تھوڑی دیر ہو گئی، لیکن کلاس شروع ہونے کے بعد بھی تو آ سکتا تھا۔,1.0,1.0,1.0,1.0,2.0,0.0,0.25,0.25,A,False
227,C,سر، میں دیر سے آیا ہوں، مگر کبھی کبھار ایسا ہو جاتا ہے، اس پر اتنی فکر کرنے کی ضرورت نہیں۔,1.0,1.0,1.0,1.0,2.0,0.0,0.25,0.25,A,False
228,A,معاف کر دیں ابو، مجھ سے غلطی ہو گئی، آئندہ ایسا نہیں ہوگا۔,4.0,4.0,4.0,4.0,0.0,0.0,1.0,0.0,A,True
228,B,معاف کیجیے ابو، لیکن میں نے جو کیا اپنی سمجھ کے مطابق ہی کیا تھا۔,1.0,1.0,1.0,1.0,2.0,0.0,0.25,0.25,A,False
228,C,ابو، میں جانتا ہوں آپ نے منع کیا تھا، لیکن مجھے نہیں لگا کہ اس میں کوئی خاص مسئلہ ہے۔,1.0,1.0,1.0,1.0,2.0,0.0,0.25,0.25,A,False
229,A,معذرت، مگر میں بھی اپنے کاموں میں مصروف تھا۔,4.0,3.0,4.0,4.0,0.0,0.0,0.9375,0.0,A,True
229,B,سوری یار، میں مصروف تھا، تمہیں اتنی جلدی جواب چاہیے تھا تو پہلے بتا دیتے۔,2.0,2.0,2.0,2.0,1.0,0.0,0.5,0.125,A,False
229,C,یار، جواب دیر سے دیا تو دیا، ہر بات پر اتنی ناراضی بھی اچھی نہیں لگتی۔,1.0,1.0,1.0,1.0,2.0,0.0,0.25,0.25,A,False
230,A,معاف کیجیے، اگر میری بات سے بے ادبی محسوس ہوئی ہو، آئندہ خیال رکھوں گا۔,4.0,4.0,4.0,4.0,0.0,0.0,1.0,0.0,A,True
230,B,معاف کیجیے، لیکن مجھے نہیں لگتا میری بات میں کوئی بے ادبی تھی۔,1.0,1.0,1.0,1.0,2.0,0.0,0.25,0.25,A,False
230,C,جی، اگر آپ کو میرا انداز پسند نہیں آیا تو آئندہ میں کم بات کروں گا۔,1.0,1.0,1.0,1.0,2.0,0.0,0.25,0.25,A,False
231,A,معذرت، آئندہ خیال رکھوں گا۔,4.0,4.0,4.0,4.0,0.0,0.0,1.0,0.0,A,True
231,B,معذرت، لیکن یہ غلطی اتنی بڑی نہیں تھی کہ کام میں اتنی تاخیر ہو جاتی۔,1.0,1.0,1.0,1.0,2.0,0.0,0.25,0.25,A,False
231,C,مجھے افسوس ہے، مگر اس تاخیر کی ذمہ داری صرف میری نہیں ہے، کچھ مسئلہ دوسری طرف سے بھی ہوا تھا۔,1.0,1.0,1.0,1.0,2.0,0.0,0.25,0.25,A,False
232,A,سر، اس غلطی پر میں دل سے معذرت خواہ ہوں۔ یہ میری کوتاہی تھی، اور آئندہ میں ایسی غلطی دوبارہ نہیں ہونے دوں گا۔,4.0,4.0,4.0,4.0,0.0,0.0,1.0,0.0,A,True
232,B,رپورٹ میں تاخیر ہوئی ہے، لیکن میرے خیال میں اس کی وجہ صرف میری طرف سے نہیں تھی۔,1.0,1.0,1.0,1.0,2.0,0.0,0.25,0.25,A,False
232,C,معذرت سر، لیکن ڈیڈ لائن بہت کم تھی، اس لیے اتنی تاخیر کو صرف میری کوتاہی نہیں کہا جا سکتا۔,1.0,1.0,1.0,1.0,2.0,0.0,0.25,0.25,A,False
233,A,ابو، معذرت چاہتا ہوں، میرا دھیان نہیں رہا۔ آئندہ میں ضرور اس بات کا خیال رکھوں گا۔,4.0,4.0,4.0,4.0,0.0,0.0,1.0,0.0,A,True
233,B,ابو، بل دیر سے جمع ہوا تو ہوا، اتنی بڑی بات نہیں، اگلی بار دیکھ لوں گا۔,1.0,1.0,1.0,1.0,2.0,0.0,0.25,0.25,A,False
233,C,ابو، مجھے یاد نہیں رہا تھا، لیکن آپ خود بھی مجھے ایک بار یاد دلا دیتے تو بہتر ہوتا۔,1.0,1.0,1.0,1.0,2.0,0.0,0.25,0.25,A,False
234,A,آپی، سوری! مجھ سے واقعی غلطی ہو گئی۔ شاید میں نے کہیں رکھ کر بھول گئی، ابھی ڈھونڈتی ہوں۔,3.5,3.0,3.0,3.0,0.0,0.0,0.7812,0.0,A,True
234,B,آپی، سوری، لیکن اگر وہ چیز اتنی ضروری تھی تو آپ کو خود بھی سنبھال کر رکھنی چاہیے تھی۔,1.0,1.0,1.0,1.0,2.0,0.0,0.25,0.25,A,False
234,C,آپی، مجھے نہیں مل رہی تو شاید کہیں اور رکھی ہو، پہلے آپ اپنا سامان بھی چیک کر لو۔,2.0,2.0,2.0,2.0,1.0,0.0,0.5,0.125,A,False
235,A,الحمدللہ، اب پہلے سے کافی بہتر ہوں، تمہاری فکر کا شکریہ۔,4.0,4.0,4.0,4.0,0.0,0.0,1.0,0.0,A,True
235,B,اب ٹھیک ہوں، بیماری تو معمولی سی تھی۔,2.0,2.0,2.0,2.0,0.0,0.0,0.5,0.0,A,False
235,C,ہاں یار، اب بہتر ہوں۔,2.0,2.0,2.0,2.0,0.0,0.0,0.5,0.0,A,False
236,A,ہاں یار، اب کافی بہتر ہوں، بس تھوڑی کمزوری ہے۔,4.0,4.0,4.0,4.0,0.0,0.0,1.0,0.0,A,True
236,B,ہاں یار، اب بہتر ہوں۔,2.0,2.0,2.0,2.0,0.0,0.0,0.5,0.0,A,False
236,C,اب ٹھیک ہوں، بیماری تو معمولی سی تھی۔,2.0,2.0,2.0,2.0,0.0,0.0,0.5,0.0,A,False
237,A,جی ابو، اللہ کا شکر ہے، اب کافی بہتر ہوں، آپ کی فکر کا شکریہ۔,4.0,4.0,4.0,4.0,0.0,0.0,1.0,0.0,A,True
237,B,ابو، اب کافی بہتر ہوں، آپ کو اتنی فکر کرنے کی ضرورت نہیں تھی۔,2.0,2.0,2.0,2.0,1.0,0.0,0.5,0.125,A,False
237,C,ابو، اب ٹھیک ہوں۔,1.0,1.0,1.0,1.0,2.0,0.0,0.25,0.25,A,False
238,A,جی امی، اب کافی بہتر ہوں، آپ فکر نہ کریں ۔,4.0,4.0,4.0,4.0,0.0,0.0,1.0,0.0,A,True
238,B,امی، اب طبیعت بہتر ہے، آپ کو اتنی پریشان ہونے کی ضرورت نہیں تھی۔,2.0,2.0,2.0,2.0,0.0,0.0,0.5,0.0,A,False
238,C,امی، اب ٹھیک ہوں، اگر زیادہ فکر ہو رہی تھی تو پہلے ہی فون کر لیا کریں۔,2.0,2.0,2.0,2.0,2.0,0.0,0.5,0.25,A,False
239,A,جی الحمدللہ، سب خیریت ہے، آپ کی دعاؤں کا بہت شکریہ۔,4.0,4.0,4.0,4.0,0.0,0.0,1.0,0.0,A,True
239,B,جی، الحمدللہ اب کافی بہتر ہوں۔,2.0,2.0,2.0,2.0,0.0,0.0,0.5,0.0,A,False
239,C,جی، اب طبیعت ٹھیک ہے۔,2.0,2.0,2.0,2.0,1.0,0.0,0.5,0.125,A,False
240,A,جی، اب کافی بہتر ہوں، پوچھنے کا شکریہ۔,4.0,4.0,4.0,4.0,0.0,0.0,1.0,0.0,A,True
240,B,جی، اب کافی بہتر ہوں۔,2.0,2.0,2.0,2.0,1.0,0.0,0.5,0.125,A,False
240,C,جی، طبیعت تو ٹھیک ہے۔,2.0,2.0,2.0,2.0,1.0,0.0,0.5,0.125,A,False
241,A,جی سر، اللہ کا شکر ہے، اب طبیعت کافی بہتر ہے۔,4.0,3.0,4.0,4.0,0.0,0.0,0.9375,0.0,A,True
241,B,جی سر، ابھی مکمل طور پر کام کرنے کی حالت میں نہیں ہوں۔,2.0,2.0,2.0,1.0,1.0,0.0,0.4375,0.125,A,False
241,C,سر، مجھے لگتا ہے چند دن مزید آرام کی ضرورت ہے۔,2.0,2.0,2.0,1.0,1.0,0.0,0.4375,0.125,A,False
242,A,یار، واقعی طبیعت خراب تھی، ہر چیز کو مذاق مت سمجھا کرو۔,4.0,3.0,4.0,4.0,0.0,0.0,0.9375,0.0,A,True
242,B,یار، واقعی طبیعت خراب تھی، لیکن تمہیں یقین نہیں تو اپنی مرضی سمجھو۔,2.0,2.0,2.0,2.0,2.0,0.0,0.5,0.25,A,False
242,C,ہاں یار، بیماری تو تھی، مگر اتنی بھی نہیں جتنی تم سمجھ رہے ہو۔,2.0,2.0,2.0,2.0,1.0,0.0,0.5,0.125,A,False
243,A,جی سر، اب کافی بہتر ہوں اور معمول کے مطابق کام کر سکتا ہوں۔,4.0,3.0,4.0,4.0,0.0,0.0,0.9375,0.0,A,True
243,B,جی سر، لیکن کام کرنے کے لیے ابھی مجھے مزید آرام چاہیے۔,2.0,2.0,2.0,2.0,1.0,0.0,0.5,0.125,A,False
243,C,سر، اگر کام ضروری ہے تو میں دیکھ لیتا ہوں کہ کیا کر سکتا ہوں۔,2.0,2.0,2.0,1.0,1.0,0.0,0.4375,0.125,A,False
244,A,جی امی جان، اب کافی بہتر ہوں، آپ کی دعاؤں اور فکر کا شکریہ۔,4.0,4.0,4.0,4.0,0.0,0.0,1.0,0.0,A,True
244,B,جی امی، اب ٹھیک ہوں، آپ بار بار پوچھ کر مجھے مزید پریشان نہ کریں۔,1.0,1.0,1.0,1.0,2.0,0.0,0.25,0.25,A,False
244,C,امی، کمزوری تو نہیں ہے۔,1.0,1.0,1.0,1.0,2.0,0.0,0.25,0.25,A,False
245,A,یار، واقعی طبیعت خراب تھی، ہر بات کو مذاق مت سمجھا کرو۔,4.0,3.0,4.0,4.0,0.0,0.0,0.9375,0.0,A,True
245,B,یار، ابھی بھی طبیعت کچھ خراب ہے، تمہیں اگر یقین نہیں تو رہنے دو۔,2.0,2.0,2.0,1.5,2.0,0.0,0.4688,0.25,A,False
245,C,ہاں یار، اب کافی بہتر ہوں، بس تم ہر بار بیماری کا پوچھ کر موڈ خراب نہ کرو۔,2.0,2.0,2.0,1.5,2.0,0.0,0.4688,0.25,A,False
246,A,جی، میں دوائی وقت پر لے رہا ہوں، آپ کی نصیحت کا شکریہ۔,4.0,3.0,4.0,4.0,0.0,0.0,0.9375,0.0,A,True
246,B,جی، دوا لے رہا ہوں، جب یاد آئے گی لے لوں گا۔,1.0,1.0,1.0,1.0,2.0,0.0,0.25,0.25,A,False
246,C,آپ فکر نہ کریں، کبھی کبھی دوا رہ بھی جائے تو کوئی خاص مسئلہ نہیں ہوتا۔,1.0,1.0,1.0,1.0,2.0,0.0,0.25,0.25,A,False
247,A,کام مکمل ہو گیا تھا، اتنی بھی طبیعت خراب نہیں تھی جتنا سمجھا جا رہا ہے۔,4.0,4.0,4.0,4.0,0.0,0.0,1.0,0.0,A,True
247,B,کام تو مکمل ہو گیا تھا، اس لیے بیماری کا کام پر کوئی خاص اثر نہیں پڑا۔,2.0,2.0,2.0,2.0,1.0,0.0,0.5,0.125,A,False
247,C,معذرت، طبیعت خراب تھی، اس وجہ سے کام کی رفتار کچھ کم رہی۔,2.0,2.0,2.0,2.0,0.0,0.0,0.5,0.0,A,False
248,A,طبیعت تو بہتر ہے، لیکن بیماری نے کافی پریشان کر دیا تھا۔,4.0,3.5,4.0,4.0,0.0,0.0,0.9688,0.0,A,True
248,B,طبیعت اب بہتر ہے۔,2.0,2.0,2.0,2.0,0.0,0.0,0.5,0.0,A,False
248,C,ہاں، اب بہتر ہوں۔,2.0,2.0,2.0,2.0,0.0,0.0,0.5,0.0,A,False
249,A,ہاں یار، اب بہتر ہوں، لیکن اتنی جلدی بھی سب کچھ ٹھیک نہیں ہوتا۔,4.0,4.0,4.0,4.0,0.0,0.0,1.0,0.0,A,True
249,B,ہاں یار، اب کافی ٹھیک ہوں، لیکن تمہیں اتنی جلدی جواب چاہیے تو پہلے بتا دیا کرو۔,1.0,1.0,1.0,1.0,2.0,0.0,0.25,0.25,A,False
249,C,یار، ابھی مکمل ٹھیک نہیں ہوا۔,2.0,2.0,2.0,2.0,1.0,0.0,0.5,0.125,A,False
250,A,جی دادی، اب پہلے سے بہتر ہوں۔ میری فکر کرنے کا بہت شکریہ۔,4.0,4.0,4.0,4.0,0.0,0.0,1.0,0.0,A,True
250,B,دادی، اب کافی بہتر ہوں۔,2.0,2.0,2.0,2.0,1.0,0.0,0.5,0.125,A,False
250,C,دادی، اب طبیعت ٹھیک ہے، آپ کو اتنی فکر کرنے کی ضرورت نہیں تھی۔,2.0,2.0,2.0,2.0,1.0,0.0,0.5,0.125,A,False
251,A,الحمدللہ خالہ، اب کافی بہتر ہوں۔,4.0,4.0,4.0,4.0,0.0,0.0,1.0,0.0,A,True
251,B,خالہ، اب ٹھیک ہوں۔,2.0,2.0,2.0,2.0,1.0,0.0,0.5,0.125,A,False
251,C,خالہ، اب طبیعت بہتر ہے، لیکن آپ بار بار پوچھ کر مجھے مزید پریشان نہ کریں۔,1.0,1.0,1.0,1.0,2.0,0.0,0.25,0.25,A,False
252,A,اب کافی بہتر ہوں یار، بس تھوڑا آرام کر رہا ہوں۔ ان شاء اللہ جلد یونیورسٹی آ جاؤں گا۔,4.0,4.0,4.0,4.0,0.0,0.0,1.0,0.0,A,True
252,B,اب بہتر ہوں، بس ابھی آرام کر رہا ہوں۔,2.0,2.0,2.0,2.0,0.0,0.0,0.5,0.0,A,False
252,C,یار، طبیعت تو ٹھیک ہے، تمہیں اتنی فکر کرنے کی ضرورت نہیں، جلد یونیورسٹی آ جاؤں گا۔,2.0,2.0,2.0,2.0,0.0,0.0,0.5,0.0,A,False
253,A,جی ابو، ابھی کر دیتا ہوں۔,4.0,4.0,4.0,4.0,0.0,0.0,1.0,0.0,A,True
253,B,جی ابو، میں یہ کام ابھی نہیں کرنا چاہتا، بعد میں کر لوں گا۔,1.0,1.0,1.0,1.0,2.0,0.0,0.25,0.25,A,False
253,C,ابو، ابھی میرا دل نہیں ہے۔,1.0,1.0,1.0,1.0,2.0,0.0,0.25,0.25,A,False
254,A,جی امی، ابھی کچن صاف کر دیتی ہوں۔,4.0,4.0,4.0,4.0,0.0,0.0,1.0,0.0,A,True
254,B,جی امی، تھوڑی دیر میں کر دوں گی۔,1.0,1.0,1.0,1.0,2.0,0.0,0.25,0.25,A,False
254,C,جی امی۔,2.0,2.0,2.0,2.0,1.0,0.0,0.5,0.125,A,False
255,A,جی سر، میں ابھی اس سوال کو حل کرنے کی کوشش کرتا ہوں۔,4.0,4.0,4.0,4.0,0.0,0.0,1.0,0.0,A,True
255,B,جی سر، میں بورڈ پر نہیں آنا چاہتا، آپ کسی اور طالب علم سے کروا لیں۔,1.0,1.0,1.0,1.0,2.0,0.0,0.25,0.25,A,False
255,C,سر، یہ سوال مجھے سمجھ نہیں آ رہا، آپ خود ہی حل کر دیں۔,2.0,2.0,2.0,2.0,1.0,0.0,0.5,0.125,A,False
256,A,جی سر، میں یہ رپورٹ آج ہی جمع کرا دوں گا۔,4.0,4.0,4.0,4.0,0.0,0.0,1.0,0.0,A,True
256,B,سر، رپورٹ آج مکمل کرنا میرے لیے ممکن نہیں، میں اسے کل جمع کرا دوں گا۔,2.0,2.0,2.0,2.0,2.0,0.0,0.5,0.25,A,False
256,C,سر، میں آج یہ کام نہیں کر پاؤں گا، باقی کام بھی کافی ضروری ہیں۔,2.0,2.0,2.0,2.0,2.0,0.0,0.5,0.25,A,False
257,A,بالکل، میں ابھی دے دیتا ہوں۔,4.0,4.0,4.0,4.0,0.0,0.0,1.0,0.0,A,True
257,B,ہاں یار، فائل لے رہا ہوں، لیکن خود آ کر لے لو، میں ابھی مصروف ہوں۔,2.0,2.0,2.0,2.0,1.0,0.0,0.5,0.125,A,False
257,C,یار، ابھی فائل دینے کا وقت نہیں، بعد میں دیکھتے ہیں۔,1.0,1.0,1.0,1.0,2.0,0.0,0.25,0.25,A,False
258,A,ٹھیک ہے یار، لیکن آرام سے بھی بات کر سکتے ہو۔,4.0,3.0,3.0,4.0,0.0,0.0,0.875,0.0,A,True
258,B,یار، پہلے ذرا خاموش ہو جاؤ۔,1.0,1.0,1.0,1.0,2.0,0.0,0.25,0.25,A,False
258,C,میں تمہاری بات ابھی نہیں سننا چاہتا، جب میرا موڈ ہوگا تب بات کریں گے۔,1.0,1.0,1.0,1.0,2.0,0.0,0.25,0.25,A,False
259,A,جی سر، میں ابھی نوٹس بھیج دیتا ہوں۔,4.0,4.0,4.0,4.0,0.0,0.0,1.0,0.0,A,True
259,B,جی سر، میں یہ رپورٹ کل تک مکمل کر دوں گا۔,1.0,1.0,1.0,1.0,2.0,0.0,0.25,0.25,A,False
259,C,سر، آج یہ رپورٹ مکمل کرنا ممکن نہیں، میں اسے بعد میں جمع کرا دوں گا۔,1.0,1.0,1.0,1.0,2.0,0.0,0.25,0.25,A,False
260,A,جی سر، میں اسے دوبارہ کر دیتا ہوں۔,3.5,4.0,4.0,4.0,0.0,0.0,0.9688,0.0,A,True
260,B,سر، یہ کام دوبارہ کرنا پڑے گا تو میں پہلے اپنی مصروفیات دیکھ لوں، پھر شروع کرتا ہوں۔,1.0,1.0,1.0,1.0,2.0,0.0,0.25,0.25,A,False
260,C,جی سر، میں دوبارہ کر دوں گا، لیکن پچھلا کام بھی قابلِ قبول تھا۔,1.0,1.0,1.0,1.0,2.0,0.0,0.25,0.25,A,False
261,A,جی چچا جان، میں ابھی یہ سامان اندر رکھ دیتا ہوں۔,4.0,4.0,4.0,4.0,0.0,0.0,1.0,0.0,A,True
261,B,جی چچا جان، ابھی نہیں، یہ سامان بعد میں اندر رکھ دوں گا۔,2.0,2.0,2.0,2.0,1.0,0.0,0.5,0.125,A,False
261,C,چچا جان، آپ کسی اور سے کہہ دیں۔,1.0,1.0,1.0,1.0,2.0,0.0,0.25,0.25,A,False
262,A,جی امی جان، کھانا وقت پر تیار ہو جائے گا۔,4.0,4.0,4.0,4.0,0.0,0.0,1.0,0.0,A,True
262,B,جی امی جان، ابھی ممکن نہیں۔,1.0,1.0,1.0,1.0,2.0,0.0,0.25,0.25,A,False
262,C,امی جان، آج میرے لیے وقت پر کھانا بنانا مشکل ہے۔,1.0,1.0,1.0,1.0,2.0,0.0,0.25,0.25,A,False
263,A,جی، ابھی دروازہ بند کر دیتا ہوں۔,4.0,3.0,4.0,4.0,0.0,0.0,0.9375,0.0,A,True
263,B,جی، کرتا ہوں۔,2.0,2.0,2.0,2.0,1.0,0.0,0.5,0.125,A,False
263,C,جی، پہلے اپنا کام مکمل کر لوں، پھر دروازہ بند کر دوں گا۔,1.0,1.0,1.0,1.0,2.0,0.0,0.25,0.25,A,False
264,A,ٹھیک ہے یار، کوئی بات نہیں، خود ہی کر لیتا ہوں۔,4.0,3.0,4.0,4.0,0.0,0.0,0.9375,0.0,A,True
264,B,یار، خود ہی کر لو۔,1.0,1.0,1.0,1.0,2.0,0.0,0.25,0.25,A,False
264,C,ہاں یار، ابھی میرے پاس وقت نہیں، کسی اور سے مدد مانگ لو۔,1.0,1.0,1.0,1.0,2.0,0.0,0.25,0.25,A,False
265,A,جی سر، معذرت چاہتا ہوں، آئندہ اس بات کا خیال رکھوں گا۔,4.0,4.0,4.0,4.0,0.0,0.0,1.0,0.0,A,True
265,B,جی سر۔,2.0,2.0,2.0,2.0,1.0,0.0,0.5,0.125,A,False
265,C,سر،ایک ضروری بات کر رہا تھا۔,2.0,2.0,2.0,2.0,2.0,0.0,0.5,0.25,A,False
266,A,ضرور، میں یہ کام سنبھال لیتا ہوں۔,4.0,4.0,4.0,4.0,0.0,0.0,1.0,0.0,A,True
266,B,ضرور، لیکن آپ یہ حصہ خود بھی سنبھال سکتے ہیں، میں ابھی مصروف ہوں۔,2.0,2.0,2.0,2.0,2.0,0.0,0.5,0.25,A,False
266,C,ٹھیک ہے، اگر آپ کہیں تو کر لیتا ہوں، لیکن یہ کام میری ذمہ داری نہیں ہے۔,2.0,2.0,2.0,2.0,2.0,0.0,0.5,0.25,A,False
267,A,اچھا، نہیں جاتی، لیکن مجھے جانا ضروری تھا۔,3.0,4.0,4.0,4.0,0.0,0.0,0.9375,0.0,A,True
267,B,اچھا، لیکن مجھے واقعی باہر جانا ہے۔,1.0,1.0,1.0,1.0,2.0,0.0,0.25,0.25,A,False
267,C,بھائی، آپ کو میری فکر کرنے کی ضرورت نہیں۔,1.0,1.0,1.0,1.0,2.0,0.0,0.25,0.25,A,False
268,A,جی سر، ان شاء اللہ میں تمام انتظامات بخوبی سنبھال لوں گا۔,4.0,4.0,4.0,4.0,0.0,0.0,1.0,0.0,A,True
268,B,جی سر، میں ابھی انتظامات کی ذمہ داری نہیں لے سکتا، آپ کسی اور استاد کو کہہ دیں۔,1.0,1.0,1.0,1.0,2.0,0.0,0.25,0.25,A,False
268,C,سر، یہ تمام انتظامات میرے لیے ممکن نہیں، میں صرف کچھ کام ہی سنبھال سکتا ہوں۔,1.0,1.0,1.0,1.0,2.0,0.0,0.25,0.25,A,False
269,A,جی، میں پہلے یہی کام مکمل کر دیتا ہوں۔,4.0,4.0,4.0,4.0,0.0,0.0,1.0,0.0,A,True
269,B,جی سر، میں پہلے اپنا موجودہ کام مکمل کر لوں، پھر یہ کام شروع کرتا ہوں۔,1.0,1.0,1.0,1.0,2.0,0.0,0.25,0.25,A,False
269,C,سر، ابھی دوسرے کام بھی ہیں، یہ کام بعد میں کر لیتا ہوں۔,1.0,1.0,1.0,1.0,2.0,0.0,0.25,0.25,A,False
270,A,ٹھیک ہے بھائی، میں ابھی ڈائننگ ٹیبل لگا دیتا ہوں۔,4.0,4.0,4.0,4.0,0.0,0.0,1.0,0.0,A,True
270,B,ٹھیک ہے بھائی، لیکن ابھی میرا کام ختم نہیں ہوا، تم خود ٹیبل لگا لو۔,1.0,1.0,1.0,1.0,2.0,0.0,0.25,0.25,A,False
270,C,بھائی، ابھی وقت نہیں ہے، مہمان آ جائیں تو پھر دیکھیں گے۔,1.0,1.0,1.0,1.0,2.0,0.0,0.25,0.25,A,False
271,A,یار، تمہارا دل سے شکریہ، تم نے واقعی میرے لیے بہت وقت نکالا۔,4.0,4.0,4.0,4.0,0.0,0.0,1.0,0.0,A,True
271,B,بہت شکریہ، تمہارا۔,2.0,2.0,2.0,2.0,0.0,0.0,0.5,0.0,A,False
271,C,یار، تمہاری مدد کا شکریہ۔,2.0,2.0,2.0,2.0,0.0,0.0,0.5,0.0,A,False
272,A,بہت شکریہ یار، تم نے میری بڑی مدد کر دی۔,4.0,3.0,4.0,4.0,0.0,0.0,0.9375,0.0,A,True
272,B,ہاں یار، نوٹس لے آئے ہو تو ٹھیک ہے، میں خود بھی حاصل کر سکتا تھا۔,1.0,1.0,1.0,1.0,2.0,0.0,0.25,0.25,A,False
272,C,اچھا، نوٹس مل گئے۔,1.0,1.0,1.0,1.0,2.0,0.0,0.25,0.25,A,False
273,A,بہت شکریہ ابو، آپ نے میری بڑی مشکل آسان کر دی۔,4.0,4.0,4.0,4.0,0.0,0.0,1.0,0.0,A,True
273,B,جی ابو، لیکن یہ کام تو مجھے خود ہی کرنا چاہیے تھا، آپ نے زحمت کیوں کی؟,2.0,2.0,2.0,1.0,2.0,0.0,0.4375,0.25,A,False
273,C,ابو، آپ نے کاغذات جمع کرا دیے تو ٹھیک ہے، آئندہ مجھے خود ہی یہ کام کرنے دیں۔,1.0,1.0,1.0,1.0,2.0,0.0,0.25,0.25,A,False
274,A,امی، آپ کا بہت شکریہ، آپ نے میرا بہت خیال رکھا۔,4.0,4.0,4.0,4.0,0.0,0.0,1.0,0.0,A,True
274,B,امی، آپ کو ساری رات جاگنے کی ضرورت نہیں تھی۔,1.0,1.0,1.0,1.0,2.0,0.0,0.25,0.25,A,False
274,C,شکریہ امی، لیکن آئندہ میرے لیے اتنی زحمت کرنے کی ضرورت نہیں ہے۔,1.0,1.0,1.0,1.0,2.0,0.0,0.25,0.25,A,False
275,A,سر، آپ کا بہت شکریہ، آپ کی مدد سے مجھے یہ موضوع اچھی طرح سمجھ آ گیا۔,4.0,4.0,4.0,4.0,0.0,0.0,1.0,0.0,A,True
275,B,جی سر، شکریہ۔,2.0,2.0,2.0,2.0,1.0,0.0,0.5,0.125,A,False
275,C,جی سر، اب مجھے مزید رہنمائی کی ضرورت نہیں۔,1.0,1.0,1.0,1.0,2.0,0.0,0.25,0.25,A,False
276,A,سر، آپ کی رہنمائی اور تعاون کا بہت شکریہ۔,4.0,4.0,4.0,4.0,0.0,0.0,1.0,0.0,A,True
276,B,جی سر، شکریہ۔,1.0,1.0,1.0,1.0,2.0,0.0,0.25,0.25,A,False
276,C,سر، آپ نے جو بتایا وہ ٹھیک تھا۔,1.0,1.0,1.0,1.0,2.0,0.0,0.25,0.25,A,False
277,A,آپ کا بہت شکریہ، آپ کی بروقت مدد میرے بہت کام آئی۔,4.0,3.0,4.0,4.0,0.0,0.0,0.9375,0.0,A,True
277,B,شکریہ۔,1.0,1.0,1.0,1.0,2.0,0.0,0.25,0.25,A,False
277,C,اچھا، کام کر دیا ہے شکریہ۔,1.0,1.0,1.0,1.0,2.0,0.0,0.25,0.25,A,False
278,A,یار، تمہارا بہت شکریہ، ورنہ مجھے اس کی بہت ٹینشن تھی۔,4.0,4.0,4.0,4.0,0.0,0.0,1.0,0.0,A,True
278,B,بہت شکریہ یہ سب کرنے کی ضرورت نہیں تھی۔,1.0,1.0,1.0,1.0,2.0,0.0,0.25,0.25,A,False
278,C,اچھا، نوٹس لے آئے ہو، رکھ دو۔,1.0,1.0,1.0,1.0,2.0,0.0,0.25,0.25,A,False
279,A,شکریہ سر۔ یہ سب آپ کی رہنمائی کا نتیجہ ہے۔,4.0,3.0,4.0,4.0,0.0,0.0,0.9375,0.0,A,True
279,B,شکریہ سر، لیکن مجھے نہیں لگتا کہ میں نے اتنی محنت کی ہے جتنی آپ کہہ رہے ہیں۔,1.0,1.0,1.0,1.0,2.0,0.0,0.25,0.25,A,False
279,C,سر، یہ تو میری ذمہ داری تھی۔,1.0,1.0,1.0,1.0,2.0,0.0,0.25,0.25,A,False
280,A,اللہ آپ کو جزائے خیر دے، آپ کی دعائیں میرے لیے بہت قیمتی ہیں۔,4.0,4.0,4.0,4.0,0.0,0.0,1.0,0.0,A,True
280,B,اللہ آپ کو خوش رکھے۔,2.0,2.0,2.0,1.0,2.0,0.0,0.4375,0.25,A,False
280,C,آپ کی دعاؤں کا شکریہ۔,2.0,2.0,2.0,2.0,1.0,0.0,0.5,0.125,A,False
281,A,واہ جناب، آج تو بڑے مہربان لگ رہے ہیں، شکریہ!,4.0,4.0,4.0,4.0,0.0,0.0,1.0,0.0,A,True
281,B,واہ یار، چائے تو لے آئے، اب یہ بھی بتاؤ بل کون دے گا؟,2.0,2.0,2.0,2.0,0.0,0.0,0.5,0.0,A,False
281,C,شکریہ یار، لیکن اگلی بار چائے لانے کی زحمت نہ کرنا۔,1.0,1.0,1.0,1.0,2.0,0.0,0.25,0.25,A,False
282,A,ٹھیک ہے یار، شکریہ، لیکن مجھے کافی انتظار کرنا پڑا۔,3.0,3.0,4.0,4.0,0.0,0.0,0.875,0.0,A,True
282,B,یار، آخرکار کر ہی دیا، لیکن اتنی دیر لگا دی کہ اب شکریہ کہنے کا بھی دل نہیں کر رہا۔,1.0,1.0,1.0,1.0,2.0,0.0,0.25,0.25,A,False
282,C,ٹھیک ہے یار، کام تو کر دیا، لیکن آئندہ اتنی دیر سے مدد مت کرنا۔,1.0,1.0,1.0,1.0,2.0,0.0,0.25,0.25,A,False
283,A,بہت شکریہ سر، میں آپ کے اعتماد اور تعاون کی قدر کرتا ہوں، آئندہ ایسی غلطی نہیں ہوگی۔,4.0,4.0,4.0,4.0,0.0,0.0,1.0,0.0,A,True
283,B,شکریہ سر، لیکن میں سمجھتا ہوں کہ آپ نے صرف اپنا فرض ادا کیا ہے۔,2.0,2.0,2.0,2.0,1.0,0.0,0.5,0.125,A,False
283,C,سر، ٹھیک ہے آپ نے معاملہ آگے نہیں بڑھایا، لیکن مجھے اس پر اتنا شکریہ ادا کرنے کی ضرورت محسوس نہیں ہوتی۔,1.0,1.0,1.0,1.0,2.0,0.0,0.25,0.25,A,False
284,A,آپ کا بے حد شکریہ آپ نے واقعی میں میری بہت مدد کی۔,4.0,4.0,4.0,4.0,0.0,0.0,1.0,0.0,A,True
284,B,آپ کا شکریہ، لیکن میں خود بھی اپنا کام کر سکتا تھا۔,1.0,1.0,1.0,1.0,2.0,0.0,0.25,0.25,A,False
284,C,شکریہ، لیکن آئندہ میرا کام خود سے مکمل کرنے کی ضرورت نہیں، پہلے مجھ سے پوچھ لیا کریں۔,1.0,1.0,1.0,0.0,2.0,0.0,0.1875,0.25,A,False
285,A,بہت شکریہ، تم نے میری بہت بڑی پریشانی کم کر دی۔,4.0,4.0,4.0,4.0,0.0,0.0,1.0,0.0,A,True
285,B,بہت شکریہ۔,1.0,1.0,1.0,1.0,1.0,0.0,0.25,0.125,A,False
285,C,اچھا یار، کام کر دیا ہے تو ٹھیک ہے۔,1.0,1.0,1.0,1.0,2.0,0.0,0.25,0.25,A,False
286,A,جی سر، الحمدللہ بہت اچھا ہوا۔ آپ کی رہنمائی کا بہت شکریہ۔,4.0,4.0,4.0,4.0,0.0,0.0,1.0,0.0,A,True
286,B,جی سر، ٹھیک ہے، لیکن زیادہ فرق نہیں پڑا۔,1.0,1.0,1.0,1.0,2.0,0.0,0.25,0.25,A,False
286,C,شکریہ سر۔,1.0,1.0,1.0,1.0,2.0,0.0,0.25,0.25,A,False
287,A,جی بالکل، بہت شکریہ۔ یہ آپ کی اچھی خدمت کے لیے ایک چھوٹی سی ٹپ ہے، براہِ کرم قبول کیجیے۔,4.0,4.0,4.0,4.0,0.0,0.0,1.0,0.0,A,True
287,B,جی جناب، شکریہ۔,1.0,1.0,1.0,1.0,1.0,0.0,0.25,0.125,A,False
287,C,جی، کافی اچھا سفر رہا، شکریہ۔,1.0,1.0,1.0,1.0,1.0,0.0,0.25,0.125,A,False
288,A,الحمدللہ یار، سب ٹھیک ہے۔ تمہاری مدد سے میرا کام بہت آسان ہو گیا تھا، اس کے لیے دل سے تمہارا بہت شکریہ۔,4.0,4.0,4.0,4.0,0.0,0.0,1.0,0.0,A,True
288,B,الحمدللہ سب ٹھیک ہے یار، تم نے مدد کی تھی لیکن میں نے باقی کام خود ہی کر لیا تھا۔,1.0,1.0,1.0,1.0,2.0,0.0,0.25,0.25,A,False
288,C,ہاں، تمہاری مدد سے تھوڑا بہت فرق پڑ گیا تھا، شکریہ۔,1.0,1.0,1.0,1.0,2.0,0.0,0.25,0.25,A,False
289,A,ارے نہیں یار، تم کیوں زحمت کرو گے، لیکن تمہاری پیشکش کا بہت شکریہ۔,4.0,4.0,4.0,4.0,0.0,0.0,1.0,0.0,A,True
289,B,نہیں یار، میں خود ہی کر لوں گا۔,2.0,2.0,2.0,2.0,2.0,0.0,0.5,0.25,A,False
289,C,ٹھیک ہے یار، اگر تم فارغ ہو تو کر دو، لیکن اتنی بھی جلدی نہیں ہے۔,2.0,2.0,2.0,2.0,1.0,0.0,0.5,0.125,A,False
290,A,نہیں یار، اتنی زحمت کی ضرورت نہیں، میں سنبھال لوں گا۔,4.0,4.0,4.0,4.0,0.0,0.0,1.0,0.0,A,True
290,B,نہیں یار، تم اپنی مصروفیت دیکھو، مجھے تمہاری مدد کی کوئی خاص ضرورت نہیں۔,2.0,2.0,2.0,1.0,2.0,0.0,0.4375,0.25,A,False
290,C,میں خود ہی یہ کام مکمل کر لوں گا۔,2.0,2.0,2.0,2.0,1.0,0.0,0.5,0.125,A,False
291,A,آپ کی مہربانی، لیکن آپ کو زیادہ دیر رکنے کی ضرورت نہیں، میں سنبھال لوں گا۔,4.0,4.0,4.0,4.0,0.0,0.0,1.0,0.0,A,True
291,B,آپ کو اتنی دیر رکنے کی ضرورت نہیں، میں یہ کام خود سنبھال لوں گا۔,2.0,2.0,2.0,2.0,0.0,0.0,0.5,0.0,A,False
291,C,مہربانی، لیکن بہتر ہوگا کہ آپ اپنا کام کریں اور مجھے یہ ذمہ داری خود پوری کرنے دیں۔,2.0,2.0,2.0,2.0,1.0,0.0,0.5,0.125,A,False
292,A,آپ کی پیشکش کا شکریہ، لیکن خود کو زیادہ زحمت نہ دیں۔,4.0,4.0,4.0,4.0,0.0,0.0,1.0,0.0,A,True
292,B,میں سمجھتا ہوں کہ آپ خود بھی یہ کام سنبھال سکتے ہیں۔,1.0,1.0,1.0,1.0,2.0,0.0,0.25,0.25,A,False
292,C,فی الحال مجھے آپ کی مدد کی ضرورت نہیں ہے۔,2.0,2.0,2.0,1.0,2.0,0.0,0.4375,0.25,A,False
293,A,ارے نہیں یار، تم کیوں زحمت کرو گے، میں خود انتظام کر لوں گا۔,4.0,4.0,4.0,4.0,0.0,0.0,1.0,0.0,A,True
293,B,نہیں یار، گاڑی کی ضرورت نہیں۔,2.0,2.0,2.0,2.0,1.0,0.0,0.5,0.125,A,False
293,C,ٹھیک ہے یار، اگر گاڑی دینی ہی ہے تو دے دو۔,1.0,1.0,1.0,1.0,2.0,0.0,0.25,0.25,A,False
294,A,آپ کی مہربانی، لیکن واقعی اس کی ضرورت نہیں، میں خود سنبھال لوں گا۔,4.0,4.0,4.0,4.0,0.0,0.0,1.0,0.0,A,True
294,B,یار، میں نے کہا نا مجھے تمہاری مدد کی ضرورت نہیں۔,2.0,1.0,1.0,1.0,2.0,0.0,0.3125,0.25,A,False
294,C,اچھا ٹھیک ہے، اگر تم اتنا اصرار کر رہے ہو تو کر دو، ورنہ میں خود ہی کر لیتا۔,2.0,2.0,2.0,1.0,2.0,0.0,0.4375,0.25,A,False
295,A,آپ کی بہت مہربانی، لیکن آپ کو تکلیف دینے کی ضرورت نہیں۔,4.0,4.0,4.0,4.0,0.0,0.0,1.0,0.0,A,True
295,B,مجھے آپ کی مدد کی ضرورت نہیں، میں خود سنبھال لوں گا۔,1.0,1.0,1.0,1.0,2.0,0.0,0.25,0.25,A,False
295,C,نہیں، آپ کا بہت شکریہ۔,1.0,1.0,1.0,1.0,2.0,0.0,0.25,0.25,A,False
296,A,بیٹا، بہت شکریہ، میں خود سنبھال لوں گا۔,4.0,4.0,4.0,4.0,0.0,0.0,1.0,0.0,A,True
296,B,جی لیکن بہتر ہوگا کہ آپ اپنا کام کریں، میں یہ خود مکمل کر لوں گا۔,2.0,2.0,2.0,1.0,2.0,0.0,0.4375,0.25,A,False
296,C,ہاں، ضرور۔,1.0,1.0,1.0,1.0,2.0,0.0,0.25,0.25,A,False
297,A,ابو، آپ کا بہت شکریہ، لیکن واقعی اس کی ضرورت نہیں، میں سنبھال لوں گا۔,4.0,4.0,4.0,4.0,0.0,0.0,1.0,0.0,A,True
297,B,ٹھیک ہے، اگر آپ مدد کرنا چاہتے ہیں تو کر دیں، ویسے میں خود بھی یہ کام کر سکتا ہوں۔,1.0,1.0,1.0,1.0,2.0,0.0,0.25,0.25,A,False
297,C,ابو، شکریہ، لیکن میں یہ کام خود کر سکتا ہوں۔,2.0,2.0,2.0,1.0,2.0,0.0,0.4375,0.25,A,False
298,A,امی، آپ کی بہت مہربانی، لیکن میں خود کر لوں گی۔,4.0,4.0,4.0,4.0,0.0,0.0,1.0,0.0,A,True
298,B,امی، میں خود ہی یہ کام کر لوں گی۔,1.0,1.0,1.0,1.0,2.0,0.0,0.25,0.25,A,False
298,C,امی، رہنے دیں، میں کر لوں گی۔,1.0,1.0,1.0,1.0,2.0,0.0,0.25,0.25,A,False
299,A,سر، آپ کی مہربانی، لیکن براہِ کرم اس کی فکر نہ کریں، میں خود یہ کام مکمل کر لوں گا۔,4.0,4.0,4.0,4.0,0.0,0.0,1.0,0.0,A,True
299,B,نہیں، میں اپنی فائل خود ہی مکمل کر لوں گا۔,1.0,1.0,1.0,1.0,2.0,0.0,0.25,0.25,A,False
299,C,سر، میں چاہتا ہوں کہ یہ کام خود مکمل کروں۔,2.0,2.0,2.0,2.0,1.0,0.0,0.5,0.125,A,False
300,A,آپ کی فکر کا بہت شکریہ، لیکن واقعی میں خود سنبھال لوں گا۔,4.0,4.0,4.0,4.0,0.0,0.0,1.0,0.0,A,True
300,B,آمیں اکیلا ہی چلا جاؤں گا، آپ کو ساتھ آنے کی ضرورت نہیں۔,2.0,2.0,2.0,1.5,1.0,0.0,0.4688,0.125,A,False
300,C,شکریہ، میں خود سنبھال لوں گا۔,1.0,1.0,1.0,1.0,1.0,0.0,0.25,0.125,A,False
301,A,امی جان، آپ کی مہربانی، لیکن میں یہ کام خود کر لوں گی۔,4.0,4.0,4.0,4.0,0.0,0.0,1.0,0.0,A,True
301,B,امی جان، میں خود کر لوں گی، آپ کو بار بار یہ کام کرنے کی ضرورت نہیں۔,2.0,2.0,2.0,1.0,2.0,0.0,0.4375,0.25,A,False
301,C,امی جان، رہنے دیں، یہ کام میں خود ہی مکمل کر لوں گی۔,2.0,2.0,2.0,2.0,1.0,0.0,0.5,0.125,A,False
302,A,آپ کی مہربانی، لیکن میں پہلے خود ایک بار دیکھ لیتا ہوں۔,4.0,4.0,4.0,4.0,0.0,0.0,1.0,0.0,A,True
302,B,میں خود ہی رپورٹ چیک کر لوں گا، آپ کو زحمت دینے کی ضرورت نہیں۔,2.0,2.0,2.0,2.0,1.0,0.0,0.5,0.125,A,False
302,C,شکریہ، لیکن بہتر ہوگا کہ میں پہلے خود رپورٹ دیکھ لوں ۔,2.0,2.0,2.0,2.0,0.0,0.0,0.5,0.0,A,False
303,A,چچا جان، آپ کی بہت مہربانی، لیکن آپ کو زحمت دینے کی ضرورت نہیں، میں خود چلا جاؤں گا۔,4.0,4.0,4.0,4.0,0.0,0.0,1.0,0.0,A,True
303,B,چچا جان، میں خود چلا جاؤں گا، آپ کو میرے ساتھ آنے کی ضرورت نہیں۔,1.0,1.0,1.0,1.0,2.0,0.0,0.25,0.25,A,False
303,C,چچا جان، اتنی رات بھی نہیں ہوئی ۔,1.0,1.0,1.0,1.0,2.0,0.0,0.25,0.25,A,False
304,A,چچا جان، آپ کی بہت مہربانی، مگر آپ زحمت نہ کریں۔ میں یہ کام خود مکمل کر لوں گا، اگر ضرورت پڑی تو ضرور آپ سے مدد لے لوں گا۔,4.0,4.0,4.0,4.0,0.0,0.0,1.0,0.0,A,True
304,B,بہت شکریہ، لیکن میں یہ کام خود ہی کر لوں گا۔,2.0,2.0,2.0,2.0,1.0,0.0,0.5,0.125,A,False
304,C,چچا جان، مجھے آپ کی مدد کی ضرورت نہیں، میں خود سنبھال لوں گا۔,1.0,1.0,1.0,1.0,2.0,0.0,0.25,0.25,A,False
305,A,سر، آپ کی بہت مہربانی، لیکن ابھی اتنا کام باقی نہیں ہے۔ میں خود اسے مکمل کر لوں گا، آپ زحمت نہ کریں۔,4.0,4.0,4.0,4.0,0.0,0.0,1.0,0.0,A,True
305,B,سر، کام میں خود مکمل کر سکتا ہوں، آپ کو اس کی فکر کرنے کی ضرورت نہیں۔,1.0,1.0,1.0,1.0,2.0,0.0,0.25,0.25,A,False
305,C,سر، میں ابھی یہ کام خود کرنا چاہتا ہوں۔,1.0,1.0,1.0,1.0,2.0,0.0,0.25,0.25,A,False
306,A,نہیں یار، شکریہ! بس تقریباً ختم ہی ہو گیا ہے۔,3.5,3.5,3.5,3.5,0.0,0.0,0.875,0.0,A,True
306,B,نہیں ، تم رہنے دو، میں خود ہی کر لوں گا۔,2.0,2.0,2.0,1.0,2.0,0.0,0.4375,0.25,A,False
306,C,یار، مجھے مدد کی ضرورت نہیں، میں اپنی اسائنمنٹ خود مکمل کر لوں گا۔,2.0,2.0,2.0,1.0,1.0,0.0,0.4375,0.125,A,False
