Scenario_ID,Language,Topic,User Role,Model Role,Power Distance,Register,Pragmatic Genre,Sensitivity,User Utterance,Context,CAS_A,FTV_A,CAS_B,FTV_B,CAS_C,FTV_C,Gold_Candidate,Gold_Response
1,Urdu,Refusing Offers,میزبان,مہمان,Medium,Formal,Gratitude + indirect refusal,Positive,اور سالن لے لیجیے، ابھی گرم ہے۔,آپ ایک دعوت میں مہمان ہیں۔ کھانے کے دوران میزبان آپ کو مزید سالن پیش کرتا ہے۔,1.0,0.0,0.3438,0.25,0.5,0.125,A,آپ کی بڑی مہربانی، واقعی بہت مزیدار تھا، مگر اب بالکل گنجائش نہیں رہی۔
2,Urdu,Refusing Offers,دوست,دوست,Low,Informal,Polite refusal,Negative,اور چائے بنوا دوں؟,آپ اپنے دوست کے گھر ملاقات کے لیے گئے ہیں۔ گفتگو کے دوران آپ کا دوست آپ کو مزید چائے پیش کرتا ہے۔,0.9375,0.0,0.375,0.1875,0.375,0.1875,A,نہیں یار، تم نے پہلے ہی بہت خاطر داری کر لی ہے، مزید زحمت نہ کرو۔
3,Urdu,Refusing Offers,ساس,بہو,High,Formal,Deferential refusal,Positive,بیٹا، اور روٹی لے لو۔,آپ گھر میں کھانے کی میز پر موجود ہیں۔ کھانے کے دوران آپ کی ساس آپ کو مزید روٹی پیش کرتی ہیں۔,1.0,0.0,0.1875,0.3125,0.25,0.25,A,جی امی جان، بہت شکریہ، مگر واقعی اب مزید گنجائش نہیں رہی۔
4,Urdu,Refusing Offers,محلے کے بزرگ,پڑوسی,High,Formal,Respectful refusal,Neutral,بیٹا آؤ، میں تمہیں چھوڑ دیتا ہوں۔,محلے کے بزرگ آپ کو بازار جاتے ہوئے اپنی گاڑی میں ساتھ چلنے کی پیشکش کرتے ہیں، لیکن آپ نے پہلے ہی دوسری سواری کا انتظام کر لیا ہے۔,1.0,0.0,0.1875,0.25,0.375,0.1875,A,آپ کو زحمت ہوگی، میں نے ٹیکسی بک کر لی ہے، وہ بس آنے ہی والی ہے۔
5,Urdu,Refusing Offers,پروجیکٹ کوآرڈینیٹر,ملازم,Medium,Formal,Grateful refusal,Neutral,اگر تمہاری رپورٹ مکمل نہیں ہوئی تو میں تمہاری مدد کر دیتا ہوں۔,دفتر میں پروجیکٹ کوآرڈینیٹر آپ کے حصے کی رپورٹ خود مکمل کرنے کی پیشکش کرتے ہیں، لیکن آپ رپورٹ تقریباً مکمل کر چکے ہیں اور اسے خود جمع کروانا چاہتے ہیں۔,1.0,0.0,0.25,0.375,0.25,0.25,A,سر، میری رپورٹ مکمل ہونے والی ہے۔ آپ کی مدد کا بہت شکریہ۔
6,Urdu,Refusing Offers,بڑے بھائی کا دوست,چھوٹا بھائی,Low,Informal,Polite refusal,Neutral,اگر کہو تو میں تمہیں گھر چھوڑ دیتا ہوں۔,آپ کے بڑے بھائی کا دوست آپ کو موٹر سائیکل پر گھر چھوڑنے کی پیشکش کرتا ہے، لیکن آپ نے پہلے ہی اپنے دوست کے ساتھ واپس جانے کا پروگرام بنا لیا ہے۔,0.9062,0.0,0.25,0.125,0.25,0.125,A,بھائی، میں اپنے دوست کے ساتھ چلا جاؤں گا، آپ فکر نہ کریں۔
7,Urdu,Refusing Offers,بزرگ,نوجوان,High,Formal,Respectful hesitation,Positive,یہ کتاب اپنے پاس رکھ لو، تمہارے کام آئے گی۔,آپ ایک بزرگ رشتہ دار سے ملاقات کر رہے ہیں۔ گفتگو کے دوران وہ آپ کو اپنی کتاب رکھنے کی پیشکش کرتے ہیں۔,0.9688,0.0,0.1875,0.5,0.25,0.25,A,آپ کی بہت مہربانی، مگر فی الحال میرے پاس اس موضوع کی کتاب موجود ہے، پھر بھی آپ کا بہت شکریہ۔
8,Urdu,Refusing Offers,میزبان,مہمان,Medium,Formal,Face-saving refusal,Negative,اور میٹھا لے لیجیے۔,آپ ایک دعوت میں مہمان ہیں۔ کھانے کے بعد میزبان آپ کو مزید میٹھا پیش کرتا ہے۔,1.0,0.0,0.25,0.25,0.25,0.25,A,آپ کی بہت مہربانی، میٹھا بہت اچھا تھا، مگر اب مزید نہیں کھا سکوں گا، شکریہ۔
9,Urdu,Refusing Offers,استاد,طالب علم,Medium,Formal,Careful refusal,Neutral,اگر کسی حصے میں مشکل ہو تو میں مزید وضاحت کر سکتا ہوں۔,آپ کےاستاد سبق ختم ہونے کے بعد اضافی رہنمائی کی پیشکش کر رہے ہیں۔,0.9062,0.0,0.25,0.25,0.25,0.25,A,بہت شکریہ سر، فی الحال میں خود کوشش کر لیتا ہوں، ضرورت ہوئی تو ضرور رہنمائی لوں گا۔
10,Urdu,Refusing Offers,خالہ,بھانجا,High,Formal,Respectful refusal,Negative,رات یہیں رک جاؤ، صبح چلے جانا۔,آپ اپنی خالہ سے ملاقات کے بعد واپسی کی تیاری کر رہے ہیں۔ روانگی کے وقت وہ آپ کو رات رکنے کی پیشکش کرتی ہیں۔,1.0,0.0,0.25,0.25,0.5,0.125,A,خالہ جان، آپ کی بہت مہربانی، لیکن گھر پر میرا انتظار ہو رہا ہے، ان شاء اللہ پھر کسی دن زیادہ وقت گزاروں گا۔
11,Urdu,Refusing Offers,پڑوسی,پڑوسی,Medium,Formal,Indirect refusal,Neutral,اگر آپ چاہیں تو میں بازار سے آپ کے لیے کچھ لے آؤں۔,آپ کے پڑوسی نے آپ کی سہولت کے لیے بازار سے کچھ لانے کی پیشکش کی ہے۔,0.9062,0.0,0.1875,0.375,0.25,0.125,A,آپ کی بہت مہربانی، لیکن میں خود انتظام کر لوں گا۔
12,Urdu,Refusing Offers,دوست,دوست,Low,Informal,Light refusal,Neutral,چل یار، ایک اور گیم کھیل لیتے ہیں۔,آپ اپنے دوست کے ساتھ وقت گزار رہے ہیں۔ کچھ دیر کھیلنے کے بعد وہ ایک اور گیم کھیلنے کی تجویز دیتا ہے۔,0.9375,0.0,0.25,0.25,0.25,0.125,A,یار دل تو ہے، لیکن اب کافی دیر ہو گئی ہے، پھر کبھی آرام سے کھیلیں گے۔
13,Urdu,Refusing Offers,دوست,دوست,Low,Informal,Friendly refusal,Neutral,چل یار، میرے ساتھ جم چل۔,آپ اپنے دوست سے ملاقات کر رہے ہیں۔ بات چیت کے دوران وہ آپ کو اپنے ساتھ جم جانے کی پیشکش کرتا ہے۔,0.25,0.25,0.9062,0.0,0.1875,0.25,B,یار، آج تو نہیں ہو پائے گا، لیکن کسی دن ضرور چلیں گے۔
14,Urdu,Refusing Offers,ماموں,بھانجی,High,Formal,Deference,Negative,یہ رقم بھی رکھ لو، کبھی ضرورت پڑ سکتی ہے۔,آپ اپنے ماموں سے ملاقات کے بعد واپس جا رہی ہیں۔ روانگی کے وقت وہ آپ کو کچھ رقم دینے کی پیشکش کرتے ہیں۔,0.9062,0.0,0.25,0.25,0.5,0.125,A,ماموں جان، آپ کی شفقت میرے لیے کافی ہے۔
15,Urdu,Refusing Offers,میزبان,مہمان,Medium,Formal,Polite closure,Neutral,اور کچھ چاہیے ہو تو بتائیے گا۔,آپ ایک دعوت میں مہمان ہیں۔ ملاقات کے اختتام پر میزبان آپ کی مزید خدمت کی پیشکش کرتا ہے۔,1.0,0.0,0.25,0.125,0.4375,0.125,A,بہت شکریہ، آپ نے پہلے ہی بہت عزت اور توجہ دی ہے، مزید کسی چیز کی ضرورت نہیں اب اجازت دیجیے۔
16,Urdu,Refusing Offers,بزرگ خاتون,نوجوان,High,Formal,Respectful restraint,Positive,بیٹا، تھوڑا سا اور کھا لو، بہت کم کھایا ہے۔,آپ ایک خاندانی دعوت میں موجود ہیں۔ کھانے کے دوران بزرگ خاتون آپ کو مزید کھانا لینے پر زور دیتی ہیں۔,1.0,0.0,0.1875,0.375,0.25,0.25,A,آپ کی محبت کا بہت شکریہ، میں نے بھرپور کھانا کھایا ہے، اب واقعی مزید گنجائش نہیں رہی۔
17,Urdu,Refusing Offers,میزبان,مہمان,Medium,Formal,Soft refusal,Positive,چائے دوبارہ ڈال دوں؟,آپ ایک ملاقات میں مہمان ہیں۔ گفتگو کے دوران میزبان آپ کو مزید چائے پیش کرنے کی پیشکش کرتا ہے۔,0.9375,0.0,0.25,0.25,0.25,0.25,A,بہت شکریہ، چائے بہت اچھی تھی، لیکن فی الحال یہی کافی ہے۔
18,Urdu,Refusing Offers,چچا,بھتیجا,High,Formal,Deferential refusal,Negative,رات یہیں رک جاؤ، صبح آرام سے چلے جانا۔,آپ اپنے چچا کے گھر آئے ہوئے ہیں۔ واپسی کے وقت وہ آپ کو رات وہیں قیام کرنے کی پیشکش کرتے ہیں۔,1.0,0.0,0.25,0.375,0.5,0.125,A,چچا جان، آپ کی بہت مہربانی بہت مزہ آیا، لیکن گھر پر میرا انتظار ہو رہا ہے، ان شاء اللہ پھر کسی دن زیادہ وقت گزاروں گا۔
19,Urdu,Invitation to a Meal,افسر,ملازم,Medium,Formal,Professional refusal,Negative,آج دوپہر کے کھانے کی دعوت میری طرف سے ہے۔,دفتر میں ایک اہم منصوبہ مکمل ہونے پر آپ کے افسر پوری ٹیم کو دوپہر کے کھانے کی دعوت دیتے ہیں، لیکن آپ کی اسی وقت ایک پہلے سے طے شدہ ملاقات ہے۔,1.0,0.0,0.25,0.125,0.25,0.125,A,دعوت کا بہت شکریہ، مگر آج میری ایک اہم ملاقات ہے جسے میں چھوڑ نہیں سکتا۔
20,Urdu,Invitation to a Meal,ماموں,بھانجا,Low,Informal,Tentative acceptance,Positive,آج دوپہر کا کھانا ہماری طرف کر لو۔,آپ کے ماموں آپ کو اپنے گھر دوپہر کے کھانے کی دعوت دیتے ہیں۔,1.0,0.0,0.1875,0.375,0.1875,0.375,A,جی ماموں، میں ضرور آؤں گا، اگر کوئی اور ضروری کام نہ نکل آیا۔
21,Urdu,Invitation to a Meal,دوست,دوست,Medium,Informal,Courtesy + hesitation,Neutral,آج رات ہمارے ساتھ کھانا کھاؤ گے؟,آپ اپنے دوست سے ملاقات کے دوران گفتگو کر رہے ہیں۔ بات چیت کے اختتام پر وہ آپ کو رات کے کھانے کی دعوت دیتا ہے۔,1.0,0.0,0.5,0.25,0.25,0.25,A,بہت شکریہ یار، یہ تمہاری محبت ہے، کوشش کروں گا کہ ضرور آ سکوں۔
22,Urdu,Invitation to a Meal,پڑوسی,پڑوسی,Medium,Formal,Polite acceptance,Neutral,کل شام ہمارے گھر کھانے پر تشریف لائیے گا۔,آپ اپنے پڑوسی سے گفتگو کر رہے ہیں۔ وہ آپ کو اپنے گھر کھانے کی دعوت دیتے ہیں۔,1.0,0.0,0.25,0.25,0.5,0.125,A,بہت شکریہ، آپ کی دعوت میرے لیے باعثِ خوشی ہے، ان شاء اللہ ضرور آنے کی کوشش کروں گا۔
23,Urdu,Invitation to a Meal,چچا,بھتیجا,High,Formal,Deferential acceptance,Positive,اتوار کو ہمارے گھر کھانے پر ضرور آنا۔,آپ اپنے چچا سے ملاقات کے دوران گفتگو کر رہے ہیں۔ وہ آپ کو اتوار کے دن اپنے گھر کھانے کی دعوت دیتے ہیں۔,0.9688,0.0,0.5,0.125,0.5,0.125,A,جی چچا جان، آپ نے یاد کیا یہ میرے لیے خوشی کی بات ہے، ان شاء اللہ ضرور آنے کی کوشش کروں گا۔
24,Urdu,Invitation to a Meal,دوست,دوست,Low,Informal,Friendly courtesy,Neutral,یار، آج لنچ ہمارے ساتھ ہی کر لو۔,آپ اپنے دوست سے ملاقات کر رہے ہیں۔ گفتگو کے دوران وہ آپ کو اپنے ساتھ لنچ کرنے کی دعوت دیتا ہے۔,1.0,0.0,0.4375,0.125,0.3125,0.125,A,بہت شکریہ یار، اچھا لگے گا، دیکھتا ہوں وقت کیسے بنتا ہے۔
25,Urdu,Invitation to a Meal,ساس,داماد,High,Formal,Respectful acceptance,Negative,آج رات آپ ہمارے ساتھ کھانا ضرور کھائیے گا۔,آپ اپنی ساس سے ملاقات کے دوران گفتگو کر رہے ہیں۔ وہ آپ کو رات کے کھانے کی دعوت دیتی ہیں۔,0.9688,0.0,0.25,0.25,0.5,0.125,A,بہت شکریہ، آپ کی محبت ہے، ان شاء اللہ ضرور آنے کی کوشش کروں گا۔
26,Urdu,Invitation to a Meal,کزن,کزن,Low,Formal,Polite acceptance,Negative,کل رات ہمارے ساتھ ڈنر کر لو۔,آپ اپنے کزن سے گفتگو کر رہے ہیں۔ بات چیت کے دوران وہ آپ کو اپنے ساتھ رات کا کھانا کھانے کی دعوت دیتا ہے۔,0.9062,0.0,0.4375,0.125,0.25,0.25,A,بہت شکریہ، اچھا لگے گا، ان شاء اللہ آنے کی کوشش کروں گا۔
27,Urdu,Invitation to a Meal,پڑوسی,پڑوسی,Medium,Formal,Courtesy,Neutral,آج شام ہمارے گھر ضرور آئیے، چائے اور کھانے کا انتظام ہے۔,آپ اپنے پڑوسی سے گفتگو کر رہے ہیں۔ بات چیت کے دوران وہ آپ کو اپنے گھر آنے اور ساتھ کھانا کھانے کی دعوت دیتے ہیں۔,0.9375,0.0,0.3125,0.25,0.3125,0.25,A,بہت شکریہ، آپ کی محبت ہے، ان شاء اللہ آنے کی کوشش کروں گا۔
28,Urdu,Invitation to a Meal,دوست,دوست,Low,Informal,Friendly,Positive,یار، گھر آؤ، کھانا ساتھ کھائیں گے۔,آپ اپنے دوست سے گفتگو کر رہے ہیں۔ بات چیت کے دوران وہ آپ کو اپنے گھر کھانے کی دعوت دیتا ہے۔,0.9062,0.0,0.25,0.25,0.25,0.25,A,یار، اچھا لگے گا، ان شاء اللہ ملتے ہیں۔
29,Urdu,Invitation to a Meal,استاد,طالب علم,Medium,Formal,Respectful Acceptance,Negative,اگر وقت ہو تو آج ہمارے ساتھ دوپہر کا کھانا کھا لینا۔,آپ اپنے استاد سے تعلیمی سرگرمی کے بعد گفتگو کر رہے ہیں۔ بات چیت کے دوران وہ آپ کو دوپہر کے کھانے کی دعوت دیتے ہیں۔,0.9375,0.0,0.4375,0.125,0.5,0.125,A,سر، آپ نے یاد کیا یہی میرے لیے کافی ہے، لیکن آج پہلے سے ایک مصروفیت ہے۔
30,Urdu,Invitation to a Meal,ماموں,بھانجی,High,Formal,Deference,Positive,ہفتے کو ہمارے گھر ضرور آنا، سب تمہارا انتظار کریں گے۔,آپ اپنے ماموں سے گفتگو کر رہی ہیں۔ بات چیت کے دوران وہ آپ کو ہفتے کے دن اپنے گھر آنے کی دعوت دیتے ہیں۔,0.875,0.0,0.4375,0.25,0.4375,0.125,A,جی ماموں جان، آپ نے یاد کیا، ان شاء اللہ ضرور آؤں گی۔
31,Urdu,Invitation to a Meal,دوست,دوست,Low,Informal,Friendly Refusal,Negative,ڈنر پر چلیں؟,آپ اپنے دوست سے گفتگو کر رہے ہیں۔ بات چیت کے دوران وہ آپ کو ساتھ ڈنر کرنے کی دعوت دیتا ہے۔,0.9688,0.0,0.5,0.0,0.25,0.25,A,معذرت کے ساتھ میں آج تھوڑا مصروف ہوں، کسی اور دن کا پلان بناتے ہیں۔
32,Urdu,Invitation to a Meal,پڑوسی,پڑوسی,Medium,Formal,Polite acknowledgment,Neutral,آج شام ہمارے گھر آ جائیے، سب مل کر کھانا کھائیں گے۔,آپ اپنے پڑوسی سے گفتگو کر رہے ہیں۔ بات چیت کے دوران وہ آپ کو اپنے گھر کھانے کی دعوت دیتے ہیں۔,0.9688,0.0,0.5,0.125,0.25,0.125,A,ماشاء اللہ، اچھا لگے گا، ان شاء اللہ شریک ہونے کی کوشش کروں گا۔
33,Urdu,Invitation to a Meal,خالہ,بھانجی,High,Formal,Respectful,Positive,کل کھانے پر آنا۔,آپ اپنی خالہ سے گفتگو کر رہی ہیں۔ بات چیت کے دوران وہ آپ کو اگلے دن کھانے کی دعوت دیتی ہیں۔,0.9062,0.0,0.4375,0.125,0.4375,0.0,A,خالہ جان، آپ نے یاد کیا، یہ میرے لیے خوشی کی بات ہے، ان شاء اللہ ضرور آؤں گی۔
34,Urdu,Invitation to a Meal,دوست,دوست,Low,Formal,Friendly acceptance,Negative,آج باہر کھانا کھاتے ہیں۔,آپ اپنے دوست سے گفتگو کر رہے ہیں۔ بات چیت کے دوران وہ آپ کو باہر کھانا کھانے کی تجویز دیتا ہے۔,0.9688,0.0,0.25,0.25,0.25,0.25,A,یہ اچھی تجویز ہے، ساتھ کچھ وقت بھی گزار لیں گے۔
35,Urdu,Invitation to a Meal,محلے کی آنٹی,پڑوس کی لڑکی,High,Formal,Apologetic refusal,Negative,بیٹا، آج شام کھانے پر ضرور آنا۔,محلے کی آنٹی شام کو اپنے گھر کھانے کی دعوت دیتی ہیں۔ آپ کی پہلے سے ایک خاندانی مصروفیت ہے۔,1.0,0.0,0.25,0.25,0.25,0.375,A,آنٹی، معذرت چاہتی ہوں، میں مصروفیت کی وجہ سے نہیں آ سکوں گی۔
36,Urdu,Invitation to a Meal,بزرگ,نوجوان,High,Formal,Deferential,Positive,بیٹا، آج ہمارے ساتھ کھانا کھا لو۔,آپ ایک سماجی موقع پر بزرگ سے گفتگو کر رہے ہیں۔ بات چیت کے دوران وہ آپ کو اپنے ساتھ کھانے کی دعوت دیتے ہیں۔,1.0,0.0,0.4375,0.125,0.4375,0.125,A,آپ کی محبت کا شکریہ آپ نے فرمایا ہے تو ضرور شامل ہوں گا۔
37,Urdu,Declining Gifts,بزرگ,نوجوان,High,Formal,Indirect refusal,Neutral,یہ رقم رکھ لو۔,آپ ایک بزرگ سے ملاقات کر رہے ہیں۔ گفتگو کے اختتام پر وہ آپ کو کچھ رقم دینے کی پیشکش کرتے ہیں۔,1.0,0.0,0.25,0.25,0.25,0.25,A,آپ کی دعائیں اور شفقت ہی میرے لیے کافی ہیں، فی الحال اس کی ضرورت نہیں۔
38,Urdu,Declining Gifts,ساس,بہو,High,Formal,Respectful refusal,Positive,یہ چوڑیاں تمہارے لیے رکھی تھیں، لے لو۔,آپ اپنی ساس سے ملاقات کر رہی ہیں۔ گفتگو کے دوران وہ آپ کو چوڑیاں تحفے میں دینے کی پیشکش کرتی ہیں۔,0.9688,0.0,0.25,0.375,0.25,0.25,A,امی جان، آپ کی محبت ہی میرے لیے کافی ہے  شکریہ۔
39,Urdu,Declining Gifts,دوست,دوست,Low,Formal,Polite refusal,Neutral,یار، یہ چھوٹا سا تحفہ تمہارے لیے ہے۔,آپ اپنے دوست سے ملاقات کر رہے ہیں۔ گفتگو کے دوران وہ آپ کو ایک  تحفے دینا چاہتا ہے۔,0.9375,0.0,0.25,0.25,0.25,0.25,A,تم نے یاد رکھا، یہی کافی ہے، اتنا تکلف کیوں کیا؟
40,Urdu,Declining Gifts,ماموں,بھانجا,High,Formal,Deferential refusal,Neutral,یہ انگوٹھی خاندان کی نشانی ہے، تم رکھ لو۔,خاندانی گفتگو کے دوران آپ کے ماموں آپ کو ایک یادگاری انگوٹھی دینا چاہتے ہیں۔,1.0,0.0,0.25,0.375,0.25,0.375,A,ماموں جان، یہ آپ کے پاس ہی زیادہ مناسب لگتی ہے، آپ نے میرے بارے میں سوچا یہی میرے لیے اعزاز ہے۔
41,Urdu,Declining Gifts,پڑوسی,پڑوسی,Medium,Formal,Face-saving refusal,Negative,یہ چھوٹا سا تحفہ ہماری طرف سے قبول کیجیے۔,آپ کے پڑوسی ملاقات کے اختتام پر آپ کو ایک تحفہ دینا چاہتے ہیں۔,0.9688,0.0,0.25,0.375,0.25,0.25,A,آپ کی محبت سر آنکھوں پر، مگر آپ کی نیک نیتی ہی میرے لیے کافی ہے۔
42,Urdu,Declining Gifts,استاد,طالب علم,Medium,Formal,Respectful decline,Positive,یہ کتاب تمہارے لیے بطور انعام لایا ہوں۔,آپ کے استاد آپ کی تعلیمی کارکردگی سے خوش ہو کر آپ کو ایک کتاب دینا چاہتے ہیں۔,0.9375,0.0,0.25,0.375,0.25,0.375,A,سر، آپ نے مجھے اس قابل سمجھا، یہی میرے لیے بڑی بات ہے۔
43,Urdu,Declining Gifts,کزن,کزن,Low,Informal,Soft refusal,Neutral,یار، یہ  تحفہ تمہارے لیے لایا ہوں، رکھ لو۔,آپ اپنے کزن سے ملاقات کر رہے ہیں۔ گفتگو کے دوران وہ آپ کو ایک تحفہ دینا چاہتا ہے۔,0.9688,0.0,0.25,0.25,0.25,0.25,A,تم نے یاد رکھا، یہی میرے لیے بڑی بات ہے، اتنا تکلف نہ کرتے۔
44,Urdu,Declining Gifts,بڑی بہن,چھوٹی بہن,Medium,Formal,Gentle refusal,Positive,یہ اسکارف تمہارے لیے لیا تھا، رکھ لو۔,آپ کی بڑی بہن آپ کو ایک اسکارف تحفے میں دینا چاہتی ہیں۔,0.9375,0.0,0.25,0.25,0.2188,0.25,A,آپی، آپ کی محبت اپنی جگہ، لیکن اس کی واقعی ضرورت نہیں تھی۔
45,Urdu,Declining Gifts,دوست,دوست,Low,Informal,Polite refusal,Negative,یار، سفر سے تمہارے لیے ایک چیز لایا ہوں۔,آپ اپنے دوست سے ملاقات کر رہے ہیں۔ سفر سے واپسی پر وہ آپ کو ایک تحفہ دینا چاہتا ہے۔,1.0,0.0,0.25,0.25,0.25,0.375,A,ارے یار، بہت شکریہ، اتنی زحمت کرنے کی ضرورتہیں تھی ۔
46,Urdu,Declining Gifts,سسر,داماد,High,Formal,Respectful refusal,Negative,یہ کچھ رقم رکھ لیجیے، بعد میں کام آئے گی,آپ کے سسرملاقات کے اختتام پر آپ کو کچھ رقم دینا چاہتے ہیں۔,0.9688,0.0,0.25,0.25,0.25,0.25,A,ابا جان، فی الحال ضرورت نہیں، آپ کا خیال ہی میرے لیے کافی ہے۔
47,Urdu,Declining Gifts,پڑوسی,پڑوسی,Medium,Formal,Indirect refusal,Negative,یہ چھوٹا سا تحفہ ہماری طرف سے قبول کیجیے۔,آپ کے پڑوسی ملاقات کے اختتام پر آپ کو ایک تحفہ دینا چاہتے ہیں۔,0.875,0.0,0.25,0.25,0.25,0.25,A,آپ کی نیک نیتی ہی میرے لیے کافی ہے، اتنا تکلف نہ کرتے۔
48,Urdu,Declining Gifts,بزرگ,نوجوان,High,Formal,Deference,Negative,یہ کچھ رقم رکھ لو، سفر میں کام آئے گی۔,آپ کے سفر پررخصت ہوتے وقت ایک بزرگ آپ کو کچھ رقم دینا چاہتے ہیں۔,0.9375,0.0,0.25,0.25,0.25,0.25,A,آپ کی دعا ہی میرے لیے  کافی ہے بہت شکریہ اسکی ضرورت نہیں۔
49,Urdu,Declining Gifts,نند,بھابھی,Medium,Formal,Soft decline,Neutral,بھابھی، یہ شال آپ کے لیے لائی ہوں۔,آپ کی نند آپ کو خاندانی ملاقات کے دوران ایک شال تحفے میں دینا چاہتی ہیں۔,0.9688,0.0,0.25,0.25,0.2188,0.25,A,تم نے میرے لیے سوچا، یہی میرے لیے خوشی کی بات ہے، اتنا تکلف نہ کرتی۔
50,Urdu,Declining Gifts,استاد,شاگرد,High,Formal,Respect,Positive,یہ خصوصی انعام تمہارے لیے ہے۔,آپ کے استاد آپ کی کارکردگی سے خوش ہو کر آپ کو انعام دینا چاہتے ہیں۔,0.875,0.0,0.25,0.25,0.25,0.25,A,سر، آپ کی حوصلہ افزائی ہی میرے لیے بڑی بات ہے۔
51,Urdu,Declining Gifts,بزرگ خاتون,نوجوان,High,Formal,Respectful restraint,Positive,یہ سویٹر تمہارے لیے بنایا تھا، رکھ لو۔,آپ کو ایک بزرگ خاتون اپنے ہاتھ سے بنا ہوا سویٹردینا چاہتی ہیں۔,1.0,0.0,0.4375,0.125,0.375,0.125,A,دادی جان، آپ نے اپنے ہاتھ سے بنایا، یہی میرے لیے سب سے بڑا تحفہ ہے، اتنی زحمت نہ کرتیں۔
52,Urdu,Declining Gifts,سسر,داماد,High,Formal,Deferential refusal,Neutral,بیٹا، میں یہ گھڑی تمہیں دینا چاہتا ہوں۔,عید کی ملاقات پر آپ کے سسر آپ کو ایک قیمتی گھڑی بطور تحفہ دینا چاہتے ہیں۔,1.0,0.0,0.3125,0.25,0.3125,0.25,A,ابّا جان، آپ کی دعائیں ہی میرے لیے کافی ہیں، مجھے اس کے علاوہ کچھ نہیں چاہیے۔
53,Urdu,Declining Gifts,سینئر ساتھی,جونیئر ساتھی,Medium,Formal,Deferential refusal,Neutral,اس کامیابی کے موقع پر میری طرف سے تمہارے لیے ایک تحفہ بنتا ہے۔,کامیاب منصوبہ مکمل ہونے پر آپ کے سینئر ساتھی خوشی کے اظہار کے طور پر آپ کو ایک قیمتی تحفہ دینا چاہتے ہیں۔,0.9688,0.0,0.4375,0.125,0.25,0.25,A,سر، اس سب کی ضرورت نہیں، بس آپ کی رہنمائی ہی میرے لیے کافی ہے۔
54,Urdu,Declining Gifts,بڑی بہن,چھوٹی بہن,Low,Informal,Soft decline,Positive,میں یہ تمہارے لیے خرید رہی ہوں۔,آپ کی بڑی بہن خریداری کے دوران آپ کے لیے ایک مہنگا لباس خریدنے پر اصرار کرتی ہیں۔,1.0,0.0,0.1875,0.25,0.1875,0.25,A,باجی، شکریہ، لیکن اس سب کی ضرورت نہیں ہے۔
55,Urdu,Receiving Gifts,خالہ,بھانجی,Medium,Formal,Modesty,Neutral,یہ تمہارے لیے ایک چھوٹا سا تحفہ ہے۔,آپ اپنی خالہ سے ملاقات کر رہی ہیں۔ گفتگو کے دوران وہ آپ کو ایک تحفہ دیتی ہیں۔,0.9375,0.0,0.25,0.25,0.25,0.25,A,خالہ جان، آپ نے بہت محبت سے دیا ہے، آپ کا خلوص ہی میرے لیے کافی ہے بہت شکریہ۔
56,Urdu,Receiving Gifts,قریبی دوست,قریبی دوست,Low,Informal,Appreciation with modesty,Negative,یار، یہ تحفہ تمہارے لیے خاص طور پر لیا تھا۔,آپ کا قریبی دوست ملاقات کے دوران آپ کو ایک تحفہ دیتا ہے۔,0.9375,0.0,0.1875,0.25,0.1875,0.25,A,ارے یار، اس کی کیا ضرورت تھی؟ پھر بھی تم نے یاد رکھا، اچھا لگا۔
57,Urdu,Receiving Gifts,دادی,پوتی,High,Formal,Modest gratitude,Positive,بیٹا، میں یہ جوڑا تمہارے لیے لائی ہوں۔,عید کی ملاقات پر آپ کی دادی محبت سے آپ کو ایک خوبصورت جوڑا بطور تحفہ دیتی ہیں۔,1.0,0.0,0.1875,0.25,0.1875,0.25,A,دادی جان، یہ بہت خوبصورت ہے، مگر میرے لیے آپ کی دعائیں ہی سب سے قیمتی ہیں۔
58,Urdu,Receiving Gifts,سینئر ساتھی,جونیئر ساتھی,Medium,Formal,Humble gratitude,Positive,یہ لو، یہ تمہاری اچھی کارکردگی پر میری طرف سے ایک تحفہ ہے۔,کامیاب منصوبہ مکمل ہونے پر آپ کے سینئر ساتھی اپنی خوشی کے اظہار کے طور پر آپ کو ایک یادگاری تحفہ دیتے ہیں۔,1.0,0.0,0.1875,0.25,0.1875,0.25,A,سر، بہت شکریہ، مگر آپ کو اس کی تکلیف نہیں کرنی چاہیے تھی۔ یہ کامیابی تو ہم دونوں کی مشترکہ محنت کا نتیجہ ہے۔
59,Urdu,Receiving Gifts,قریبی دوست,قریبی دوست,Low,Informal,Humble gratitude,Positive,یہ میری طرف سے تمہارے لیے سالگرہ کا تحفہ ہے۔,آپ کی سالگرہ پر آپ کا قریبی دوست آپ کے لیے ایک تحفہ لے کر آیا ہے۔,0.875,0.0,0.25,0.25,0.25,0.25,A,ارے یار، تم آ گئے، میرے لیے یہی یہی کافی تھا۔
60,Urdu,Receiving Gifts,ساس,بہو,High,Formal,Respectful gratitude,Positive,یہ کپڑے تمہارے لیے لائی ہوں۔,آپ کی ساس گھر میں ملاقات کے دوران آپ کو کپڑوں کا ایک جوڑا تحفے میں دیتی ہیں۔,0.5625,0.25,0.1875,0.25,0.25,0.25,A,امی جان، آپ نے میرے لیے اتنا خیال رکھا، یہ میرے لیے بہت خوشی کی بات ہے۔
61,Urdu,Receiving Gifts,ماموں,بھانجا,High,Formal,Deference,Positive,یہ تمہارے لیے تحفہ ہے۔,آپ کے ماموں ملاقات کے دوران آپ کو ایک تحفہ دیتے ہیں۔,0.9375,0.0,0.25,0.25,0.25,0.25,A,ماموں جان، آپ نے اتنا خیال رکھا، یہ میرے لیے بہت معنی رکھتا ہے۔
62,Urdu,Receiving Gifts,پڑوسی,پڑوسی,Medium,Formal,Grateful acceptance,Negative,یہ چھوٹا سا تحفہ ہماری طرف سے قبول کیجیے۔,آپ کے پڑوسی ایک خوشی کے موقع پر آپ کے گھر آئے ہیں۔ رخصت ہونے سے پہلے وہ آپ کو ایک تحفہ دیتے ہیں۔,0.8125,0.0,0.25,0.25,0.25,0.25,A,آپ کا آنا ہی کافی تھا، لیکن پھر بھی بہت شکریہ۔
63,Urdu,Receiving Gifts,استاد,طالب علم,Medium,Formal,Respectful acceptance,Neutral,یہ کتاب رکھ لو۔,آپ کے استاد آپ کی تعلیمی کارکردگی سے خوش ہو کر آپ کو ایک کتاب تحفے میں دیتے ہیں۔,0.9375,0.0,0.25,0.25,0.25,0.25,A,سر، یہ میرے لیے اعزاز ہے، بہت شکریہ۔
64,Urdu,Receiving Gifts,کزن,کزن,Low,Formal,Modesty,Negative,یہ تحفہ خاص تمہارے لیے لائی ہوں، رکھ لو۔,آپ اپنے کزن سے ملاقات کر رہی ہیں۔ گفتگو کے دوران وہ آپ کو ایک تحفہ پیش کرتی ہے۔,1.0,0.0,0.25,0.25,0.25,0.25,A,بہت شکریہ! تم نے اتنی محبت سے دیا ہے تو رکھ لیتی ہوں، ورنہ اس تکلف کی بالکل ضرورت نہیں تھی۔
65,Urdu,Receiving Gifts,چچا,بھتیجا,High,Formal,Deference,Neutral,بیٹا، یہ میری طرف سے ایک چھوٹا سا تحفہ ہے، رکھ لو۔,آپ اپنے چچا سے ملاقات کر رہے ہیں۔ گفتگو کے اختتام پر وہ آپ کو محبت میں کوئی چیز یا تحفہ پیش کرتے ہیں۔,0.9375,0.0,0.25,0.25,0.25,0.25,A,چچا جان، آپ نے میرے لیے اتنا سوچا، یہ میرے لیے بہت معنی رکھتا ہے۔
66,Urdu,Receiving Gifts,دوست,دوست,Low,Informal,Warm appreciation,Positive,یہ تمہارے لیے خاص تحفہ ہے۔,آپ کا دوست ملاقات کے دوران آپ کو ایک تحفہ دیتا ہے۔,0.9688,0.0,0.25,0.25,0.25,0.25,A,یار، تم نے یاد رکھا، یہ میرے لیے واقعی خاص بات ہے۔
67,Urdu,Receiving Gifts,خالہ,بھانجا,High,Formal,Modest gratitude,Positive,یہ تمہارے لیے لائی ہوں۔,آپ کی خالہ ملاقات کے دوران آپ کو ایک تحفہ دیتی ہیں۔,0.9688,0.0,0.25,0.25,0.25,0.25,A,خالہ جان، آپ نے اتنا خیال رکھا، یہ میرے لیے بہت خوشی کی بات ہے۔ اس شفقت کے لیے بہت شکریہ۔
68,Urdu,Receiving Gifts,سسر,داماد,High,Formal,Respectful gratitude,Negative,یہ تحفہ قبول کریں۔,آپ کے سسر ملاقات کے دوران آپ کو ایک تحفہ پیش کرتے ہیں۔,1.0,0.0,0.25,0.25,0.25,0.25,A,ابا جان، اس کی کیا ضرورت تھی، لیکن آپ نے اتنا خیال رکھا، میں شکر گزار ہوں۔
69,Urdu,Receiving Gifts,پڑوسی,پڑوسی,Medium,Formal,Appreciation,Neutral,یہ ہماری طرف سے تحفہ ہے۔,آپ کے پڑوسی ملاقات کے دوران آپ کو ایک چھوٹا سا تحفہ پیش کرتے ہیں۔,0.9062,0.0,0.25,0.25,0.25,0.25,A,آپ نے اتنا خیال رکھا، یہ میرے لیے بہت خوشی کی بات ہے۔
70,Urdu,Receiving Gifts,استاد,شاگرد,High,Formal,Humility,Neutral,یہ تمہاری محنت کا انعام ہے۔,ایک تعلیمی تقریب میں آپ کے استاد آپ کو اچھی کارکردگی پر انعام دیتے ہیں۔,0.9688,0.0,0.4375,0.25,0.4375,0.25,A,سر، آپ نے مجھے اس قابل سمجھا، یہی میرے لیے سب سے بڑا اعزاز ہے۔
71,Urdu,Receiving Gifts,قریبی دوست,قریبی دوست,Low,Informal,Modest thanks,Negative,یار، یہ ایک چھوٹی سی چیز تمہارے لیے لایا ہوں، رکھ لو۔,دوست کسی سفر سے واپسی پر پ کو کوئی تحفہ دیتا ہے۔,0.9688,0.0,0.4375,0.125,0.4375,0.125,A,ارے یار! تم خود ملنے آ گئے میرے لیے یہی بہت تھا، اس تکلف کی کیا ضرورت تھی۔
72,Urdu,Receiving Gifts,بزرگ,نوجوان,High,Formal,Deferential acceptance,Positive,بیٹا، یہ تمہارے لیے لایا ہوں، رکھ لو۔,ایک بزرگ سفر سے واپسی پر آپ کے لیے ایک چھوٹا سا تحفہ لاتے ہیں۔,0.9375,0.0,0.25,0.25,0.25,0.25,A,آپ نے میرے لیے اتنا خیال رکھا، یہ میرے لیے بہت معنی رکھتا ہے۔
73,Urdu,Offering Help,قریبی دوست,قریبی دوست,Low,Informal,Friendly offer,Positive,یار، کچھ مدد چاہیے؟,آپ کا قریبی دوست آپ کو کسی کام میں مصروف دیکھ کر مدد کی پیشکش کرتا ہے۔,0.9688,0.0,0.5,0.125,0.5,0.125,A,یار، تم نے پوچھ لیا یہی بہت ہے، ضرورت ہوئی تو ضرور کہوں گا۔
74,Urdu,Offering Help,دوست,دوست,Low,Informal,Casual offer,Neutral,میں ہاتھ بٹا دوں؟,آپ کسی کام میں مصروف ہیں۔ آپ کا دوست آپ کو کام کرتے دیکھ کر مدد کی پیشکش کرتا ہے۔,1.0,0.0,0.5,0.125,0.5,0.25,A,شکریہ یار، تم نے پوچھ لیا یہی کافی ہے، ابھی کام تقریباً ہو گیا ہے۔
75,Urdu,Offering Help,پڑوسی,پڑوسی,Medium,Formal,Polite offer,Positive,اگر آپ چاہیں تو میں مدد کر دوں۔,آپ کسی گھریلو کام میں مصروف ہیں۔ آپ کے پڑوسی آپ کو مصروف دیکھ کر مدد کی پیشکش کرتے ہیں۔,1.0,0.0,0.5,0.0,0.5,0.0,A,آپ کی مہربانی، ابھی تو کام چل رہا ہے، لیکن آپ نے خیال کیا یہی بہت ہے۔
76,Urdu,Offering Help,پڑوسی,پڑوسی,Medium,Formal,Soft offer,Neutral,اگر کسی چیز کی ضرورت ہو تو بے تکلف بتا دیجیے گا۔,آپ کے پڑوسی کو معلوم ہوتا ہے کہ آپ گھر کے کچھ کاموں میں مصروف ہیں، اس لیے وہ مدد کی پیشکش کرتے ہیں۔,1.0,0.0,0.5,0.125,0.5,0.125,A,آپ کی مہربانی، فی الحال تو سب ٹھیک ہے، لیکن ضرورت پڑی تو ضرور بتاؤں گا۔
77,Urdu,Offering Help,بھائی,بہن,Medium,Informal,Supportive offer,Positive,میں تمہارا کام کر دوں؟,آپ کسی کام میں مصروف ہیں۔ آپ کا بھائی آپ کو پریشان دیکھ کر مدد کی پیشکش کرتا ہے۔,0.9688,0.0,0.5,0.125,0.4375,0.25,A,ارے نہیں، تم زحمت نہیں کرو لیکن تم نے پوچھا، یہی بہت ہے۔
78,Urdu,Offering Help,بہن,بھائی,Medium,Informal,Concerned offer,Neutral,اگر چاہو تو میں تمہارے ساتھ چل سکتی ہوں۔,آپ کسی کام سے باہر جا رہے ہیں۔ آپ کی بہن فکر مندی کے تحت ساتھ چلنے کی پیشکش کرتی ہے۔,0.9688,0.0,0.1875,0.25,0.25,0.25,A,نہیں، فکر نہ کرو، میں سنبھال لوں گا، پھر بھی تم نے پوچھا اچھا لگا۔
79,Urdu,Offering Help,استاد,طالب علم,Medium,Formal,Guiding offer,Positive,اگر کوئی مسئلہ ہو تو میں رہنمائی کر سکتا ہوں۔,آپ کے استاد کلاس کے بعد آپ کو مزید تعلیمی رہنمائی کی پیشکش کرتے ہیں۔,0.9375,0.0,0.25,0.25,0.25,0.375,A,سر، یہ میرے لیے بہت حوصلہ افزا بات ہے، آپ کی رہنمائی سے یقیناً فائدہ ہوگا۔
80,Urdu,Offering Help,استاد,طالب علم,Medium,Formal,Professional offer,Neutral,کیا میں اس حصے کی مزید وضاحت کر دوں؟,کلاس کے دوران استاد محسوس کرتے ہیں کہ شاید طالب علم کو ایک تصور سمجھنے میں دشواری ہو رہی ہے، اس لیے وہ مزید وضاحت کی پیشکش کرتے ہیں۔,1.0,0.0,0.5,0.125,0.5,0.0,A,سر، آپ کی مہربانی، میں ایک بار خود بھی دیکھ لیتا ہوں، پھر ضرورت ہوئی تو آپ سے پوچھ لوں گا۔
81,Urdu,Offering Help,قریبی دوست,قریبی دوست,Low,Informal,Eager offer,Positive,یار، فکر نہ کرو، میں یہ کام کر دیتا ہوں۔,آپ کسی کام کی وجہ سے پریشان نظر آ رہے ہیں۔ آپ کا قریبی دوست فوراً مدد کی پیشکش کرتا ہے۔,0.9688,0.0,0.1875,0.25,0.1875,0.25,A,ارے یار، تم نے فکر کی یہی بہت ہے، لیکن اگر تم ساتھ دے دو تو کام جلد ہو جائے گا۔
82,Urdu,Offering Help,قریبی دوست,قریبی دوست,Low,Informal,Reassuring offer,Negative,یار، اتنی فکر نہ کرو، سب ٹھیک ہو جائے گا۔,آپ ایک مسئلے کی وجہ سے پریشان ہیں۔ آپ کا قریبی دوست آپ کو تسلی دینے کی کوشش کرتا ہے۔,0.9375,0.0,0.5,0.125,0.25,0.125,A,امید ہے ایسا ہی ہوگا، تم نے حوصلہ دیا اس کے لیے شکریہ۔
83,Urdu,Offering Help,ماں,بیٹا,High,Informal,Caring offer,Positive,چھوڑو، میں کر دیتی ہوں، تم کافی تھک گئے ہو۔,آپ گھر کے ایک کام میں مصروف ہیں۔ آپ کی والدہ آپ کو تھکا ہوا دیکھ کر مدد کی پیشکش کرتی ہیں۔,0.9375,0.0,0.1875,0.375,0.1875,0.375,A,امی، آپ زحمت نہ کریں، میں کر لوں گا، بس تھوڑا سا کام باقی ہے۔
84,Urdu,Offering Help,والد,بیٹا,High,Formal,Directive offer,Neutral,یہ کام اکیلے مت کرو، میں بھی تمہاری مدد کر دیتا ہوں۔,آپ گھر کے ایک اہم کام میں مصروف ہیں۔ آپ کے والد آپ کو اکیلے کام کرتے دیکھ کر مدد کی پیشکش کرتے ہیں۔,1.0,0.0,0.5,0.125,0.5,0.0,A,ابا جان، آپ کی مہربانی، میں تقریباً مکمل کر چکا ہوں، پھر بھی ضرورت ہوئی تو ضرور بتاؤں گا۔
85,Urdu,Offering Help,سینئر,جونیئر,High,Formal,Authoritative offer,Negative,اگر مشکل ہو رہی ہے تو یہ حصہ میں سنبھال لیتا ہوں۔,آپ دفتر میں ایک کام پر کام کر رہے ہیں اور کچھ دشواری محسوس کر رہے ہیں۔ آپ کے سینئر آپ کی صورتحال دیکھ کر مدد کی پیشکش کرتے ہیں۔,1.0,0.0,0.5,0.125,0.5,0.0,A,سر، آپ کی مہربانی، میں ایک بار خود کوشش کر لیتا ہوں، ضرورت پڑی تو ضرور آپ سے رہنمائی لوں گا۔
86,Urdu,Offering Help,کزن,کزن,Low,Informal,Friendly support,Positive,میں تمہارے ساتھ ہوں، فکر مت کرو۔,آپ ایک ذاتی یا تعلیمی مسئلے کی وجہ سے پریشان ہیں۔ آپ کا کزن آپ کو تسلی دیتے ہوئے اپنی حمایت کا اظہار کرتا ہے۔,0.9062,0.0,0.25,0.125,0.25,0.125,A,یار، تمہارا ساتھ ہونا ہی حوصلہ دیتا ہے۔
87,Urdu,Offering Help,کزن,کزن,Low,Informal,Dismissive offer,Negative,یار، تم رہنے دو، میں سنبھال لیتا ہوں۔,آپ ایک کام کر رہے ہیں لیکن رفتار سست ہے۔ آپ کا کزن سمجھتا ہے کہ وہ یہ کام بہتر طریقے سے کر سکتا ہے، اس لیے مداخلت کرتے ہوئے مدد کی پیشکش کرتا ہے۔,0.9688,0.0,0.5,0.0,0.4375,0.125,A,نہیں یار، مجھے ایک بار اور کوشش کرنے دو، ضرورت ہوئی تو تمہاری مدد لے لوں گا۔
88,Urdu,Offering Help,پھوپھی,بھتیجی,High,Formal,Respectful refusal,Neutral,لاؤ بیٹا، میں تمہاری کچھ مدد کر دیتی ہوں۔,عید کی تیاریوں میں مصروف آپ مختلف کام ایک ساتھ سنبھال رہی ہے۔ اس بوجھ  کو کم کرنے کے لیےآپ کی پھوپھو مدد کرنا چاہتی ہیں۔,1.0,0.0,0.5,0.125,0.5,0.0,A,پھوپھو جان، میں سارا کام سنبھال لوں گی، آپ بس آرام کریں۔
89,Urdu,Offering Help,ٹیم لیڈر,ٹیم ممبر,Medium,Formal,Polite decline,Neutral,گر تم چاہو تو میں تمہاری مدد کر دوں، اس سے تم پر بوجھ بھی نہیں پڑے گا۔,دفتر میں ٹیم لیڈر دیکھتے ہیں کہ آپ ایک اہم رپورٹ مقررہ وقت پر مکمل کرنے کی کوشش کر رہا ہے اور کام کے دباؤ میں ہے۔ آپ کی مدد کرنا چاہتے ہیں۔,1.0,0.0,0.5,0.25,0.5,0.125,A,سر، بہت شکریہ، مگر ابھی صرف تھوڑا سا کام باقی ہے، میں خود مکمل کر لوں گا
90,Urdu,Offering Help,کزن,کزن,Low,Informal,Grateful acknowledgment,Positive,آؤ، ہم دونوں مل کر یہ کام کر لیتے ہیں۔,شادی کی تقریب کی تیاریوں کے دوران آپ ایک ساتھ کئی ذمہ داریاں نبھا رہے ہیں۔ آپ کا کام آسان کرنے کے لیے آپ کا کزن آپ کی مدد کرنا چاہتا ہے۔,1.0,0.0,0.4375,0.125,0.4375,0.125,A,یار، بس کام مکمل ہو گیا، تمہارا بہت شکریہ۔
91,Urdu,Paying for a Meal,قریبی دوست,قریبی دوست,Low,Informal,Friendly insistence,Positive,یار، رہنے دو، آج بل میری طرف سے ہے۔,آپ اور آپ کا قریبی دوست کھانا کھانے کے بعد بل ادا کرنے لگتے ہیں۔ آپ کا دوست اصرار کرتا ہے کہ وہ ادائیگی کرے گا۔,0.9688,0.0,0.25,0.125,0.25,0.125,A,یارتمہاری مہربانی اس دفعہ مجھے دینے دو اگلی بار تم دے دینا۔
92,Urdu,Paying for a Meal,قریبی دوست,قریبی دوست,Low,Informal,Playful insistence,Neutral,یار، آج تم جیب میں ہاتھ نہیں ڈالنا، بل میری طرف سے ہے۔,آپ اور آپ کا قریبی دوست ایک ریسٹورنٹ میں کھانا کھانے کے بعد بل ادا کرنے لگتے ہیں۔ آپ کا دوست مزاحیہ انداز میں ادائیگی کی ذمہ داری اپنے اوپر لینے پر اصرار کرتا ہے۔,0.9688,0.0,0.25,0.25,0.25,0.25,A,یار، ایسا نہیں ہو سکتا ہر بار تم ہی بچ جاتے ہو، آج مجھے بل دینے دو۔
93,Urdu,Paying for a Meal,پڑوسی,پڑوسی,Medium,Formal,Polite insistence,Positive,اجازت دیجیے، آج کا بل میں ادا کر دیتا ہوں۔,آپ اور آپ کے پڑوسی ایک ساتھ کھانا کھانے کے بعد بل ادا کرنے لگتے ہیں۔ آپ کے پڑوسی مؤدبانہ انداز میں ادائیگی کی ذمہ داری لینا چاہتے ہیں۔,1.0,0.0,0.1875,0.25,0.4375,0.125,A,بہت مہربانی، لیکن اس بار مجھے یہ موقع دیجیے۔
94,Urdu,Paying for a Meal,پڑوسی,پڑوسی,Medium,Formal,Soft offer,Neutral,اگر آپ مناسب سمجھیں تو میں بل ادا کر دوں۔,آپ اور آپ کے پڑوسی ایک ساتھ کھانا کھانے کے بعد بل کی ادائیگی کے بارے میں بات کر رہے ہیں۔ آپ کے پڑوسی مؤدبانہ انداز میں بل ادا کرنے کی پیشکش کرتے ہیں۔,1.0,0.0,0.5,0.125,0.5,0.125,A,آپ کی نوازش ہے، لیکن اس بار مجھے یہ خوشی حاصل کرنے دیجیے۔
95,Urdu,Paying for a Meal,بھائی,بہن,Medium,Informal,Supportive insistence,Positive,تم مت نکالو، آج بل میری طرف سے ہے۔,آپ اور آپ کے بھائی ایک ریسٹورنٹ میں کھانا کھانے کے بعد بل ادا کرنے لگتے ہیں۔ آپ کا بھائی محبت سے ادائیگی اپنے ذمے لینا چاہتا ہے۔,0.9375,0.0,0.5,0.0,0.5,0.125,A,بھائی، ہر بار آپ ہی دیتے ہیں، اس بار مجھے دینے دیجیے۔
96,Urdu,Paying for a Meal,بڑی بہن,بھائی,Medium,Informal,Casual refusal,Neutral,میں بل دے دیتی ہوں۔,آپ اپنی بڑی بہن کے ساتھ کھانا کھانے کے بعد بل ادا کرنے لگتے ہیں۔ وہ محبت سے ادائیگی اپنے ذمے لینے کی پیشکش کرتی ہیں۔,1.0,0.0,0.5,0.0,0.5,0.125,A,باجی، آپ کی مہربانی، لیکن اس بار مجھے دینے دیجیے۔
97,Urdu,Paying for a Meal,استاد,طالب علم,Medium,Formal,Respectful offer,Positive,آج آپ میرے مہمان ہیں، بل کی فکر نہ کریں۔,ایک تعلیمی ملاقات کے بعد آپ اپنے استاد کے ساتھ چائے پینے گئے ہیں۔ بل آنے پر استاد ادائیگی اپنے ذمے لینے پر اصرار کرتے ہیں۔,1.0,0.0,0.5,0.125,0.5,0.0,A,سر، آپ کی عنایت ہے، لیکن آپ نے پہلے ہی بہت وقت دیا، مجھے بھی کچھ خدمت کا موقع دیجیے۔
98,Urdu,Paying for a Meal,استاد,طالب علم,Medium,Formal,Professional insistence,Neutral,اس پر مزید بحث نہیں، آج بل میں ادا کروں گا۔,استاد دوستانہ لیکن پُرعزم انداز میں بل ادا کرنے پر اصرار کرتے ہیں۔,1.0,0.0,0.5,0.125,0.5,0.125,A,سر، یہ آپ کی مہربانی ہے، لیکن واقعی اس کی ضرورت نہیں۔
99,Urdu,Paying for a Meal,دوست,دوست,Low,Informal,Assertive insistence,Negative,یار، بس آج بل میں دے رہا ہوں، بات ختم۔,آپ اور آپ کا قریبی دوست کھانا کھانے کے بعد بل کی ادائیگی پر بحث کر رہے ہیں۔ آپ کا دوست پُرزور انداز میں ادائیگی اپنے ذمے لینے پر اصرار کرتا ہے۔,0.9375,0.0,0.25,0.25,0.25,0.25,A,اچھا یار، اس بار تمہاری مرضی، لیکن اگلی بار مجھے موقع دینا۔
100,Urdu,Paying for a Meal,دوست,دوست,Low,Informal,Dismissive insistence,Negative,تمہیں بل دینے کی ضرورت نہیں، میں دے دوں گا۔,آپ بل ادا کرنا چاہتے ہیں، لیکن آپ کا دوست آپ کی پیشکش کو رد کرتے ہوئے خود ادائیگی پر اصرار کرتا ہے۔,1.0,0.0,0.25,0.25,0.25,0.25,A,شکریہ یار، لیکن اگلی بار مجھے موقع ضرور دینا۔
101,Urdu,Paying for a Meal,والد,بیٹا,High,Formal,Parental authority,Positive,بیٹا، آج کا بل میں ادا کروں گا۔,آپ اپنے والد کے ساتھ کھانے پر ہیں۔ بل آنے پر وہ فیصلہ کن انداز میں ادائیگی اپنے ذمے لیتے ہیں۔,0.9375,0.0,0.25,0.25,0.25,0.25,A,جی ابو، جیسا آپ مناسب سمجھیں۔
102,Urdu,Paying for a Meal,والد,بیٹا,High,Formal,Directive offer,Neutral,بل مجھے دے دو، میں ادا کر دیتا ہوں۔,آپ اپنے والد کے ساتھ کھانے پر ہیں۔ بل آنے پر وہ آپ کے اخراجات کا خیال رکھتے ہوئے ادائیگی کرنا چاہتے ہیں۔,1.0,0.0,0.5,0.125,0.4375,0.25,A,ابو، آپ کا خیال اپنی جگہ، لیکن اس بار مجھے موقع دیجیے۔
103,Urdu,Paying for a Meal,سینئر,جونیئر,High,Formal,Authoritative control,Negative,نہیں، یہ بل کمپنی کی طرف سے سمجھیں، میں دیکھ لیتا ہوں۔,ایک پیشہ ورانہ ملاقات کے بعد آپ اپنے سینئر کے ساتھ کھانے پر ہیں۔ بل آنے پر وہ فیصلہ کن انداز میں ادائیگی اپنے ذمے لے لیتے ہیں۔,0.9688,0.0,0.1875,0.25,0.1875,0.25,A,جی سر، بہت شکریہ، میں آپ کی بات کا احترام کرتا ہوں۔
104,Urdu,Paying for a Meal,کزن,کزن,Low,Informal,Friendly sharing,Positive,آج کھانا میری طرف سے، تم بس آرام کرو۔,آپ اپنے کزن کے ساتھ کھانا کھانے کے بعد بل ادا کرنے لگتے ہیں۔ آپ کا کزن دوستانہ انداز میں ادائیگی اپنے ذمے لینے کی پیشکش کرتا ہے۔,0.9375,0.0,0.25,0.25,0.25,0.25,A,بہت شکریہ، لیکن بل بانٹ لیتے ہیں، یہی بہتر رہے گا۔
105,Urdu,Paying for a Meal,کزن,کزن,Low,Informal,Light insistence,Neutral,یار، بل آدھا آدھا کر لیتے ہیں۔,آپ اور آپ کا کزن کھانے کے بعد بل ادا کرنے لگتے ہیں۔ آپ کا کزن خرچ برابر تقسیم کرنے کی تجویز دیتا ہے۔,0.9375,0.0,0.5,0.0,0.5,0.0,A,ارے نہیں، آج مجھے موقع دو، اگلی بار تم حساب برابر کر دینا۔
106,Urdu,Paying for a Meal,ماموں,بھانجا,High,Formal,Respectful reciprocity,Positive,آج کے کھانے کا بل میں ہی ادا کروں گا۔,آپ اپنے ماموں کے ساتھ دوپہر کا کھانا کھا رہے ہیں۔ کھانا ختم ہونے کے بعد آپ کے ماموں چاہتے ہیں کہ بل وہی ادا کریں۔,1.0,0.0,0.5,0.0,0.5,0.0,A,ماموں جان، آپ کی محبت کا بے حد شکریہ، مگر آج کا کھانا میری طرف سے رہنے دیجیے۔
107,Urdu,Paying for a Meal,سینئر ساتھی,جونیئر ساتھی,Medium,Formal,Reciprocal insistence,Positive,کامیابی کی خوشی میں آج کا کھانا میری طرف سے ہے۔,کامیاب منصوبہ مکمل ہونے پر آپ اپنے سینئر ساتھی کے ساتھ کھانا کھانے آئے ہیں۔ کھانے کے بعد آپ کے سینئر چاہتے ہیں کہ اس بار بل وہی ادا کریں۔,1.0,0.0,0.4688,0.125,0.5,0.125,A,سر، آپ کی مہربانی اپنی جگہ، مگر آج مجھے یہ موقع دیجیے۔ آج کی کامیابی کی خوشی میں کھانے کا بل میں ہی ادا کروں گا۔
108,Urdu,Paying for a Meal,قریبی دوست,قریبی دوست,Low,Informal,Reciprocal offer,Positive,یار، آج کی کافی میری طرف سے ہے۔,آپ اپنے قریبی دوست کے ساتھ کافی پینے آئے ہیں۔ بل آنے پر آپ کا قریبی دوست اصرار کرتا ہے کہ آج کی ادائیگی وہ کرے گا۔,1.0,0.0,0.25,0.125,0.25,0.125,A,یار، اس بار میری طرف سے رہنے دو، پھر کبھی تم پلا دینا۔
109,Urdu,Respect for Elders,دادا,پوتا,High,Formal,Deferential response,Positive,میرے ساتھ بازار چلو گے؟,آپ کے دادا بازار جانے کی تیاری کر رہے ہیں اور چاہتے ہیں کہ آپ ان کے ساتھ چلیں۔,1.0,0.0,0.25,0.25,0.25,0.25,A,جی دادا جان ضرور چلوں گا۔
110,Urdu,Respect for Elders,دادی,پوتی,High,Formal,Respectful compliance,Positive,بیٹا، وقت پر دوا لینا مت بھولنا۔,آپ کی دادی آپ کی طبیعت کے بارے میں فکر مند ہیں اور دوا وقت پر لینے کی نصیحت کر رہی ہیں۔,1.0,0.0,0.5,0.125,0.5,0.25,A,جی دادی جان، میں خیال رکھوں گی، آپ بالکل فکر نہ کریں۔
111,Urdu,Respect for Elders,والد,بیٹا,High,Formal,Obedient acknowledgment,Neutral,کل صبح جلدی اٹھ جانا، ہمیں ایک کام سے ساتھ جانا ہے۔,آپ کے والد اگلے دن کے ایک ضروری کام کے لیے آپ کو وقت کی پابندی کی تاکید کر رہے ہیں۔,0.9375,0.0,0.25,0.25,0.25,0.25,A,جی ابو، ان شاء اللہ وقت پر اٹھ جاؤں گا۔
112,Urdu,Respect for Elders,والدہ,بیٹی,High,Informal,Affectionate respect,Positive,بیٹا، ذرا یہ کام ابھی نمٹا لو۔,آپ کی والدہ گھر کے کاموں میں مصروف ہیں اور آپ سے ایک کام کرنے کو کہتی ہیں۔,0.9688,0.0,0.25,0.25,0.25,0.25,A,ٹھیک ہے امی، ابھی کر دیتی ہوں۔
113,Urdu,Respect for Elders,چچا,بھتیجا,High,Formal,Deferential acceptance,Positive,بیٹا، ذرا وہ فائل میرے پاس لے آؤ۔,آپ کے چچا کسی کام میں مصروف ہیں اور آپ سے ایک فائل لانے کو کہتے ہیں۔,1.0,0.0,0.25,0.25,0.25,0.25,A,جی چچا جان، ابھی لے کر آتا ہوں۔
114,Urdu,Respect for Elders,خالہ,بھانجی,High,Formal,Polite obedience,Neutral,بیٹا، ذرا وہ بیگ میرے کمرے سے لے آؤ۔,آپ کی خالہ کسی کام میں مصروف ہیں اور اپنے کمرے سے ایک بیگ منگواتی ہیں۔,1.0,0.0,0.25,0.25,0.25,0.25,A,جی خالہ جان، ابھی لے آتی ہوں۔
115,Urdu,Respect for Elders,ماموں,بھانجا,High,Formal,Respectful agreement,Positive,بیٹا، کل میرے ساتھ جانا، مجھے تمہاری ضرورت پڑے گی۔,آپ کے ماموں کسی کام کے لیے آپ کی مدد چاہتے ہیں اور آپ کو اپنے ساتھ چلنے کو کہتے ہیں۔,1.0,0.0,0.25,0.25,0.25,0.25,A,جی ماموں جان، آپ فرمائیں، میں ضرور ساتھ چلوں گا۔
116,Urdu,Respect for Elders,استاد,طالب علم,Medium,Formal,Academic respect,Positive,امتحان سے پہلے یہ باب دوبارہ پڑھ لینا۔,آپ کے استاد امتحان کی تیاری کے سلسلے میں آپ کو ایک اہم باب پر توجہ دینے کا مشورہ دیتے ہیں۔,0.9375,0.0,0.25,0.25,0.25,0.25,A,جی سر، میں اس پر دوبارہ توجہ دوں گا۔
117,Urdu,Respect for Elders,استاد,طالب علم,Medium,Formal,Corrective respect,Neutral,یہ طریقہ درست نہیں، اسے دوبارہ کرو۔,آپ کے استاد آپ کے حل یا کام میں ایک غلطی کی نشاندہی کرتے ہیں اور اسے درست کرنے کا کہتے ہیں۔,1.0,0.0,0.25,0.25,0.4375,0.25,A,جی سر، میں اسے درست کر لیتا ہوں۔
118,Urdu,Respect for Elders,بزرگ پڑوسی,نوجوان,High,Formal,Community respect,Positive,بیٹا، ذرا یہ گیٹ بند کر دو۔,آپ کے بزرگ پڑوسی گھر کے باہر کھڑے ہیں اور آپ سے گیٹ بند کرنے کو کہتے ہیں۔,1.0,0.0,0.25,0.25,0.25,0.25,A,جی انکل، ابھی بند کر دیتا ہوں۔
119,Urdu,Respect for Elders,بزرگ خاتون,نوجوان لڑکی,High,Formal,Gentle compliance,Neutral,بیٹی، ذرا یہ سامان اندر رکھ دو۔,ایک بزرگ خاتون گھر کے باہر کھڑی ہیں اور آپ سے سامان اندر رکھنے میں مدد مانگتی ہیں۔,0.9688,0.0,0.25,0.25,0.25,0.25,A,جی اماں جی، ابھی اندر رکھ دیتی ہوں۔
120,Urdu,Respect for Elders,والد,بیٹا,High,Formal,Authoritative command,Negative,میں نے تم سے منع کیا تھا، پھر یہ کیوں کیا؟,آپ کے والد کسی ناپسندیدہ کام پر ناراضی کا اظہار کرتے ہوئے آپ سے وضاحت طلب کر رہے ہیں۔,1.0,0.0,0.25,0.25,0.25,0.25,A,جی ابو، مجھ سے غلط فیصلہ ہو گیا، آئندہ آپ کی بات کا زیادہ خیال رکھوں گا۔
121,Urdu,Respect for Elders,دادا,پوتا,High,Formal,Mild reprimand,Negative,اتنی دیر کیوں ہو گئی؟,آپ معمول سے کافی دیر بعد گھر پہنچے ہیں اور آپ کے دادا آپ سے وجہ پوچھ رہے ہیں۔,1.0,0.0,0.25,0.25,0.25,0.375,A,معاف کیجیے دادا جان، دیر ہو گئی، آئندہ خیال رکھوں گا۔
122,Urdu,Respect for Elders,امی,بیٹا,High,Informal,Emotional guidance,Positive,بیٹا، باہر دیر تک مت رہنا، مجھے فکر ہوتی ہے۔,آپ گھر سے باہر جا رہے ہیں۔ آپ کی والدہ محبت بھرے انداز میں اپنی فکر کا اظہار کرتی ہیں۔,0.9688,0.0,0.1875,0.375,0.25,0.25,A,اچھا امی، میں جلد واپس آ جاؤں گا، آپ پریشان نہ ہوں۔
123,Urdu,Respect for Elders,تایا,بھتیجا,High,Formal,Hierarchical respect,Neutral,بیٹا، ایک بات سمجھا رہا ہوں، ذرا توجہ سے سنو۔,آپ کے تایا آپ کو زندگی کے ایک اہم معاملے پر نصیحت کر رہے ہیں۔,1.0,0.0,0.25,0.25,0.1875,0.25,A,جی تایا جان، میں پوری توجہ سے سن رہا ہوں۔
124,Urdu,Respect for Elders,دادا,پوتا,High,Formal,Deferential reassurance,Positive,بیٹا، سامان مجھے پکڑا دو، تم تھک گئے ہوگے۔,آپ بھاری سامان اٹھانے کی کوشش کر رہے ہیں۔ آپ کے دادا چاہتے ہیں کہ آپ آرام کریں اور وہ خود سامان اٹھا لیں۔,1.0,0.0,0.25,0.25,0.1875,0.25,A,دادا جان، میں بالکل ٹھیک ہوں، آپ فکر نہ کریں۔ یہ سامان میں خود ہی اٹھا لوں گا۔
125,Urdu,Respect for Elders,سینئر پروفیسر,لیکچرار,Medium,Formal,Respectful compliance,Positive,آپ کافی دیر سے کام کر رہے ہیں، کچھ دیر آرام کر لیجیے، باقی کام بعد میں ہو جائے گا۔,آپ کافی دیر سے مسلسل کام میں مصروف ہیں۔ آپ کے شعبے کے سینئر پروفیسر چاہتے ہیں کہ آپ کچھ دیر آرام کر لیں اور کام بعد میں جاری رکھیں۔,1.0,0.0,0.25,0.25,0.25,0.25,A,بہت شکریہ سر، بس یہ کام مکمل کر لوں، پھر کچھ دیر آرام کر لیتا ہوں۔
126,Urdu,Respect for Elders,قریبی دوست,قریبی دوست,Low,Informal,Reciprocal cooperation,Positive,یار، بس اب کافی ہو گیا، کچھ دیر آرام کر لے۔ باقی سامان میں اٹھا لیتا ہوں۔,آپ اپنے قریبی دوست کے ساتھ سفر کر رہے ہیں اور کافی دیر سے سامان اٹھائے ہوئے ہیں۔ آپ کا دوست چاہتا ہے کہ آپ کچھ دیر آرام کریں اور باقی سامان وہ خود اٹھا لے۔,1.0,0.0,0.25,0.25,0.25,0.25,A,شکریہ یار، تمہاری بہت مہربانی۔ چلو، تھوڑی دیر تم اٹھا لو، پھر آگے میں سنبھال لوں گا۔
127,Urdu,Family Obligations & Requests,والد,بیٹا,High,Formal,Duty acceptance,Positive,بیٹا، کل مہمان آ رہے ہیں، ذرا گھر کے کاموں میں مدد کر دینا۔,آپ کے والد مہمانوں کی آمد سے پہلے گھر کی تیاریوں میں مصروف ہیں اور آپ سے تعاون چاہتے ہیں۔,0.9688,0.0,0.25,0.25,0.25,0.25,A,جی ابو، آپ بے فکر رہیں، میں وقت پر سب کام سنبھال لوں گا۔
128,Urdu,Family Obligations & Requests,والدہ,بیٹی,High,Informal,Caring request,Positive,بیٹا، ذرا کچن میں ہاتھ بٹا دو۔,گھر میں مہمان آنے والے ہیں اور آپ کی والدہ تیاریوں میں مصروف ہیں اور آپ سے مدد چاہتی ہیں۔,1.0,0.0,0.25,0.25,0.25,0.25,A,جی امی، ابھی آتی ہوں، بتائیے کیا کرنا ہے۔
129,Urdu,Family Obligations & Requests,چچا,بھتیجا,High,Formal,Respectful compliance,Neutral,کل میرے ساتھ بازار جانا ہے، کچھ سامان لینا ہے۔,آپ کے چچا خریداری کے لیے جا رہے ہیں اور آپ کو ساتھ چلنے کے لیے کہتے ہیں۔,1.0,0.0,0.25,0.25,0.1875,0.375,A,جی چچا جان، آپ فکر نہ کریں، میں ساتھ چلوں گا۔
130,Urdu,Family Obligations & Requests,خالہ,بھانجی,High,Formal,Polite acceptance,Positive,بیٹا، مہمانوں کے لیے ذرا کمرہ تیار کر دو، وہ آنے والے ہیں۔,گھر میں مہمانوں کی آمد متوقع ہے اور آپ کی خالہ آپ سے تیاریوں میں مدد چاہتی ہیں۔,1.0,0.0,0.25,0.25,0.25,0.25,A,جی خالہ جان، ابھی کر دیتی ہوں۔
131,Urdu,Family Obligations & Requests,دادا,پوتا,High,Formal,Deferential duty,Positive,بیٹا، ذرا میری دوائی لے آؤ۔,آپ کے دادا کو اپنی روزمرہ کی دوائی کی ضرورت ہے اور وہ آپ سے مدد چاہتے ہیں۔,1.0,0.0,0.25,0.25,0.25,0.25,A,جی دادا جان، ابھی لے آتا ہوں، آپ آرام کریں۔
132,Urdu,Family Obligations & Requests,دادی,پوتی,High,Formal,Respectful service,Neutral,بیٹی، ذرا میرے لیے پانی لے آنا۔,آپ کی دادی آرام کر رہی ہیں اور آپ سے ایک گلاس پانی لانے کی درخواست کرتی ہیں۔,1.0,0.0,0.25,0.25,0.25,0.25,A,جی دادی جان، ابھی لاتی ہوں۔
133,Urdu,Family Obligations & Requests,بھائی,بہن,Medium,Informal,Supportive request,Positive,ذرا میرا بیگ پکڑ لو، ہاتھ بھرے ہوئے ہیں۔,آپ کا بھائی کچھ سامان اٹھائے ہوئے ہے اور آپ سے تھوڑی مدد مانگتا ہے۔,0.9688,0.0,0.25,0.25,0.25,0.25,A,ہاں، دو، میں سنبھال لیتی ہوں۔
134,Urdu,Family Obligations & Requests,بہن,بھائی,Medium,Informal,Casual request,Neutral,ذرا فون چارجر دے دینا، بیٹری ختم ہونے والی ہے۔,آپ کی بہن آپ سے اپنا فون چارج کرنے کے لیے چارجر مانگتی ہے۔,0.9688,0.0,0.5,0.125,0.5,0.0,A,ہاں، یہ رہا، استعمال کر لو۔
135,Urdu,Family Obligations & Requests,سسر,داماد,High,Formal,Respect-based request,Positive,بیٹا، فرصت ملے تو ذرا یہ کام دیکھ لیجیے گا۔,آپ کے سسر آپ سے ایک کام میں مدد کی درخواست کرتے ہیں۔,1.0,0.0,0.25,0.25,0.25,0.25,A,جی ابا جی، میں دیکھ لیتا ہوں۔
136,Urdu,Family Obligations & Requests,ساس,بہو,High,Formal,Household duty,Neutral,آج مہمان آ رہے ہیں، کھانے کا انتظام کرنا ہے۔,گھر میں مہمان آنے والے ہیں اور آپ کی ساس آپ کو تیاریوں کی یاد دہانی کرا رہی ہیں۔,1.0,0.0,0.25,0.25,0.25,0.25,A,جی امی جان، آپ بتا دیجیے کیا کیا بنانا ہے۔
137,Urdu,Family Obligations & Requests,والد,بیٹا,High,Formal,Authoritative request,Negative,میں نے کہا تھا یہ کام آج ہی کر دینا۔,آپ کے والد اس بات پر ناراض ہیں کہ آپ ایک ذمہ داری وقت پر پوری نہیں کر سکے۔,1.0,0.0,0.25,0.25,0.25,0.25,A,جی ابو، میں ابھی یہ کام کر دیتا ہوں۔
138,Urdu,Family Obligations & Requests,والدہ,بیٹا,High,Informal,Emotional pressure,Negative,ہر کام مجھے ہی کرنا پڑتا ہے؟,آپ کی والدہ گھر کے کام کرتے کرتے تھک گئی ہیں اور آپ سے شکوہ کر رہی ہیں۔,0.9062,0.0,0.25,0.25,0.25,0.25,A,اچھا امی، آپ رہنے دیں، میں کر لیتا ہوں۔
139,Urdu,Family Obligations & Requests,تایا,بھتیجا,High,Formal,Hierarchical request,Neutral,بیٹا، ذرا یہ کاغذات میرے پاس لے آؤ۔,آپ کے تایا ایک ضروری کام میں مصروف ہیں اور آپ سے کچھ کاغذات منگواتے ہیں۔,1.0,0.0,0.25,0.25,0.25,0.25,A,جی تایا جان، ابھی لے آتا ہوں۔
140,Urdu,Family Obligations & Requests,کزن,کزن,Low,Informal,Friendly request,Positive,یار، ذرا میرے ساتھ چلنا، ایک کام ہے۔,آپ کا کزن ایک مختصر کام کے لیے باہر جا رہا ہے اور چاہتا ہے کہ آپ بھی ساتھ چلیں۔,1.0,0.0,0.5,0.0,0.5,0.0,A,ہاں یار، چلو، کوئی مسئلہ نہیں، چلتے ہیں۔
141,Urdu,Family Obligations & Requests,کزن,کزن,Low,Informal,Dismissive request,Negative,یہ کام تو تم ہی کرو گے۔,آپ کا کزن بغیر پوچھے ذمہ داری آپ پر ڈال دیتا ہے۔,0.8438,0.0,0.5,0.125,0.25,0.25,A,کر دیتا ہوں، لیکن پہلے پوچھ تو لیا کرو۔
142,Urdu,Family Obligations & Requests,والدہ,بیٹی,High,Formal,Cooperative compliance,Positive,بیٹی، ذرا آ جاؤ، مہمانوں کی آمد سے پہلے کچھ کام باقی ہیں، میرے ساتھ ہاتھ بٹا دو۔,آپ کے گھر میں مہمان آنے والے ہیں اور ابھی کچھ تیاری باقی ہے۔ آپ کی والدہ چاہتی ہیں کہ آپ گھر کے کاموں میں ان کا ہاتھ بٹائیں تاکہ تمام تیاریاں وقت پر مکمل ہو جائیں۔,1.0,0.0,0.25,0.25,0.25,0.25,A,جی امی، ابھی آئی۔ آپ فکر نہ کریں، ہم مل کر سب کام جلدی مکمل کر لیتے ہیں۔
143,Urdu,Family Obligations & Requests,بڑی بہن,چھوٹا بھائی,Medium,Informal,Cooperative compliance,Positive,ذرا بازار سے یہ ضروری سامان لے آؤ۔,آپ کی فیملی میں ایک خاندانی تقریب ہونے والی ہے اور کچھ ضروری سامان ابھی لانا باقی ہے۔ آپ کی بڑی بہن چاہتی ہیں کہ آپ بازار سے یہ سامان لے آئیں تاکہ تیاریاں وقت پر مکمل ہو جائیں۔,1.0,0.0,0.5,0.0,0.25,0.25,A,ٹھیک ہے باجی، ابھی لے آتا ہوں۔ اگر اور بھی کچھ چاہیے ہو تو بتا دیجیے گا۔
144,Urdu,Family Obligations & Requests,کزن,کزن,Low,Informal,Cooperative compliance,Positive,ذرا یہ کام تم سنبھال لو۔,آپ اپنے کزن کے ساتھ ایک خاندانی تقریب کی تیاریوں میں مصروف ہیں اور ابھی کچھ کام باقی ہیں۔ آپ کا کزن چاہتا ہے کہ آپ ایک کام سنبھال لیں تاکہ تمام انتظامات وقت پر مکمل ہو جائیں۔,1.0,0.0,0.4688,0.125,0.5,0.125,A,ٹھیک ہے، یہ کام میں سنبھال لیتا ہوں۔ تم باقی تیاری دیکھ لو، ہم مل کر سب وقت پر مکمل کر لیں گے۔
145,Urdu,Handling Criticism & Disagreements,سینئر,جونیئر,High,Formal,Respectful disagreement,Positive,میرا خیال ہے تم نے طریقہ درست نہیں اپنایا۔,دفتر میں آپ کے سینئر آپ کے کام کے طریقے پر تنقید کرتے ہیں۔,1.0,0.0,0.25,0.25,0.25,0.25,A,جی سر، آپ کی بات درست ہو سکتی ہے، لیکن اُس وقت حالات کے مطابق مجھے یہی بہتر لگا تھا پھر بھی میں اسے دوبارہ دیکھ لیتا ہوں۔
146,Urdu,Handling Criticism & Disagreements,استاد,طالب علم,Medium,Formal,Academic acceptance,Positive,یہ جواب مزید بہتر ہو سکتا تھا۔,استاد آپ کے جواب کا جائزہ لیتے ہوئے بہتری کی گنجائش کی نشاندہی کرتے ہیں۔,0.9688,0.0,0.25,0.25,0.25,0.25,A,جی سر، میں دوبارہ اس پر کام کر لیتا ہوں۔
147,Urdu,Handling Criticism & Disagreements,والد,بیٹا,High,Formal,Obedient acknowledgment,Neutral,تم نے یہ کام ٹھیک نہیں کیا۔,آپ کے والد آپ کے کام میں موجود ایک غلطی کی نشاندہی کر رہے ہیں۔,1.0,0.0,0.25,0.25,0.25,0.25,A,جی ابو مجھ سے کوئی غلطی ہو گئی ہو گی، میں دوبارہ دیکھ لیتا ہوں۔
148,Urdu,Handling Criticism & Disagreements,دوست,دوست,Low,Informal,Friendly disagreement,Positive,مجھے نہیں لگتا یہ آئیڈیا کام کرے گا۔,آپ اور آپ کا دوست ایک مسئلے کے حل پر گفتگو کر رہے ہیں اور وہ آپ کے تجویز کردہ خیال سے متفق نہیں۔,0.875,0.0,0.25,0.25,0.4375,0.125,A,یار، ہو سکتا ہے تم ٹھیک کہہ رہے ہو، لیکن مجھے لگتا ہے ایک موقع تو دینا چاہیے۔
149,Urdu,Handling Criticism & Disagreements,دوست,دوست,Low,Informal,Defensive response,Negative,تم ہمیشہ یہی غلطی کرتے ہو۔,آپ کا دوست آپ کے رویے پر تنقید کرتے ہوئے اسے بار بار دہرائی جانے والی غلطی قرار دیتا ہے۔,0.9375,0.0,0.25,0.25,0.25,0.25,A,یار، ہر بار ایسا نہیں ہوتا، اس دفعہ ذرا صورتحال کچھ اور تھی۔
150,Urdu,Handling Criticism & Disagreements,والدہ,بیٹی,High,Informal,Emotional correction,Neutral,تم نے میری بات نہیں مانی۔,آپ کی والدہ کسی معاملے میں آپ کے رویے سے مایوسی کا اظہار کر رہی ہیں۔,1.0,0.0,0.25,0.25,0.25,0.25,A,امی، آپ ٹھیک کہہ رہی ہیں، آئندہ زیادہ خیال رکھوں گی۔
151,Urdu,Handling Criticism & Disagreements,سینئر,جونیئر,High,Formal,Corrective feedback,Neutral,اس رپورٹ میں کچھ خامیاں ہیں۔,آپ کے سینئر آپ کی تیار کردہ رپورٹ کا جائزہ لیتے ہوئے کچھ مسائل کی نشاندہی کرتے ہیں۔,1.0,0.0,0.4688,0.25,0.5,0.0,A,جی سر، میں دوبارہ جائزہ لے کر انہیں درست کر دیتا ہوں۔
152,Urdu,Handling Criticism & Disagreements,کزن,کزن,Low,Informal,Light disagreement,Positive,تم کچھ زیادہ سخت ہو رہے ہو۔,ایک دوستانہ گفتگو میں آپ کا کزن آپ کے لہجے پر تبصرہ کرتا ہے۔,0.9688,0.0,0.25,0.25,0.5,0.0,A,یار، میرا مقصد سخت ہونا نہیں تھا، بس اپنی رائے دے رہا تھا۔
153,Urdu,Handling Criticism & Disagreements,استاد,طالب علم,Medium,Formal,Strict correction,Negative,میں اس معیار کے کام کی توقع نہیں کر رہا تھا۔,استاد آپ کی کارکردگی پر سخت ناراضی کا اظہار کرتے ہیں۔,1.0,0.0,0.25,0.25,0.25,0.25,A,معذرت سر، میں دوبارہ محنت کر کے اسے بہتر کر لیتا ہوں۔
154,Urdu,Handling Criticism & Disagreements,دوست,دوست,Low,Informal,Argumentative response,Negative,یہ سب تمہاری وجہ سے ہوا ہے۔,کسی مسئلے کے بعد آپ کا دوست ساری ذمہ داری آپ پر ڈال رہا ہے۔,1.0,0.0,0.25,0.25,0.25,0.25,A,یار، میں مانتا ہوں مجھ سے بھی غلطی ہوئی ہوگی، لیکن سارا قصور مجھ پر نہیں ڈالا جا سکتا۔
155,Urdu,Handling Criticism & Disagreements,والد,بیٹا,High,Formal,Authoritative reprimand,Negative,میں نے منع کیا تھا، پھر بھی تم نے یہ کام کیا۔,آپ کے والد کسی ایسے کام پر ناراضی کا اظہار کر رہے ہیں جس سے انہوں نے پہلے منع کیا تھا۔,1.0,0.0,0.25,0.25,0.25,0.25,A,جی ابو، مجھ سے غلطی ہو گئی، آئندہ ایسا نہیں ہوگا۔
156,Urdu,Handling Criticism & Disagreements,ساتھی,ساتھی,Medium,Formal,Professional disagreement,Neutral,میں اس فیصلے سے متفق نہیں ہوں۔,ایک میٹنگ کے دوران آپ کا ساتھی مجوزہ فیصلے پر اعتراض اٹھاتا ہے۔,0.9375,0.0,0.5,0.125,0.25,0.25,A,آپ کی بات سمجھ رہا ہوں، آئیے وجوہات پر بات کر لیتے ہیں تاکہ بہتر فیصلہ ہو سکے۔
157,Urdu,Handling Criticism & Disagreements,تایا,بھتیجا,High,Formal,Respectful listening,Positive,بیٹا، تمہیں زیادہ تحمل سے کام لینا چاہیے تھا۔,ایک تنازعے کے بعد آپ کے تایا آپ کو صبر اور تحمل کا مشورہ دیتے ہیں۔,1.0,0.0,0.4375,0.25,0.25,0.125,A,جی تایا جان، آپ کی بات سمجھ گیا ہوں آئندہ دھیان رکھوں گا۔
158,Urdu,Handling Criticism & Disagreements,دوست,دوست,Low,Informal,Teasing criticism,Neutral,یار، یہ تو بہت ہی خراب تھا۔,دوستوں کی غیر رسمی گفتگو میں آپ کا دوست مذاقاً آپ کے کام پر تنقید کرتا ہے۔,0.875,0.0,0.25,0.25,0.25,0.25,A,چلو، اگلی بار تمہیں شکایت کا موقع نہیں دوں گا۔
159,Urdu,Handling Criticism & Disagreements,سینئر,جونیئر,High,Formal,Public correction,Negative,یہ غلطی سب کے سامنے نہیں ہونی چاہیے تھی۔,ایک میٹنگ کے دوران آپ سے ایسی غلطی ہو جاتی ہے جس کی نشاندہی آپ کے سینئر سب کے سامنے کرتے ہیں۔,1.0,0.0,0.25,0.25,0.25,0.25,A,جی سر، غلطی ہو گئی، آئندہ زیادہ احتیاط کروں گا۔
160,Urdu,Handling Criticism & Disagreements,استاد,طالب علم,High,Formal,Accepting criticism,Positive,آپ کی اسائنمنٹ مجموعی طور پر اچھی ہے، لیکن اس میں چند اہم نکات شامل نہیں کیے گئے۔,آپ کی اسائنمنٹ چیک ہونے کے بعد معلوم ہوا ہے کہ اس میں چند اہم نکات شامل نہیں ہیں۔ آپ کے استاد چاہتے ہیں کہ وہ اس بارے میں آپ سے بات کریں تاکہ آپ اپنی غلطیوں کو بہتر طور پر سمجھ سکیں۔,1.0,0.0,0.25,0.25,0.25,0.25,A,جی سر، یہ میری کوتاہی تھی۔ آپ کی نشاندہی کا شکریہ، میں ان نکات کو شامل کر کے اسائنمنٹ بہتر کر دوں گا۔
161,Urdu,Handling Criticism & Disagreements,سینئر ساتھی,جونیئر ساتھی,Medium,Formal,Constructive acceptance,Positive,اس رپورٹ کے کچھ حصے ہمارے معیار کے مطابق نہیں ہیں۔,آپ کی تیار کردہ رپورٹ کا جائزہ لیا جا رہا ہے۔ آپ کے سینئر ساتھی نے رپورٹ میں چند اہم خامیوں کی نشاندہی کی ہے۔,1.0,0.0,0.25,0.25,0.25,0.25,A,آپ کی نشاندہی کا شکریہ۔ میں آپ کی تجاویز کے مطابق ان حصوں پر دوبارہ کام کرتا ہوں تاکہ حتمی رپورٹ بہتر معیار کی ہو۔
162,Urdu,Handling Criticism & Disagreements,قریبی دوست,قریبی دوست,Low,Informal,Constructive agreement,Positive,یار، مجھے لگتا ہے کہ تمہارے حصے میں چند تبدیلیوں کی ضرورت ہے۔,آپ اور آپ کا قریبی دوست ایک مشترکہ منصوبے پر کام کر رہے ہیں۔ منصوبے پر نظرِ ثانی کرتے ہوئے آپ کو محسوس ہوتا ہے کہ اس کے تیار کیے گئے حصے میں کچھ ایسی تبدیلیوں کی ضرورت ہے جن پر آپ دونوں کی رائے مختلف ہے۔,1.0,0.0,0.25,0.25,0.25,0.25,A,ضرور، اگر تمہیں لگتا ہے کہ اس سے کام بہتر ہوگا تو آؤ مل کر جائزہ لیتے ہیں۔
163,Urdu,Invitation to Celebrations,دوست,دوست,Low,Informal,Warm invitation,Positive,کل میری سالگرہ ہے، ضرور آنا۔,آپ کا دوست خوشی کے موقع پر آپ کو شرکت کی دعوت دیتا ہے۔,0.9688,0.0,0.5,0.0,0.5,0.0,A,یار، ضرور آؤں گا، تمہاری سالگرہ کیسےبھول سکتا ہوں ۔
164,Urdu,Invitation to Celebrations,دوست,دوست,Low,Informal,Casual invitation,Neutral,آج رات پارٹی ہے، آنا ہے؟,آپ کا دوست غیر رسمی انداز میں آپ کو رات کی ایک پارٹی میں مدعو کر رہا ہے۔,0.9375,0.0,0.4375,0.125,0.4375,0.125,A,یار، ابھی پکا نہیں کہہ سکتا، لیکن کوشش کروں گا۔
165,Urdu,Invitation to Celebrations,چچا,بھتیجا,High,Formal,Respectful invitation,Positive,بیٹا، شادی میں ضرور آنا، تمہارے بغیر محفل ادھوری لگے گی۔,خاندان میں شادی کی تقریب ہے اور آپ کے چچا آپ کو خاص طور پر مدعو کر رہے ہیں۔,0.9375,0.0,0.4375,0.25,0.25,0.25,A,جی چچا جان، ان شاء اللہ ضرور آؤں گا۔
166,Urdu,Invitation to Celebrations,خالہ,بھانجی,High,Formal,Affectionate invitation,Positive,بیٹا، کل مہندی کی تقریب ہے، ضرور آنا۔,آپ کی خالہ خاندان کی ایک مہندی کی تقریب میں آپ کو محبت سے مدعو کر رہی ہیں۔,0.9375,0.0,0.4688,0.125,0.5,0.0,A,جی خالہ جان، ان شاء اللہ ضرور آؤں گی۔
167,Urdu,Invitation to Celebrations,پڑوسی,پڑوسی,Medium,Formal,Polite invitation,Neutral,ہم نے کل ایک تقریب رکھی ہے، آپ ضرور تشریف لائیے گا۔,آپ کے پڑوسی آپ کو ایک تقریب میں مدعو کر رہے ہیں۔,0.9375,0.0,0.5,0.0,0.5,0.0,A,بہت شکریہ، ان شاء اللہ کوشش کروں گا کہ شریک ہو سکوں۔
168,Urdu,Invitation to Celebrations,استاد,طالب علم,Medium,Formal,Honor-based invitation,Positive,کل تقریب ہے، آپ ضرور آئیے گا۔,استاد طالب علم کو ایک تعلیمی تقریب میں شرکت کی دعوت دے رہے ہیں۔,1.0,0.0,0.25,0.25,0.25,0.25,A,بہت شکریہ سر، ان شاء اللہ شرکت کرنے کی کوشش کروں گا۔
169,Urdu,Invitation to Celebrations,کزن,کزن,Low,Informal,Friendly invitation,Positive,یار، کل ایک فنکشن ہے، تم بھی ساتھ چلو۔,آپ کا کزن ایک تقریب میں جانے کا پروگرام بنا رہا ہے اور چاہتا ہے کہ آپ بھی اس کے ساتھ چلیں۔,1.0,0.0,0.5,0.0,0.5,0.0,A,ہاں یار، اگر کوئی ضروری کام نہ نکلا تو میں ضرور چلوں گا۔
170,Urdu,Invitation to Celebrations,دوست,دوست,Low,Informal,Pressuring invitation,Negative,یار، نہ آئے تو ناراض ہو جاؤں گا۔,آپ کا دوست آپ کی شرکت کے لیے اصرار کر رہا ہے۔,1.0,0.0,0.25,0.25,0.25,0.25,A,یار، اب اتنا کہہ رہے ہو تو کوشش کروں گا ضرور آؤں۔
171,Urdu,Invitation to Celebrations,سسر,داماد,High,Formal,Family honor invitation,Positive,بیٹا، کل گھر پر دعوت ہے، آپ نے ضرور آنا ہے۔,آپ کے سسر ایک خاندانی دعوت میں شرکت کی درخواست کر رہے ہیں۔,0.9375,0.0,0.5,0.125,0.25,0.25,A,جی ابا جی، ان شاء اللہ ضرور حاضر ہوں گا۔
172,Urdu,Invitation to Celebrations,ساس,بہو,High,Formal,Family Invitation,Neutral,بیٹا، کل گھر میں تقریب ہے، تمہیں ضرور آنا ہے۔,آپ کی ساس آپ کو ایک خاندانی تقریب میں شرکت کی دعوت دے رہی ہیں۔,1.0,0.0,0.25,0.25,0.4375,0.25,A,جی امی جان، ان شاء اللہ ضرور آؤں گی۔
173,Urdu,Invitation to Celebrations,دوست,دوست,Low,Informal,Dismissive invitation,Negative,بس آ جانا، کوئی بہانہ نہیں چلے گا۔,آپ کا دوست تقریب میں شرکت کے لیے اصرار کر رہا ہے اور آپ سے پکی حامی چاہتا ہے۔,1.0,0.0,0.25,0.25,0.25,0.25,A,یار، اگر کوئی ضروری کام نہ ہوا تو ضرور آؤں گا۔
174,Urdu,Invitation to Celebrations,بزرگ رشتہ دار,نوجوان,High,Formal,Traditional invitation,Positive,بیٹا، عید پر سب اکٹھے ہوں گے، تم بھی ضرور آنا۔,ایک بزرگ رشتہ دار عید کی خاندانی ملاقات میں آپ کو شرکت کی دعوت دے رہے ہیں۔,1.0,0.0,0.25,0.25,0.25,0.25,A,جی، ان شاء اللہ ضرور آؤں گا۔
175,Urdu,Invitation to Celebrations,ساتھی,ساتھی,Medium,Formal,Professional celebration,Neutral,آفس میں ایک فنکشن رکھا ہے، آپ بھی ضرور آئیے گا۔,آپ کا ایک ساتھی دفتر کی تقریب میں شرکت کی دعوت دے رہا ہے۔,1.0,0.0,0.5,0.125,0.25,0.25,A,شکریہ، اگر مصروفیت نہ ہوئی تو ضرور شرکت کروں گا۔
176,Urdu,Invitation to Celebrations,دوست,دوست,Low,Informal,Playful invitation,Positive,یار، آج ڈھولکی ہے، آنا لازمی ہے، کوئی بہانہ نہیں۔,آپ کا دوست مزاحیہ انداز میں تقریب میں آپ کی شرکت پر زور دے رہا ہے۔,1.0,0.0,0.5,0.0,0.5,0.0,A,چلو ٹھیک ہے یار، آج کوئی بہانہ نہیں بناؤں گا۔
177,Urdu,Invitation to Celebrations,سینئر,جونیئر,High,Formal,Obligatory invitation,Negative,کل کی تقریب میں آپ کی موجودگی ضروری ہے۔,آپ کے سینئر ایک دفتری تقریب میں شرکت پر زور دے رہے ہیں۔,0.9375,0.0,0.25,0.25,0.4375,0.125,A,جی سر، میں شرکت کرنے کی کوشش کروں گا۔
178,Urdu,Invitation to Celebrations,چچا,بھتیجا,High,Formal,Respectful acceptance,Positive,بیٹا، مجھے خوشی ہوگی اگر تم ضرور آؤ اور سب کے ساتھ کچھ وقت گزارو۔,آپ کے چچا نے گھر پر ایک خاندانی ملاقات کا اہتمام کیا ہے جس میں تمام قریبی رشتہ داروں کو مدعو کیا گیا ہے۔ اس لیے وہ آپ کو دعوت دینا چاہتے ہیں۔,1.0,0.0,0.25,0.25,0.25,0.375,A,جی چچا جان، ان شاء اللہ میں ضرور آؤں گا۔ آپ کی دعوت کا بہت شکریہ۔
179,Urdu,Invitation to Celebrations,ٹیم لیڈر,ٹیم ممبر,Medium,Formal,Respectful acceptance,Positive,آپ بھی ضرور تشریف لائیے گا۔,آپ کے ٹیم لیڈر نے ٹیم کی حالیہ کامیابی کی خوشی میں تمام اراکین کے لیے ایک غیر رسمی ملاقات کا اہتمام کیا ہے۔ اس لیے وہ آپ کو دعوت دینا چاہتے ہیں۔,1.0,0.125,0.25,0.25,0.25,0.25,A,بہت شکریہ! ان شاء اللہ میں ضرور تشریف لاؤں گا۔
180,Urdu,Invitation to Celebrations,قریبی دوست,قریبی دوست,Low,Informal,Warm acceptance,Positive,یار، میں نے ایک چھوٹی سی دعوت رکھی ہے۔ تم ضرور آنا۔,آپ کے قریبی دوست نے اپنے نئے گھر میں منتقل ہونے کی خوشی میں ایک مختصر دعوت کا اہتمام کیا ہے۔ وہ چاہتے ہیں کہ آپ بھی اس خوشی میں ضرور شریک ہوں، اس لیے وہ آپ کو دعوت دینا چاہتے ہیں۔,1.0,0.0,0.5,0.125,0.25,0.25,A,بہت مبارک ہو۔ ان شاء اللہ میں ضرور آؤں گا۔
181,Urdu,Asking for Permission,طالب علم,استاد,High,Formal,Deferential request,Positive,سر، اگر اجازت ہو تو ایک سوال پوچھنا چاہتا ہوں۔,کلاس کے دوران آپ اپنے استاد سے وضاحت حاصل کرنا چاہتے ہیں۔,1.0,0.0,0.4688,0.125,0.4688,0.125,A,جی، ضرور پوچھیں، میں سننے کے لیے حاضر ہوں۔
182,Urdu,Asking for Permission,بیٹا,والد,High,Formal,Respectful request,Neutral,ابو، کیا میں دوستوں کے ساتھ باہر جا سکتا ہوں؟,آپ اپنے والد سے دوستوں کے ساتھ کچھ وقت گزارنے کے لیے باہر جانے کی اجازت مانگ رہے ہیں۔,1.0,0.0,0.5,0.25,0.25,0.25,A,ہاں، جا سکتے ہو، مگر وقت کا خیال رکھنا۔
183,Urdu,Asking for Permission,بیٹی,والدہ,High,Informal,Affectionate request,Positive,امی، کیا میں اپنی دوست کے گھر جا سکتی ہوں؟,آپ اپنی دوست سے ملنے جانا چاہتی ہیں اور والدہ سے اجازت مانگ رہی ہیں۔,1.0,0.0,0.5,0.125,0.4688,0.25,A,ہاں، مگر زیادہ دیر مت کرنا اور پہنچ کر مجھے بتا دینا۔۔
184,Urdu,Asking for Permission,ملازم,افسر,Medium,Formal,Professional request,Neutral,سر، ایک ضروری کام ہے، کیا میں آج تھوڑا جلدی جا سکتا ہوں؟,آپ کو ذاتی کام کی وجہ سے دفتر سے معمول سے پہلے نکلنے کی ضرورت ہے، اس لیے آپ اپنے افسر سے اجازت مانگ رہے ہیں۔,0.9375,0.0,0.5,0.125,0.5,0.125,A,ٹھیک ہے، لیکن ضروری کام نمٹا کر جائیے گا۔
185,Urdu,Asking for Permission,دوست,دوست,Low,Informal,Casual request,Positive,یار، ذرا اپنی بائیک دے دو، ایک کام سے جانا ہے۔,آپ اپنے دوست سے مختصر وقت کے لیے اس کی بائیک مانگ رہے ہیں۔,1.0,0.0,0.5,0.0,0.4688,0.125,A,ہاں یار، لے جاؤ، کوئی مسئلہ نہیں۔
186,Urdu,Asking for Permission,دوست,دوست,Low,Informal,Hesitant request,Neutral,یار، ایک بات پوچھوں، برا تو نہیں نہ مانو گے؟,آپ ایک ذاتی نوعیت کی بات چھیڑنے سے پہلے اپنے دوست کی رضامندی جانچ رہے ہیں۔,1.0,0.0,0.5,0.0,0.5,0.0,A,ارے نہیں یار، پوچھو جو پوچھنا چاہتے ہو۔
187,Urdu,Asking for Permission,طالب علم,استاد,High,Formal,Careful request,Neutral,سر، اگر اجازت ہو تو میں اپنی فائل ابھی جمع کرا دوں؟,کلاس کے بعد آپ استاد سے فائل جمع کرانے کی اجازت طلب کر رہے ہیں۔,1.0,0.0,0.5,0.0,0.5,0.0,A,جی، اگر آپ کام مکمل کر چکے ہیں تو ابھی فائل جمع کرا سکتے ہیں۔
188,Urdu,Asking for Permission,داماد,سسر,High,Formal,Respect-based request,Positive,ابا جی، اگر آپ مصروف نہ ہوں تو آپ سے ایک بات کرنی تھی۔,آپ اپنے سسر سے بات کرنے کی اجازت طلب کر رہے ہیں۔,1.0,0.0,0.5,0.125,0.25,0.25,A,جی بیٹا، کہو میں سن رہا ہوں۔
189,Urdu,Asking for Permission,بہو,ساس,High,Formal,Household permission,Neutral,امی جان، اگر آپ کو کوئی اور کام نہیں تو میں تھوڑی دیر آرام کر لوں؟,گھریلو کام مکمل کرنے کے بعد آپ اپنی ساس سے آرام کرنے کی اجازت مانگ رہی ہیں۔,1.0,0.0,0.5,0.125,0.25,0.25,A,ہاں بیٹا، ضرور، تم نے کافی کام کر لیا ہے اب کوئی کام نہیں، تم جا سکتی ہو۔
190,Urdu,Asking for Permission,جونیئر,سینئر,Medium,Formal,Hierarchical request,Negative,سر، کیا میں یہ فائل لے آؤں؟,آپ دفتر میں ایک ضروری کام کے سلسلے میں سینئر سے ہدایت حاصل کرنا چاہتے ہیں۔,0.9375,0.0,0.5,0.0,0.5,0.125,A,فی الحال نہیں، میں آپ کو بتا دوں گا کب لانی ہے۔
191,Urdu,Asking for Permission,دوست,دوست,Low,Informal,Pushy request,Negative,یار، میں تمہارا فون لے رہا ہوں، ٹھیک ہے؟,آپ کا دوست اجازت لینے کے بجائے تقریباً فیصلہ سنا رہا ہے اور صرف رسمی منظوری مانگ رہا ہے۔,0.9688,0.0,0.4375,0.125,0.25,0.25,A,ٹھیک ہے یار، لیکن جلد واپس کر دینا۔
192,Urdu,Asking for Permission,بیٹا,والد,High,Formal,Repeated request,Negative,ابو، پلیز، ایک بار جانے دیں۔,آپ پہلے بھی باہر جانے کی اجازت مانگ چکے ہیں اور والد کے انکار کے باوجود دوبارہ اصرار کر رہے ہیں۔,0.9375,0.0,0.5,0.125,0.5,0.0,A,اچھا، اگر اتنا ضروری ہے تو چلے جاؤ، لیکن جلد واپس آ جانا۔
193,Urdu,Asking for Permission,طالب علم,استاد,High,Formal,Late request,Negative,سر، مجھے ایک ضروری کام ہے، کیا میں آج تھوڑا پہلے جا سکتا ہوں؟,کلاس کے دوران آپ استاد سے وقت سے پہلے رخصت ہونے کی اجازت طلب کر رہے ہیں۔,1.0,0.0,0.25,0.25,0.25,0.25,A,لیکچر ختم ہونے میں زیادہ وقت نہیں، بہتر ہے انتظار کر لو۔
194,Urdu,Asking for Permission,کزن,کزن,Low,Informal,Friendly ask,Positive,یار، اگر مسئلہ نہ ہو تو میں بھی ساتھ چلوں؟,آپ اپنے کزن سے ساتھ جانے کی اجازت دوستانہ انداز میں مانگ رہے ہیں۔,1.0,0.0,0.25,0.25,0.25,0.25,A,ارے، کوئی مسئلہ نہیں، چلو ساتھ چلتے ہیں۔
195,Urdu,Asking for Permission,نوجوان,بزرگ رشتہ دار,High,Formal,Authoritative control,Negative,کیا میں دوستوں کے ساتھ باہر جا سکتا ہوں؟,آپ گھر سے باہر جانے سے پہلے اپنے بزرگ رشتہ دار سے اجازت طلب کررہے ہیں۔,0.9375,0.0,0.5,0.0,0.5,0.125,A,ابھی نہیں، پہلے اپنا کام مکمل کرو، پھر جا سکتے ہو۔
196,Urdu,Asking for Permission,طالب علم,استاد,High,Formal,Respectful request,Positive,سر، اگر اجازت ہو تو کیا میں چند منٹ پہلے کلاس سے جا سکتا ہوں؟,آپ کو یونیورسٹی کی انتظامیہ کے دفتر میں ایک ضروری دستاویز جمع کروانی ہے، جس کا وقت آپ کی کلاس کے دوران ختم ہو جائے گا۔ اس لیے آپ اپنے استاد سے چند منٹ کے لیے کلاس سے باہر جانے کی اجازت لینا چاہتے ہیں۔,1.0,0.0,0.5,0.125,0.25,0.25,A,جی، اگر معاملہ واقعی ضروری ہے تو آپ جا سکتے ہیں۔ آئندہ کوشش کیجیے گا کہ ایسے کام کلاس کے اوقات سے پہلے یا بعد میں نمٹا لیے جائیں۔
197,Urdu,Asking for Permission,جونیئر ساتھی,سینئر ساتھی,Medium,Formal,Respectful request,Positive,سر، اگر اجازت ہو تو مجھے آج ایک گھنٹہ پہلے دفتر سے نکلنا ہوگا۔,آپ کو بینک میں ایک ضروری دستاویز جمع کروانی ہے، جس کا مقررہ وقت دفتر کے اوقات ختم ہونے سے پہلے ہے۔ اس لیے آپ اپنے سینئر ساتھی سے اجازت لینا چاہتے ہیں۔,1.0,0.0,0.5,0.125,0.5,0.25,A,ٹھیک ہے، اگر آپ نے اپنا ضروری کام مکمل کر لیا ہے تو آپ جا سکتے ہیں۔
198,Urdu,Asking for Permission,کزن,کزن,Low,Informal,Polite request,Positive,اگر تمہیں کوئی مسئلہ نہ ہو تو کیا میں کچھ دیر کے لیے تمہارا لیپ ٹاپ استعمال کر سکتا ہوں؟,آپ کو ایک ضروری رپورٹ میں ترمیم کر کے آج ہی جمع کروانی ہے، لیکن آپ کا اپنا لیپ ٹاپ خراب ہو گیا ہے۔ اس لیے آپ اپنے کزن سے کچھ دیر کے لیے اس کا لیپ ٹاپ استعمال کرنے کی اجازت لینا چاہتے ہیں۔,1.0,0.0,0.25,0.25,0.25,0.25,A,ضرور یار، کام ہو جائے تو واپس کر دینا، امید ہے تمہاری رپورٹ وقت پر مکمل ہو جائے گی۔
199,Urdu,Accepting & Rejecting Compliments,دوست,دوست,Low,Informal,Modest acceptance,Positive,یار، تم نے کمال کام کیا ہے۔,آپ کا دوست آپ کی کامیابی پر تعریف اور حوصلہ افزائی کر رہا ہے۔,1.0,0.0,0.25,0.25,0.25,0.25,A,شکریہ یار، بس تمہاری دعاؤں کا نتیجہ ہے، کوشش جاری ہے۔
200,Urdu,Accepting & Rejecting Compliments,دوست,دوست,Low,Informal,Playful rejection,Neutral,یار، آج تو بڑے ہی سمارٹ لگ رہے ہو۔,آپ کا دوست ہلکے پھلکے انداز میں آپ کی تعریف کر رہا ہے۔,1.0,0.0,0.25,0.25,0.25,0.25,A,ارے چھوڑ یار، اتنی بھی تعریف نہ کرو۔
201,Urdu,Accepting & Rejecting Compliments,استاد,طالب علم,Medium,Formal,Respectful deflection,Positive,تمہاری پریزنٹیشن بہت اچھی تھی۔,استاد کلاس میں آپ کی کارکردگی کو سراہ رہے ہیں۔,1.0,0.0,0.25,0.25,0.25,0.25,A,بہت شکریہ سر، ابھی بھی بہت کچھ سیکھنا باقی ہے۔
202,Urdu,Accepting & Rejecting Compliments,والد,بیٹا,High,Formal,Grateful acceptance,Positive,آج تم نے بہت اچھا کام کیا ہے۔,والد آپ کی محنت اور ذمہ داری کی تعریف کر رہے ہیں۔,1.0,0.0,0.25,0.25,0.25,0.25,A,بہت شکریہ ابو، آپ کی دعاوں کا نتیجہ ہے۔
203,Urdu,Accepting & Rejecting Compliments,والدہ,بیٹی,High,Informal,Affectionate acceptance,Positive,آج تو کھانے کا ذائقہ ہی الگ تھا۔,والدہ آپ کی کھانا پکانے کی تعریف کر رہی ہیں۔,1.0,0.0,0.1875,0.25,0.1875,0.25,A,شکریہ امی، آپ کو پسند آیا تو میری محنت وصول ہو گئی۔
204,Urdu,Accepting & Rejecting Compliments,کزن,کزن,Low,Informal,Light rejection,Neutral,آج تو بڑے اسٹائل میں لگ رہے ہو۔,کزن مذاق اور محبت بھرے انداز میں تعریف کر رہا ہے۔,1.0,0.0,0.4688,0.25,0.5,0.25,A,ہاہا، تم بھی نا، بڑھا چڑھا کر بات کرتے ہو۔
205,Urdu,Accepting & Rejecting Compliments,دوست,دوست,Low,Informal,Over-acceptance,Negative,یار، تم نے تو کمال کر دیا۔,آپ کا دوست آپ کی کسی کامیابی پر مبالغہ آمیز تعریف کر رہا ہے۔,1.0,0.0,0.25,0.25,0.25,0.25,A,پتا ہے یار، میں نے کافی محنت کی تھی۔
206,Urdu,Accepting & Rejecting Compliments,سینئر,جونیئر,High,Formal,Measured acceptance,Neutral,یہ رپورٹ تم نے کافی اچھی تیار کی ہے۔,سینئر ایک دفتری رپورٹ کا جائزہ لینے کے بعد آپ کی کارکردگی کی تعریف کر رہا ہے۔,1.0,0.0,0.25,0.25,0.1875,0.25,A,شکریہ، خوشی ہے کہ رپورٹ آپ کی توقعات پر پوری اتری۔
207,Urdu,Accepting & Rejecting Compliments,بزرگ رشتہ دار,نوجوان,High,Formal,Humble rejection,Positive,تم تو کافی سمجھدار ہو گئے ہو۔,ایک خاندانی گفتگو میں بزرگ رشتہ دار نوجوان کی تعریف کر رہا ہے۔,1.0,0.0,0.25,0.25,0.25,0.25,A,بہت شکریہ، لیکن ابھی مجھ سے بھی غلطیاں ہو جاتی ہیں۔
208,Urdu,Accepting & Rejecting Compliments,دوست,دوست,Low,Informal,Teasing response,Neutral,یار، آج تو بڑے اسٹائلش لگ رہے ہو۔,دوست مذاق اور تعریف کے ملے جلے انداز میں بات کر رہا ہے۔,1.0,0.0,0.25,0.25,0.5,0.0,A,ہاہا، زیادہ مکھن نہ لگاؤ۔
209,Urdu,Accepting & Rejecting Compliments,استاد,طالب علم,Medium,Formal,Corrective humility,Neutral,تم نے آج بہت اچھا جواب دیا۔,کلاس کے دوران استاد آپ کے جواب کی تعریف کر رہے ہیں۔,1.0,0.0,0.25,0.25,0.25,0.25,A,شکریہ سر، ابھی بہت کچھ سیکھنا باقی ہے۔
210,Urdu,Accepting & Rejecting Compliments,دوست,دوست,Low,Informal,Defensive rejection,Negative,یار، تم تو بہت ذہین ہو۔,دوست آپ کی تعریف کر رہا ہے لیکن آپ تعریف کو قبول کرنے کے بجائے رد کر رہے ہیں۔,1.0,0.0,0.5,0.125,0.5,0.125,A,نہیں یار، تم بس بلاوجہ میری تعریف کرتے رہتے ہو۔
211,Urdu,Accepting & Rejecting Compliments,والد,بیٹا,High,Formal,Expectation setting,Negative,اچھے نمبر آئے ہیں، اب یہی معیار برقرار رکھنا۔,والد آپ کی کامیابی کو سراہتے ہوئے اس سے مستقبل میں بھی اچھی کارکردگی کی توقع کر رہے ہیں۔,1.0,0.0,0.25,0.25,0.25,0.25,A,جی ابو، میں پوری کوشش کروں گا۔
212,Urdu,Accepting & Rejecting Compliments,کزن,کزن,Low,Informal,Defensive Rejection,Negative,یار، آج تو تم محفل کی جان بنے ہوئے تھے۔,ایک خاندانی تقریب کے بعد کزن آپ کی تعریف کر رہا ہے۔,0.9375,0.0,0.25,0.25,0.25,0.25,A,چھوڑو یار، ایسی کوئی خاص بات نہیں تھی۔
213,Urdu,Accepting & Rejecting Compliments,ساتھی,ساتھی,Medium,Formal,Defensive Professional response,Negative,آج کی پریزنٹیشن کافی متاثر کن تھی۔,ایک ساتھی میٹنگ کے بعد آپ کی پریزنٹیشن کی تعریف کر رہا ہے، لیکن آپ اس تعریف کو پوری طرح قبول نہیں کر رہے۔,0.9375,0.0,0.25,0.25,0.25,0.25,A,شاید آپ ضرورت سے زیادہ تعریف کر رہے ہیں، ابھی کافی خامیاں باقی ہیں۔
214,Urdu,Accepting & Rejecting Compliments,استاد,طالب علم,High,Formal,Humble acceptance,Positive,آپ کی کارکردگی واقعی قابلِ تعریف ہے، اسی لگن کو آئندہ بھی برقرار رکھیے۔,آپ نے حال ہی میں ایک تحقیقی منصوبہ کامیابی سے مکمل کیا ہے، جس میں آپ نے بھرپور محنت اور ذمہ داری کا مظاہرہ کیا۔,1.0,0.0,0.25,0.25,0.25,0.25,A,بہت شکریہ سر، یہ آپ کی حوصلہ افزائی اور رہنمائی کا نتیجہ ہے۔ میں آئندہ بھی پوری محنت کے ساتھ بہتر کارکردگی دکھانے کی کوشش کروں گا۔
215,Urdu,Accepting & Rejecting Compliments,سینئر ساتھی,جونیئر ساتھی,Medium,Formal,Grateful acceptance,Positive,آپ کی تیاری اور محنت واضح نظر آ رہی تھی، واقعی بہت اچھا کام کیا۔,آپ نے حال ہی میں ایک اہم پریزنٹیشن کامیابی سے پیش کی ہے، جسے دفتر میں سب نے پسند کیا۔ آپ کے سینئر ساتھی آپ کی کارکردگی کو سراہتے ہوئے آپ کی حوصلہ افزائی کرنا چاہتے ہیں۔,1.0,0.0,0.25,0.25,0.25,0.25,A,بہت شکریہ! آپ کی حوصلہ افزائی میرے لیے بہت اہم ہے۔
216,Urdu,Accepting & Rejecting Compliments,قریبی دوست,قریبی دوست,Low,Informal,Humorous acceptance,Positive,یار، یہ تصویر تم نے کھینچی ہے یا کسی پروفیشنل فوٹوگرافر کو چھپ کر نوکری پر رکھا ہوا ہے؟,آپ نے حال ہی میں ایک خوبصورت تصویر کھینچی ہے، جسے دیکھ کر آپ کا قریبی دوست بہت متاثر ہوا ہے۔ وہ آپ کی صلاحیت کی تعریف کرنا چاہتا ہے۔,1.0,0.0,0.5,0.0,0.5,0.0,A,ہاہا، شکریہ! اب تو لگ رہا ہے مفت کا فوٹوگرافر بننا پڑے گا۔
217,Urdu,Apologies for Mistakes,استاد,طالب علم,Medium,Formal,Respectful apology,Positive,تم نے اسائنمنٹ وقت پر جمع نہیں کرائی۔,استاد آپ کی اسائنمنٹ دیر سے جمع ہونے کی نشاندہی کر رہے ہیں۔,1.0,0.0,0.25,0.25,0.25,0.25,A,معذرت سر، مجھ سے تاخیر ہو گئی، آئندہ وقت پر جمع کرانے کی پوری کوشش کروں گا۔
218,Urdu,Apologies for Mistakes,افسر,ملازم,High,Formal,Professional apology,Neutral,رپورٹ میں ایک اہم غلطی رہ گئی ہے۔,افسر آپ کی تیار کردہ رپورٹ میں موجود غلطی کی نشاندہی کر رہا ہے۔,1.0,0.0,0.25,0.25,0.25,0.25,A,معاف کیجیے گا سر، میں رپورٹ دوبارہ چیک کرکے فوری طور پر درست کر دیتا ہوں۔
219,Urdu,Apologies for Mistakes,والد,بیٹا,High,Formal,Obedient apology,Positive,میں نے تمہیں پہلے ہی سمجھایا تھا۔,والد آپ کی ایک غلطی پر ناراضی کا اظہار کر رہے ہیں۔,1.0,0.0,0.25,0.25,0.25,0.375,A,معذرت ابو، مجھے آپ کی بات مان لینی چاہیے تھی، آئندہ ایسا نہیں ہوگا۔
220,Urdu,Apologies for Mistakes,والدہ,بیٹی,High,Informal,Affectionate apology,Positive,میں تمہارا کب سے انتظار کر رہی تھی۔,والدہ آپ کے دیر سے گھر پہنچنے پر اپنی پریشانی کا اظہار کر رہی ہیں۔,1.0,0.0,0.25,0.25,0.25,0.375,A,معاف کر دیں امی، مجھے آنے میں دیر ہو گئی، آئندہ وقت کا زیادہ خیال رکھوں گی۔
221,Urdu,Apologies for Mistakes,دوست,دوست,Low,Informal,Casual apology,Neutral,یار، تم میرا کام کرنا بھول گئے تھے۔,آپ کا دوست اس کام کا ذکر کر رہا ہے جو آپ اس کے لیے کرنا بھول گئے تھے۔,1.0,0.0,0.25,0.25,0.5,0.125,A,سوری یار، یہ واقعی میری غلطی تھی، آئندہ یاد رکھوں گا۔
222,Urdu,Apologies for Mistakes,دوست,دوست,Low,Informal,Defensive apology,Negative,یار، تمہاری وجہ سے مجھے کافی دیر انتظار کرنا پڑا۔,آپ کا دوست تاخیر کی وجہ سے اپنی ناراضی کا اظہار کر رہا ہے۔,1.0,0.0,0.5,0.125,0.5,0.0,A,معاف کرنا یار، میری وجہ سے دیر ہوئی، لیکن راستے میں بہت ٹریفک تھی۔
223,Urdu,Apologies for Mistakes,جونیئر,سینئر,Medium,Formal,Authoritative apology,Negative,آپ نے سب کے سامنے مجھ سے بہت سخت لہجے میں بات کی تھی۔,آپ اپنے سینئر کے سخت رویے پر ناراضی کا اظہار کر رہے ہیں۔,1.0,0.0,0.5,0.125,0.4688,0.25,A,اگر میری بات سے آپ کو برا لگا ہو تو میں معذرت چاہتا ہوں، میرا مقصد صرف کام کی نشاندہی کرنا تھا۔
224,Urdu,Apologies for Mistakes,سینئر,جونیئر,High,Formal,Deferential apology,Positive,آپ نے یہ کام ہدایات کے مطابق مکمل نہیں کیا۔,سینئر آپ کے کام میں موجود خامی کی طرف توجہ دلا رہا ہے۔,1.0,0.0,0.5,0.0,0.5,0.0,A,معذرت سر، مجھ سے غلطی ہو گئی، میں اسے فوراً درست کر دیتا ہوں۔
225,Urdu,Apologies for Mistakes,ساتھی,ساتھی,Medium,Formal,Professional regret,Neutral,فائل غلط فولڈر میں بھیج دی گئی تھی، جس کی وجہ سے تاخیر ہوئی۔,آپ کا ساتھی فائل کی غلط جگہ منتقلی کی وجہ سے پیدا ہونے والے مسئلے کی نشاندہی کر رہا ہے۔,1.0,0.0,0.25,0.25,0.25,0.25,A,معذرت، یہ غلطی مجھ سے ہوئی تھی، میں آئندہ زیادہ احتیاط کروں گا۔
226,Urdu,Apologies for Mistakes,کزن,کزن,Low,Informal,Friendly apology,Positive,یار، مجھے کافی دیر تمہارا انتظار کرنا پڑا۔,آپ کا کزن آپ کے دیر سے پہنچنے کا ذکر کر رہا ہے۔,1.0,0.0,0.5,0.125,0.5,0.125,A,معاف کرنا یار، راستے میں کچھ دیر ہو گئی، تمہیں انتظار کروانا نہیں چاہتا تھا۔
227,Urdu,Apologies for Mistakes,استاد,طالب علم,Medium,Formal,Corrective apology,Neutral,تم آج کلاس میں دیر سے آئے ہو۔,استاد آپ کے دیر سے آنے کی نشاندہی کر رہے ہیں۔,1.0,0.0,0.25,0.25,0.25,0.25,A,میں معذرت چاہتا ہوں، آئندہ وقت کا خیال رکھوں گا۔
228,Urdu,Apologies for Mistakes,والد,بیٹا,High,Formal,Harsh correction,Negative,میں نے تمہیں پہلے ہی منع کیا تھا۔,والد آپ کو کسی ایسی حرکت پر ڈانٹ رہے ہیں جس سے انہوں نے پہلے منع کیا تھا۔,1.0,0.0,0.25,0.25,0.25,0.25,A,معاف کر دیں ابو، مجھ سے غلطی ہو گئی، آئندہ ایسا نہیں ہوگا۔
229,Urdu,Apologies for Mistakes,دوست,دوست,Low,Informal,Defensive Apology,Negative,تم نے میرے میسج کا جواب اتنی دیر سے دیا۔,آپ کا دوست آپ سے پیغام کا دیر سے جواب دینے پر ناراضی کا اظہار کر رہا ہے۔,0.9375,0.0,0.5,0.125,0.25,0.25,A,معذرت، مگر میں بھی اپنے کاموں میں مصروف تھا۔
230,Urdu,Apologies for Mistakes,بزرگ رشتہ دار,نوجوان,High,Formal,Respectful regret,Neutral,تمہیں بات کرنے کا طریقہ نہیں ہے کہ بڑوں سے کیسے بات کرتے ہیں۔,ایک بزرگ رشتہ دار آپ کے رویے پر ناراضی کا اظہار کر رہا ہے اور آپ کے اندازِ گفتگو کی نشاندہی کر رہا ہے۔,1.0,0.0,0.25,0.25,0.25,0.25,A,معاف کیجیے، اگر میری بات سے بے ادبی محسوس ہوئی ہو، آئندہ خیال رکھوں گا۔
231,Urdu,Apologies for Mistakes,ساتھی,ساتھی,Medium,Formal,Minimal apology,Negative,آپ کی اس غلطی کی وجہ سے کام میں تاخیر ہوئی ہے۔,آپ کا ساتھی کام میں ہونے والی ایک معمولی لیکن اثر انداز غلطی کی نشاندہی کر رہا ہے۔,1.0,0.0,0.25,0.25,0.25,0.25,A,معذرت، آئندہ خیال رکھوں گا۔
232,Urdu,Apologies for Mistakes,افسر,ملازم,Medium,Formal,Sincere apology,Neutral,رپورٹ وقت پر مکمل نہ ہونے سے ہماری پیشہ ورانہ ساکھ متاثر ہوئی ہے۔ مجھے امید ہے آپ اس تاخیر کی وجہ واضح کریں گے۔,آپ کو ایک اہم کلائنٹ کے لیے رپورٹ مقررہ وقت تک مکمل کرنی تھی، لیکن وہ وقت پر جمع نہیں ہو سکی۔,1.0,0.0,0.25,0.25,0.25,0.25,A,سر، اس غلطی پر میں دل سے معذرت خواہ ہوں۔ یہ میری کوتاہی تھی، اور آئندہ میں ایسی غلطی دوبارہ نہیں ہونے دوں گا۔
233,Urdu,Apologies for Mistakes,والد,بیٹا,High,Formal,Sincere apology,Negative,بیٹا، میں نے تم سے کہا تھا کہ بل آخری تاریخ سے پہلے جمع کرا دینا۔,آپ کو گھر کے ایک ضروری بل کی آخری تاریخ سے پہلے ادائیگی کرنے کی ذمہ داری دی گئی تھی، لیکن آپ یہ کام وقت پر نہیں کر سکے۔,1.0,0.0,0.25,0.25,0.25,0.25,A,ابو، معذرت چاہتا ہوں، میرا دھیان نہیں رہا۔ آئندہ میں ضرور اس بات کا خیال رکھوں گا۔
234,Urdu,Apologies for Mistakes,بڑی بہن,چھوٹی بہن,Low,Informal,Sincere apology,Negative,مجھے میری وہ چیز نہیں مل رہی جو میں نے تمہیں سنبھال کر رکھنے کے لیے دی تھی۔,آپ کو آپ کی بڑی بہن نے ایک ضروری چیز سنبھال کر رکھنے کے لیے دی تھی، لیکن وہ غلطی سے آپ سے گم ہو گئی۔,0.7812,0.0,0.25,0.25,0.5,0.125,A,آپی، سوری! مجھ سے واقعی غلطی ہو گئی۔ شاید میں نے کہیں رکھ کر بھول گئی، ابھی ڈھونڈتی ہوں۔
235,Urdu,Health Enquiry,دوست,دوست,Low,Informal,Caring enquiry,Positive,یار، طبیعت اب کیسی ہے؟ سنا تھا تم بیمار تھے۔,آپ بیماری کے بعد اپنے دوست کی خیریت دریافت کر رہے ہیں۔,1.0,0.0,0.5,0.0,0.5,0.0,A,الحمدللہ، اب پہلے سے کافی بہتر ہوں، تمہاری فکر کا شکریہ۔
236,Urdu,Health Enquiry,دوست,دوست,Low,Informal,Casual check,Neutral,یار، طبیعت اب ٹھیک ہے نا؟,آپ اپنے دوست کی خیریت دریافت کر رہے ہیں جو حال ہی میں طبیعت خراب ہونے کی وجہ سے پریشان تھا۔,1.0,0.0,0.5,0.0,0.5,0.0,A,ہاں یار، اب کافی بہتر ہوں، بس تھوڑی کمزوری ہے۔
237,Urdu,Health Enquiry,والد,بیٹا,High,Formal,Concerned enquiry,Positive,بیٹا، اب طبیعت کیسی ہے؟ میں تمہارے بارے میں فکر مند تھا۔,والد آپ کی بیماری کے بعد آپ کی خیریت دریافت کر رہے ہیں۔,1.0,0.0,0.5,0.125,0.25,0.25,A,جی ابو، اللہ کا شکر ہے، اب کافی بہتر ہوں، آپ کی فکر کا شکریہ۔
238,Urdu,Health Enquiry,والدہ,بیٹی,High,Informal,Maternal concern,Positive,بیٹا، اب طبیعت ٹھیک ہے نا؟ میں تمہارے لیے پریشان تھی۔,والدہ بیماری کے بعد آپ کی خیریت دریافت کر رہی ہیں۔,1.0,0.0,0.5,0.0,0.5,0.25,A,جی امی، اب کافی بہتر ہوں، آپ فکر نہ کریں ۔
239,Urdu,Health Enquiry,بزرگ رشتہ دار,نوجوان,High,Formal,Respectful enquiry,Positive,بیٹا، اب صحت کیسی ہے؟ سب خیریت تو ہے؟,ایک بزرگ رشتہ دار آپ کی صحت کے بارے میں فکر مندی سے پوچھ رہے ہیں۔,1.0,0.0,0.5,0.0,0.5,0.125,A,جی الحمدللہ، سب خیریت ہے، آپ کی دعاؤں کا بہت شکریہ۔
240,Urdu,Health Enquiry,پڑوسی,پڑوسی,Medium,Formal,Polite enquiry,Neutral,سنا ہے آپ کی طبیعت کچھ دنوں سے خراب تھی، اب کیسی ہے؟,ایک پڑوسی آپ کی خیریت دریافت کر رہا ہے کیونکہ وہ آپ کی بیماری کے بارے میں سن چکا ہے۔,1.0,0.0,0.5,0.125,0.5,0.125,A,جی، اب کافی بہتر ہوں، پوچھنے کا شکریہ۔
241,Urdu,Health Enquiry,استاد,طالب علم,Medium,Formal,Professional concern,Neutral,کیا اب طبیعت سنبھل گئی ہے؟,استاد بیماری کی وجہ سے غیر حاضری پر آپ کی خیریت دریافت کر رہے ہیں۔,0.9375,0.0,0.4375,0.125,0.4375,0.125,A,جی سر، اللہ کا شکر ہے، اب طبیعت کافی بہتر ہے۔
242,Urdu,Health Enquiry,دوست,دوست,Low,Informal,Teasing enquiry,Negative,ابھی بھی ڈرامہ چل رہا ہے یا واقعی طبیعت خراب ہے؟,دوست مذاق اور شکوک بھرے انداز میں آپ کی بیماری کے بارے میں پوچھ رہا ہے۔,0.9375,0.0,0.5,0.25,0.5,0.125,A,یار، واقعی طبیعت خراب تھی، ہر چیز کو مذاق مت سمجھا کرو۔
243,Urdu,Health Enquiry,سینئر,جونیئر,High,Formal,Duty-focused enquiry,Neutral,اب طبیعت بہتر ہے؟ کیا آپ معمول کے مطابق کام کر سکیں گے؟,سینئر بیماری کے بعد آپ کی صحت اور کام کی صلاحیت کے بارے میں پوچھ رہا ہے۔,0.9375,0.0,0.5,0.125,0.4375,0.125,A,جی سر، اب کافی بہتر ہوں اور معمول کے مطابق کام کر سکتا ہوں۔
244,Urdu,Health Enquiry,ساس,بہو,High,Formal,Household concern,Positive,بیٹا، اب کمزوری تو نہیں؟,ساس بیماری کے بعد  آپ کی کی خیریت دریافت کر رہی ہیں۔,1.0,0.0,0.25,0.25,0.25,0.25,A,جی امی جان، اب کافی بہتر ہوں، آپ کی دعاؤں اور فکر کا شکریہ۔
245,Urdu,Health Enquiry,دوست,دوست,Low,Informal,Dismissive enquiry,Negative,اب بھی طبیعت کا بہانہ چل رہا ہے؟,آپ کا دوست آپ کی بیماری کو سنجیدگی سے نہیں لے رہا اور طنزیہ انداز میں بات کر رہا ہے۔,0.9375,0.0,0.4688,0.25,0.4688,0.25,A,یار، واقعی طبیعت خراب تھی، ہر بات کو مذاق مت سمجھا کرو۔
246,Urdu,Health Enquiry,بزرگ,نوجوان,High,Formal,Advisory concern,Neutral,بیٹا، دوائی وقت پر لے رہے ہو نا؟ لاپرواہی مت کرنا۔,ایک بزرگ آپ کی صحت یابی کے بارے میں فکر مندی کا اظہار کرتے ہوئے دوائی باقاعدگی سے لینے کی تلقین کر رہے ہیں۔,0.9375,0.0,0.25,0.25,0.25,0.25,A,جی، میں دوائی وقت پر لے رہا ہوں، آپ کی نصیحت کا شکریہ۔
247,Urdu,Health Enquiry,ساتھی,ساتھی,Medium,Formal,Professional check-in,Negative,طبیعت کی وجہ سے کام متاثر تو نہیں ہوا؟,ایک ساتھی آپ کی بیماری کے اثرات کے بارے میں پوچھ رہا ہے۔,1.0,0.0,0.5,0.125,0.5,0.0,A,کام مکمل ہو گیا تھا، اتنی بھی طبیعت خراب نہیں تھی جتنا سمجھا جا رہا ہے۔
248,Urdu,Health Enquiry,کزن,کزن,Low,Informal,Friendly concern,Negative,اب کیسا محسوس کر رہے ہو؟,آپ کا کزن بیماری کے بعد آپ کی خیریت دریافت کر رہا ہے۔,0.9688,0.0,0.5,0.0,0.5,0.0,A,طبیعت تو بہتر ہے، لیکن بیماری نے کافی پریشان کر دیا تھا۔
249,Urdu,Health Enquiry,دوست,دوست,Low,Informal,Impatient enquiry,Negative,آخر کب تک بیمار رہنے کا ارادہ ہے؟,دوست بے صبری اور ہلکے طنزیہ انداز میں آپ کی صحت کے بارے میں پوچھ رہا ہے۔,1.0,0.0,0.25,0.25,0.5,0.125,A,ہاں یار، اب بہتر ہوں، لیکن اتنی جلدی بھی سب کچھ ٹھیک نہیں ہوتا۔
250,Urdu,Health Enquiry,دادی,پوتی,High,Formal,Caring reassurance,Positive,بیٹا، سنا ہے تمہاری طبیعت ٹھیک نہیں تھی۔ اب کیسی ہو؟,آپ گزشتہ چند دنوں سے طبیعت کی خرابی کی وجہ سے آرام کر رہی ہیں۔,1.0,0.0,0.5,0.125,0.5,0.125,A,جی دادی، اب پہلے سے بہتر ہوں۔ میری فکر کرنے کا بہت شکریہ۔
251,Urdu,Health Enquiry,خالہ,بھانجی,Medium,Formal,Caring response,Positive,اور سناؤ بیٹا، اب طبیعت بہتر ہوئی یا نہیں؟,آپ کی طبیعت گزشتہ چند دنوں سے ٹھیک نہیں ہے۔ آپ کی خالہ آپ کی خیریت دریافت کرنا چاہتی ہیں۔,1.0,0.0,0.5,0.125,0.25,0.25,A,الحمدللہ خالہ، اب کافی بہتر ہوں۔
252,Urdu,Health Enquiry,دوست,دوست,Low,Informal,Caring reassurance,Positive,یار، کئی دنوں سے تم نظر نہیں آئے۔ اب طبیعت کیسی ہے؟,آپ گزشتہ چند دنوں سے طبیعت کی خرابی کی وجہ سے یونیورسٹی نہیں آ سکے۔ آپ کا دوست آپ کی خیریت دریافت کرنے کے لیے آپ سے رابطہ کرنا چاہتا ہے۔,1.0,0.0,0.5,0.0,0.5,0.0,A,اب کافی بہتر ہوں یار، بس تھوڑا آرام کر رہا ہوں۔ ان شاء اللہ جلد یونیورسٹی آ جاؤں گا۔
253,Urdu,Giving Orders & Commands,والد,بیٹا,High,Formal,Authoritative command,Neutral,یہ کام ابھی مکمل کرو۔,والد آپ کو ایک ضروری کام فوراً مکمل کرنے کی ہدایت دے رہے ہیں۔,1.0,0.0,0.25,0.25,0.25,0.25,A,جی ابو، ابھی کر دیتا ہوں۔
254,Urdu,Giving Orders & Commands,والدہ,بیٹی,High,Informal,Household instruction,Positive,کچن صاف کر دو۔,والدہ گھر کے کام کے سلسلے میں آپ کو کچن صاف کرنے کی ہدایت دے رہی ہیں۔,1.0,0.0,0.25,0.25,0.5,0.125,A,جی امی، ابھی کچن صاف کر دیتی ہوں۔
255,Urdu,Giving Orders & Commands,استاد,طالب علم,Medium,Formal,Academic directive,Neutral,یہ سوال بورڈ پر حل کرو۔,استاد کلاس میں آپ کو بورڈ پر سوال حل کرنے کی ہدایت دے رہے ہیں۔,1.0,0.0,0.25,0.25,0.5,0.125,A,جی سر، میں ابھی اس سوال کو حل کرنے کی کوشش کرتا ہوں۔
256,Urdu,Giving Orders & Commands,افسر,ملازم,High,Formal,Professional order,Neutral,یہ رپورٹ آج ہی مکمل کرکے جمع کرائیں۔,افسرآپ کو ایک اہم رپورٹ وقت پر جمع کرانے کی ہدایت دے رہا ہے۔,1.0,0.0,0.5,0.25,0.5,0.25,A,جی سر، میں یہ رپورٹ آج ہی جمع کرا دوں گا۔
257,Urdu,Giving Orders & Commands,دوست,دوست,Low,Informal,Friendly directive,Positive,یار، ذرا وہ فائل مجھے پکڑا دو۔,آپ دونوں ایک ساتھ کام کر رہے ہیں اور آپ کا دوست آپ سے فائل مانگ رہا ہے۔,1.0,0.0,0.5,0.125,0.25,0.25,A,بالکل، میں ابھی دے دیتا ہوں۔
258,Urdu,Giving Orders & Commands,دوست,دوست,Low,Informal,Pushy command,Negative,بس چپ ہو جاؤ اور میری بات سنو۔,آپ کا دوست غصے یا جھنجھلاہٹ میں آپ کو خاموش رہنے کا کہہ رہا ہے۔,0.875,0.0,0.25,0.25,0.25,0.25,A,ٹھیک ہے یار، لیکن آرام سے بھی بات کر سکتے ہو۔
259,Urdu,Giving Orders & Commands,سینئر,جونیئر,High,Formal,Hierarchical command,Neutral,میٹنگ کے نوٹس فوراً بھیج دو۔,سینئر آپ سے میٹنگ کی دستاویزات جلد از جلد شیئر کرنے کا کہہ رہا ہے۔,1.0,0.0,0.25,0.25,0.25,0.25,A,جی سر، میں ابھی نوٹس بھیج دیتا ہوں۔
260,Urdu,Giving Orders & Commands,سینئر,جونیئر,High,Formal,Harsh order,Negative,یہ کام دوبارہ کرنا پڑے گا۔,سینئر کام کے معیار سے مطمئن نہیں ہے اور  آپ کو اسے دوبارہ کرنے کا حکم دے رہا ہے۔,0.9688,0.0,0.25,0.25,0.25,0.25,A,جی سر، میں اسے دوبارہ کر دیتا ہوں۔
261,Urdu,Giving Orders & Commands,چچا,بھتیجا,High,Formal,Family authority,Positive,یہ سامان اندر رکھ دو۔,چچا گھر کے کام میں آپ سے مدد لے رہے ہیں۔,1.0,0.0,0.5,0.125,0.25,0.25,A,جی چچا جان، میں ابھی یہ سامان اندر رکھ دیتا ہوں۔
262,Urdu,Giving Orders & Commands,ساس,بہو,High,Formal,Household control,Neutral,آج کھانا وقت پر تیار ہونا چاہیے۔,ساس گھر کے کام کاج کے حوالے سے آپ کو ہدایت دے رہی ہیں۔,1.0,0.0,0.25,0.25,0.25,0.25,A,جی امی جان، کھانا وقت پر تیار ہو جائے گا۔
263,Urdu,Giving Orders & Commands,بزرگ,نوجوان,High,Formal,Community instruction,Positive,دروازہ بند کر دو۔,ایک بزرگ آپ کو ایک معمولی کام انجام دینے کی ہدایت دے رہے ہیں۔,0.9375,0.0,0.5,0.125,0.25,0.25,A,جی، ابھی دروازہ بند کر دیتا ہوں۔
264,Urdu,Giving Orders & Commands,دوست,دوست,Low,Informal,Dismissive order,Negative,خود ہی کر لو، میرے پاس وقت نہیں ہے۔,آپ نے اپنے دوست سے مدد مانگی تھی، لیکن اس نے بے رخی سے جواب دیا۔,0.9375,0.0,0.25,0.25,0.25,0.25,A,ٹھیک ہے یار، کوئی بات نہیں، خود ہی کر لیتا ہوں۔
265,Urdu,Giving Orders & Commands,استاد,طالب علم,Medium,Formal,Strict discipline,Negative,خاموش رہو۔,استاد کلاس میں نظم و ضبط برقرار رکھنے کے لیے ایک طالب علم کو سختی سے خاموش رہنے کا کہہ رہے ہیں۔,1.0,0.0,0.5,0.125,0.5,0.25,A,جی سر، معذرت چاہتا ہوں، آئندہ اس بات کا خیال رکھوں گا۔
266,Urdu,Giving Orders & Commands,ساتھی,ساتھی,Medium,Formal,Task assignment,Positive,آپ یہ حصہ سنبھال لیں۔,ایک ساتھی مشترکہ کام کی تقسیم کرتے ہوئے آپ کو ایک مخصوص حصہ سنبھالنے کی ذمہ داری دے رہا ہے۔,1.0,0.0,0.5,0.25,0.5,0.25,A,ضرور، میں یہ کام سنبھال لیتا ہوں۔
267,Urdu,Giving Orders & Commands,بھائی,بہن,Medium,Informal,Protective instruction,Negative,ابھی باہر مت جاؤ۔,بھائی حفاظت کے پیش نظر آپ کو باہر جانے سے روک رہا ہے۔,0.9375,0.0,0.25,0.25,0.25,0.25,A,اچھا، نہیں جاتی، لیکن مجھے جانا ضروری تھا۔
268,Urdu,Giving Orders & Commands,پرنسپل,استاد,High,Formal,Respectful compliance,Neutral,کل کی تقریب کے تمام انتظامات آپ سنبھالیں گے۔,آپ کے سکول میں کل ایک اہم تقریب منعقد ہونے والی ہے۔ پرنسپل چاہتے ہیں کہ آپ تقریب کے تمام انتظامات کی نگرانی کی ذمہ داری سنبھالیں۔,1.0,0.0,0.25,0.25,0.25,0.25,A,جی سر، ان شاء اللہ میں تمام انتظامات بخوبی سنبھال لوں گا۔
269,Urdu,Giving Orders & Commands,ٹیم لیڈر,ٹیم ممبر,Medium,Formal,Cooperative compliance,Neutral,سب سے پہلے یہ کام ختم کریں۔,آپ کی ٹیم ایک اہم منصوبے پر کام کر رہی ہے جسے جلد مکمل کرنا ہے۔ آپ کے ٹیم لیڈر چاہتے ہیں کہ آپ پہلے ایک ضروری کام مکمل کریں تاکہ باقی کام بروقت ہو سکیں۔,1.0,0.0,0.25,0.25,0.25,0.25,A,جی، میں پہلے یہی کام مکمل کر دیتا ہوں۔
270,Urdu,Giving Orders & Commands,بڑا بھائی,چھوٹا بھائی,Low,Informal,Cooperative compliance,Neutral,ذرا ڈائننگ ٹیبل لگا دو، مہمان آنے والے ہیں۔,پ دونوں گھر پر موجود ہیں اور مہمانوں کی آمد سے پہلے کچھ تیاری باقی ہے۔ آپ کے بڑے بھائی گھر کے کام سمیٹ رہے ہیں۔,1.0,0.0,0.25,0.25,0.25,0.25,A,ٹھیک ہے بھائی، میں ابھی ڈائننگ ٹیبل لگا دیتا ہوں۔
271,Urdu,Expressing Gratitude,دوست,دوست,Low,Informal,Warm thanks,Positive,یار، میں نے آج  تمہارا کام مکمل کر دیا۔,آپ کے دوست نے اپنی مصروفیات کے باوجود آپ کی مدد کے لیے وقت نکالا ہے۔,1.0,0.0,0.5,0.0,0.5,0.0,A,یار، تمہارا دل سے شکریہ، تم نے واقعی میرے لیے بہت وقت نکالا۔
272,Urdu,Expressing Gratitude,دوست,دوست,Low,Informal,Casual thanks,Neutral,میں تمہارے لیے نوٹس لے آیا ہوں۔,آپ کا دوست آپ کی غیر موجودگی میں آپ کے لیے نوٹس لے آیا ہے۔,0.9375,0.0,0.25,0.25,0.25,0.25,A,بہت شکریہ یار، تم نے میری بڑی مدد کر دی۔
273,Urdu,Expressing Gratitude,والد,بیٹا,High,Formal,Respectful gratitude,Positive,میں تمہارے ضروری کاغذات دفتر جا کر جمع کرا آیا ہوں۔,آپ کے والد نے آپ کا ایک ضروری کام مکمل کر دیا ہے۔,1.0,0.0,0.4375,0.25,0.25,0.25,A,بہت شکریہ ابو، آپ نے میری بڑی مشکل آسان کر دی۔
274,Urdu,Expressing Gratitude,والدہ,بیٹی,High,Informal,Affectionate thanks,Positive,بیٹا، میں کل رات تمہارے پاس ہی تھی تاکہ تمہیں کسی چیز کی ضرورت نہ ہو۔,والدہ بیماری کے دوران آپ کی دیکھ بھال کے لیے جاگتی رہی ہیں۔,1.0,0.0,0.25,0.25,0.25,0.25,A,امی، آپ کا بہت شکریہ، آپ نے میرا بہت خیال رکھا۔
275,Urdu,Expressing Gratitude,استاد,طالب علم,Medium,Formal,Humble gratitude,Positive,امید ہے اب تمہیں یہ موضوع اچھی طرح سمجھ آ گیا ہوگا۔,استاد نے آپ کی تعلیمی مدد کے لیے اضافی وقت دیا ہے۔,1.0,0.0,0.5,0.125,0.25,0.25,A,سر، آپ کا بہت شکریہ، آپ کی مدد سے مجھے یہ موضوع اچھی طرح سمجھ آ گیا۔
276,Urdu,Expressing Gratitude,طالب علم,استاد,High,Formal,Formal thanks,Neutral,اگر تمہیں مزید کچھ پوچھنا ہو تو تم میرے دفتر آ سکتے ہو۔,استاد نے آپ کو اضافی رہنمائی اور مشورے دیے ہیں اور مزید مدد کی پیشکش کر رہے ہیں۔,1.0,0.0,0.25,0.25,0.25,0.25,A,سر، آپ کی رہنمائی اور تعاون کا بہت شکریہ۔
277,Urdu,Expressing Gratitude,پڑوسی,پڑوسی,Medium,Formal,Polite thanks,Positive,مجھے خوشی ہے کہ میں وقت پر آپ کی مدد کر سکا۔,آپ کے پڑوسی نے ضرورت کے وقت آپ کی مدد کی ہے۔,0.9375,0.0,0.25,0.25,0.25,0.25,A,آپ کا بہت شکریہ، آپ کی بروقت مدد میرے بہت کام آئی۔
278,Urdu,Expressing Gratitude,دوست,دوست,Low,Informal,Overdone thanks,Negative,یہ لو، میں نے تمہاری اسائنمنٹ کر دی تھی۔,آپ کے دوست نے آپ کی اسائنمنٹ مکمل کر دی کیونکہ آپ گھر کے ایک ضروری کام میں مصروف تھے۔,1.0,0.0,0.25,0.25,0.25,0.25,A,یار، تمہارا بہت شکریہ، ورنہ مجھے اس کی بہت ٹینشن تھی۔
279,Urdu,Expressing Gratitude,سینئر,جونیئر,High,Formal,Acknowledgment,Neutral,آپ نے بہت محنت کی ہے، جو صاف نظر آ رہی ہے۔,سینئر آپ کی کارکردگی اور محنت کو سراہ رہے ہیں۔,0.9375,0.0,0.25,0.25,0.25,0.25,A,شکریہ سر۔ یہ سب آپ کی رہنمائی کا نتیجہ ہے۔
280,Urdu,Expressing Gratitude,بزرگ رشتہ دار,نوجوان,High,Formal,Traditional gratitude,Neutral,میں ہمیشہ تمہاری کامیابی اور بھلائی کے لیے دعا کرتا ہوں۔,ایک بزرگ رشتہ دار محبت اور خیر خواہی کے ساتھ آپ کے لیے دعائیں کرتے ہیں۔,1.0,0.0,0.4375,0.25,0.5,0.125,A,اللہ آپ کو جزائے خیر دے، آپ کی دعائیں میرے لیے بہت قیمتی ہیں۔
281,Urdu,Expressing Gratitude,دوست,دوست,Low,Informal,Teasing thanks,Neutral,یہ لو، میں تمہارے لیے چائے بھی لے آیا ہوں۔,آپ کے دوست نے مذاق اور دوستانہ انداز میں آپ کی ایک چھوٹی سی مدد کی ہے۔,1.0,0.0,0.5,0.0,0.25,0.25,A,واہ جناب، آج تو بڑے مہربان لگ رہے ہیں، شکریہ!
282,Urdu,Expressing Gratitude,دوست,دوست,Low,Informal,Reluctant thanks,Negative,آخرکار تمہارا کام کر ہی آیا ہوں۔,آپ کے دوست نے مدد کی ہے، لیکن کافی تاخیر اور ہچکچاہٹ کے بعد۔,0.875,0.0,0.25,0.25,0.25,0.25,A,ٹھیک ہے یار، شکریہ، لیکن مجھے کافی انتظار کرنا پڑا۔
283,Urdu,Expressing Gratitude,افسر,ملازم,High,Formal,Professional appreciation,Negative,اس بار میں نے آپ کی غلطی کے باوجود معاملہ انتظامیہ تک نہیں جانے دیا۔,آپ سے کام میں ایک سنگین غلطی ہوئی تھی، لیکن افسر نے آپ کو ایک اور موقع دیا اور معاملہ مزید آگے نہیں بڑھایا۔,1.0,0.0,0.5,0.125,0.25,0.25,A,بہت شکریہ سر، میں آپ کے اعتماد اور تعاون کی قدر کرتا ہوں، آئندہ ایسی غلطی نہیں ہوگی۔
284,Urdu,Expressing Gratitude,ساتھی,ساتھی,Medium,Formal,Workplace thanks,Negative,میں نے آپ کا کام بھی مکمل کر دیا تھا۔,آپ طبیعت کی خرابی کی وجہ سے ایک دن دفتر نہیں جا سکے، تو آپ کے ساتھی نے آپ کا کام مکمل کر دیا۔,1.0,0.0,0.25,0.25,0.1875,0.25,A,آپ کا بے حد شکریہ آپ نے واقعی میں میری بہت مدد کی۔
285,Urdu,Expressing Gratitude,بھائی,بہن,Medium,Informal,Familial gratitude,Negative,میں نے گھر کے سارے کام سنبھال لیے تھے تاکہ تم آرام کر سکو۔,آپ کی طبیعت خراب تھی اور آپ کی بہن نے آپ کی ذمہ داریاں سنبھال لیں۔,1.0,0.0,0.25,0.125,0.25,0.25,A,بہت شکریہ، تم نے میری بہت بڑی پریشانی کم کر دی۔
286,Urdu,Expressing Gratitude,استاد,طالب علم,High,Formal,Grateful acknowledgment,Positive,امید ہے میری رہنمائی سے تمہاری امتحان کی تیاری اچھی ہوئی ہوگی۔,آپ کے طالب علم نے امتحان میں اچھی کارکردگی دکھائی ہے۔ نتائج آنے کے بعد وہ آپ سے ملنے آتا ہے۔,1.0,0.0,0.25,0.25,0.25,0.25,A,جی سر، الحمدللہ بہت اچھا ہوا۔ آپ کی رہنمائی کا بہت شکریہ۔
287,Urdu,Expressing Gratitude,ٹیکسی ڈرائیور,مسافر,Medium,Formal,Grateful reciprocity,Positive,شکریہ جناب، امید ہے سفر آپ کے لیے آرام دہ رہا ہوگا۔,آپ نے اپنے مسافر کو آرام سے اور محفوظ طریقے سے اس کی منزل تک پہنچایا ہے۔,1.0,0.0,0.25,0.125,0.25,0.125,A,جی بالکل، بہت شکریہ۔ یہ آپ کی اچھی خدمت کے لیے ایک چھوٹی سی ٹپ ہے، براہِ کرم قبول کیجیے۔
288,Urdu,Expressing Gratitude,کزن,کزن,Low,Informal,Grateful acknowledgment,Positive,ارے، کیسے ہو؟ امید ہے تمہارا کام اچھی طرح ہو گیا ہوگا۔,ایک ضروری موقع پر آپ کے کزن نے ایک ضروری موقع پر آپ کی مدد کی تھی۔ کچھ عرصے بعد آپ ان سے ملتے ہیں اور وہ آپ کی خیریت دریافت کرتے ہیں۔,1.0,0.0,0.25,0.25,0.25,0.25,A,الحمدللہ یار، سب ٹھیک ہے۔ تمہاری مدد سے میرا کام بہت آسان ہو گیا تھا، اس کے لیے دل سے تمہارا بہت شکریہ۔
289,Urdu,Negotiating Favors,دوست,دوست,Low,Informal,Friendly negotiation,Positive,یار، اگر ضرورت ہو تو میں تمہاری مدد کر دیتا ہوں۔,آپ کا دوست آپ کی مدد کی پیشکش کر رہا ہے کیونکہ آپ کسی اور کام میں مصروف ہیں۔,1.0,0.0,0.5,0.25,0.5,0.125,A,ارے نہیں یار، تم کیوں زحمت کرو گے، لیکن تمہاری پیشکش کا بہت شکریہ۔
290,Urdu,Negotiating Favors,دوست,دوست,Low,Informal,Casual bargaining,Neutral,چلو، میں تمہارا کچھ کام کم کر دیتا ہوں۔,آپ کا دوست کام میں آپ کی مدد کی پیشکش کر رہا ہے۔,1.0,0.0,0.4375,0.25,0.5,0.125,A,نہیں یار، اتنی زحمت کی ضرورت نہیں، میں سنبھال لوں گا۔
291,Urdu,Negotiating Favors,جونیئر,سینئر,Medium,Formal,Respectful request,Positive,سر، اگر آپ اجازت دیں تو میں آج اضافی وقت دے کر یہ کام مکمل کر دیتا ہوں۔,آپ کا جونیئر احترام کے ساتھ آپ کو مدد کی پیشکش کر رہا ہے تاکہ آپ کا کام آسان ہو جائے۔,1.0,0.0,0.5,0.0,0.5,0.125,A,آپ کی مہربانی، لیکن آپ کو زیادہ دیر رکنے کی ضرورت نہیں، میں سنبھال لوں گا۔
292,Urdu,Negotiating Favors,جونیئر,سینئر,Medium,Formal,Deferential negotiation,Neutral,سر، اگر آپ اجازت دیں تو میں اس کام میں کچھ مدد کر دیتا ہوں۔,آپ نے دیکھا کہ آپ کے سینئر پر کام کا دباؤ ہے، اس لیے آپ احترام کے ساتھ مدد کی پیشکش کر رہے ہیں۔,1.0,0.0,0.25,0.25,0.4375,0.25,A,آپ کی پیشکش کا شکریہ، لیکن خود کو زیادہ زحمت نہ دیں۔
293,Urdu,Negotiating Favors,کزن,کزن,Low,Informal,Familial favor,Positive,یار، اگر تم چاہو تو میری گاڑی استعمال کر سکتے ہو۔,آپ کا کزن آپ کی مدد کے لیے اپنی گاڑی دینے کی پیشکش کر رہا ہے۔,1.0,0.0,0.5,0.125,0.25,0.25,A,ارے نہیں یار، تم کیوں زحمت کرو گے، میں خود انتظام کر لوں گا۔
294,Urdu,Negotiating Favors,کزن,کزن,Low,Informal,Pushy favor,Negative,یار، میں نے کہا نا، یہ کام میں کر دوں گا۔,آپ کا کزن بار بار آپ کی مدد کرنے پر اصرار کر رہا ہے، حالانکہ آپ کئی بار انکار کر چکے ہیں۔,1.0,0.0,0.3125,0.25,0.4375,0.25,A,آپ کی مہربانی، لیکن واقعی اس کی ضرورت نہیں، میں خود سنبھال لوں گا۔
295,Urdu,Negotiating Favors,پڑوسی,پڑوسی,Medium,Formal,Polite negotiation,Positive,اگر آپ کو کسی مدد کی ضرورت ہو تو میں حاضر ہوں۔,آپ کا پڑوسی شادی کی تقریبات میں آپ کی مدد کرنے کی پیشکش کر رہا ہے۔,1.0,0.0,0.25,0.25,0.25,0.25,A,آپ کی بہت مہربانی، لیکن آپ کو تکلیف دینے کی ضرورت نہیں۔
296,Urdu,Negotiating Favors,طالب علم,استاد,Medium,Formal,Hesitant request,Neutral,سر، میں یہ کتابیں آپ کے دفتر رکھ آتا ہوں۔,آپ استاد کی مدد کرنے کی پیشکش کر رہے ہیں۔,1.0,0.0,0.4375,0.25,0.25,0.25,A,بیٹا، بہت شکریہ، میں خود سنبھال لوں گا۔
297,Urdu,Negotiating Favors,والد,بیٹا,High,Formal,Authority-based negotiation,Negative,میں نے کہا نا، یہ کام میں کر دوں گا، تم فکر نہ کرو۔,آپ کے والد بار بار آپ کی مدد کرنے پر اصرار کر رہے ہیں، جبکہ آپ خود کام کرنا چاہتے ہیں۔,1.0,0.0,0.25,0.25,0.4375,0.25,A,ابو، آپ کا بہت شکریہ، لیکن واقعی اس کی ضرورت نہیں، میں سنبھال لوں گا۔
298,Urdu,Negotiating Favors,والدہ,بیٹی,High,Informal,Emotional appeal,Positive,بیٹا، اگر تم تھک گئی ہو تو میں یہ کام کر دیتی ہوں۔,آپ کی والدہ آپ کا بوجھ کم کرنے کی پیشکش کر رہی ہیں۔,1.0,0.0,0.25,0.25,0.25,0.25,A,امی، آپ کی بہت مہربانی، لیکن میں خود کر لوں گی۔
299,Urdu,Negotiating Favors,ملازم,افسر,Medium,Formal,Persistent Offer,Negative,میں نے کہا نا، میں خود تمہاری فائل مکمل کروا دوں گا۔,آپ کے افسر بار بار آپ کی مدد کرنے پر اصرار کر رہے ہیں، حالانکہ آپ خود کام مکمل کرنا چاہتے ہیں۔,1.0,0.0,0.25,0.25,0.5,0.125,A,سر، آپ کی مہربانی، لیکن براہِ کرم اس کی فکر نہ کریں، میں خود یہ کام مکمل کر لوں گا۔
300,Urdu,Negotiating Favors,بزرگ رشتہ دار,نوجوان,High,Formal,Insistent Favor,Negative,میں تمہارے ساتھ چلوں گا، اکیلے جانے کی ضرورت نہیں۔,ایک بزرگ رشتہ دار بار بار آپ کے ساتھ جانے پر اصرار کر رہے ہیں، جبکہ آپ خود جانا چاہتے ہیں۔,1.0,0.0,0.4688,0.125,0.25,0.125,A,آپ کی فکر کا بہت شکریہ، لیکن واقعی میں خود سنبھال لوں گا۔
301,Urdu,Negotiating Favors,ساس,بہو,High,Formal,Overbearing Help,Negative,یہ کام تم چھوڑ دو، میں خود کر دیتی ہوں۔,آپ کی ساس بار بار آپ کے کام میں مداخلت کرتے ہوئے مدد کی پیشکش کر رہی ہیں، جبکہ آپ خود کام مکمل کرنا چاہتی ہیں۔,1.0,0.0,0.4375,0.25,0.5,0.125,A,امی جان، آپ کی مہربانی، لیکن میں یہ کام خود کر لوں گی۔
302,Urdu,Negotiating Favors,ساتھی,ساتھی,Medium,Formal,Courteous Assistance,Neutral,اگر آپ چاہیں تو میں یہ رپورٹ چیک کر دیتا ہوں۔,آپ کا ساتھی کام میں مدد کی پیشکش کر رہا ہے۔,1.0,0.0,0.5,0.125,0.5,0.0,A,آپ کی مہربانی، لیکن میں پہلے خود ایک بار دیکھ لیتا ہوں۔
303,Urdu,Negotiating Favors,چچا,بھتیجا,Medium,Formal,Family Assistance,Neutral,رات بہت ہو گئی ہے، میں تمہیں گھر چھوڑ آتا ہوں۔,آپ کے چچا رات کو آپ کے دیر سے گھر جانے پر فکر مند ہیں اور آپ کو گھر چھوڑنے کی پیشکش کر رہے ہیں۔,1.0,0.0,0.25,0.25,0.25,0.25,A,چچا جان، آپ کی بہت مہربانی، لیکن آپ کو زحمت دینے کی ضرورت نہیں، میں خود چلا جاؤں گا۔
304,Urdu,Negotiating Favors,چچا,بھتیجا,High,Formal,Deferential refusal,Neutral,بیٹا، اگر چاہو تو میں اس کام میں تمہاری مدد کر دیتا ہوں۔,آپ ایک ضروری کام میں مصروف ہیں اور آپ کے چچا آپ کی مصروفیت دیکھ کر آپ کی مدد کرنا چاہتے ہیں۔,1.0,0.0,0.5,0.125,0.25,0.25,A,چچا جان، آپ کی بہت مہربانی، مگر آپ زحمت نہ کریں۔ میں یہ کام خود مکمل کر لوں گا، اگر ضرورت پڑی تو ضرور آپ سے مدد لے لوں گا۔
305,Urdu,Negotiating Favors,سینئر ساتھی,جونیئر ساتھی,Medium,Formal,Polite refusal,Neutral,تم ایسا کرو، اب چھٹی کر لو۔ باقی کام میں خود سنبھال لیتا ہوں۔,آپ کے آج دفتر میں معمول سے زیادہ دیر تک رکنے پر آپ کے سینئر محسوس کرتے ہیں کہ آپ پر کام کا بوجھ زیادہ ہے۔,1.0,0.0,0.25,0.25,0.25,0.25,A,سر، آپ کی بہت مہربانی، لیکن ابھی اتنا کام باقی نہیں ہے۔ میں خود اسے مکمل کر لوں گا، آپ زحمت نہ کریں۔
306,Urdu,Negotiating Favors,روم میٹ,روم میٹ,Low,Informal,Grateful refusal,Neutral,اگر تمہیں مدد چاہیے تو میں حاضر ہوں۔,آپ اپنی اسائنمنٹ مکمل کرنے میں مصروف ہیں اور وقت کم ہونے کی وجہ سے کافی دباؤ محسوس کر رہے ہیں۔,0.875,0.0,0.4375,0.25,0.4375,0.125,A,نہیں یار، شکریہ! بس تقریباً ختم ہی ہو گیا ہے۔
