ID,Language,Topic,User Role,Model Role,Power Distance,Register,Pragmatic Genre,Sensitivity,User Utterance,Context,Gold Response,Qwen_Response
1,Urdu,Refusing Offers,میزبان,مہمان,Medium,Formal,Gratitude + indirect refusal,Positive,اور سالن لے لیجیے، ابھی گرم ہے۔,آپ ایک دعوت میں مہمان ہیں۔ کھانے کے دوران میزبان آپ کو مزید سالن پیش کرتا ہے۔,آپ کی بڑی مہربانی، واقعی بہت مزیدار تھا، مگر اب بالکل گنجائش نہیں رہی۔,اس وقت کافی دماغت سے پلے جا رہے ہیں۔
2,Urdu,Refusing Offers,دوست,دوست,Low,Informal,Polite refusal,Negative,اور چائے بنوا دوں؟,آپ اپنے دوست کے گھر ملاقات کے لیے گئے ہیں۔ گفتگو کے دوران آپ کا دوست آپ کو مزید چائے پیش کرتا ہے۔,نہیں یار، تم نے پہلے ہی بہت خاطر داری کر لی ہے، مزید زحمت نہ کرو۔,آپ کیا میں نے آپ کی تعاون سے چایہ بنانے کے لئے تمام مقامی مطابق ف
3,Urdu,Refusing Offers,ساس,بہو,High,Formal,Deferential refusal,Positive,بیٹا، اور روٹی لے لو۔,آپ گھر میں کھانے کی میز پر موجود ہیں۔ کھانے کے دوران آپ کی ساس آپ کو مزید روٹی پیش کرتی ہیں۔,جی امی جان، بہت شکریہ، مگر واقعی اب مزید گنجائش نہیں رہی۔,اب تیر کی روٹی لے کر آئے گے۔
4,Urdu,Refusing Offers,بزرگ,نوجوان,High,Formal,Respectful hesitation,Positive,یہ کتاب اپنے پاس رکھ لو، تمہارے کام آئے گی۔,آپ ایک بزرگ رشتہ دار سے ملاقات کر رہے ہیں۔ گفتگو کے دوران وہ آپ کو اپنی کتاب رکھنے کی پیشکش کرتے ہیں۔,آپ کی بہت مہربانی، مگر فی الحال میرے پاس اس موضوع کی کتاب موجود ہے، پھر بھی آپ کا بہت شکریہ۔,ایسی کتاب بنائیں جس نے توانائی کا استعمال کرتی ہوئی اپنے مالک کو مدد
5,Urdu,Refusing Offers,میزبان,مہمان,Medium,Formal,Face-saving refusal,Negative,اور میٹھا لے لیجیے۔,آپ ایک دعوت میں مہمان ہیں۔ کھانے کے بعد میزبان آپ کو مزید میٹھا پیش کرتا ہے۔,آپ کی بہت مہربانی، میٹھا بہت اچھا تھا، مگر اب مزید نہیں کھا سکوں گا، شکریہ۔,میں آپ کیلئے چاکنے والی سمندر کرکت رہوںگے۔
6,Urdu,Refusing Offers,استاد,طالب علم,Medium,Formal,Careful refusal,Neutral,اگر کسی حصے میں مشکل ہو تو میں مزید وضاحت کر سکتا ہوں۔,آپ کےاستاد سبق ختم ہونے کے بعد اضافی رہنمائی کی پیشکش کر رہے ہیں۔,بہت شکریہ سر، فی الحال میں خود کوشش کر لیتا ہوں، ضرورت ہوئی تو ضرور رہنمائی لوں گا۔,میری خدمतوں میں کوئی مشکلیت ہو جانے پر آپ کو اہمیت دینا
7,Urdu,Refusing Offers,خالہ,بھانجا,High,Formal,Respectful refusal,Negative,رات یہیں رک جاؤ، صبح چلے جانا۔,آپ اپنی خالہ سے ملاقات کے بعد واپسی کی تیاری کر رہے ہیں۔ روانگی کے وقت وہ آپ کو رات رکنے کی پیشکش کرتی ہیں۔,خالہ جان، آپ کی بہت مہربانی، لیکن گھر پر میرا انتظار ہو رہا ہے، ان شاء اللہ پھر کسی دن زیادہ وقت گزاروں گا۔,ایک دن کے بعد ملتے جاو۔
8,Urdu,Refusing Offers,پڑوسی,پڑوسی,Medium,Formal,Indirect refusal,Neutral,اگر آپ چاہیں تو میں بازار سے آپ کے لیے کچھ لے آؤں۔,آپ کے پڑوسی نے آپ کی سہولت کے لیے بازار سے کچھ لانے کی پیشکش کی ہے۔,آپ کی بہت مہربانی، لیکن میں خود انتظام کر لوں گا۔,میں نے ایک کٹا پتھر بھی لینے جانے کی تیاری کی۔
9,Urdu,Refusing Offers,دوست,دوست,Low,Informal,Light refusal,Neutral,چل یار، ایک اور گیم کھیل لیتے ہیں۔,آپ اپنے دوست کے ساتھ وقت گزار رہے ہیں۔ کچھ دیر کھیلنے کے بعد وہ ایک اور گیم کھیلنے کی تجویز دیتا ہے۔,یار دل تو ہے، لیکن اب کافی دیر ہو گئی ہے، پھر کبھی آرام سے کھیلیں گے۔,چلیں، میرا بھی نیا ٹریک پڑھا رہا تھا۔
10,Urdu,Refusing Offers,ماموں,بھانجی,High,Formal,Deference,Negative,یہ رقم بھی رکھ لو، کبھی ضرورت پڑ سکتی ہے۔,آپ اپنے ماموں سے ملاقات کے بعد واپس جا رہی ہیں۔ روانگی کے وقت وہ آپ کو کچھ رقم دینے کی پیشکش کرتے ہیں۔,ماموں جان، آپ کی شفقت میرے لیے کافی ہے۔,یہ رقم محفوظ رہیں، کسی وقت کمپیوٹر کا فاتح بن جائیںگے۔
11,Urdu,Refusing Offers,میزبان,مہمان,Medium,Formal,Polite closure,Neutral,اور کچھ چاہیے ہو تو بتائیے گا۔,آپ ایک دعوت میں مہمان ہیں۔ ملاقات کے اختتام پر میزبان آپ کی مزید خدمت کی پیشکش کرتا ہے۔,بہت شکریہ، آپ نے پہلے ہی بہت عزت اور توجہ دی ہے، مزید کسی چیز کی ضرورت نہیں اب اجازت دیجیے۔,میں آپ کیلئے بات کر سکتا ہوں جس کی انتظار ہے۔
12,Urdu,Refusing Offers,دوست,دوست,Low,Informal,Friendly refusal,Neutral,چل یار، میرے ساتھ جم چل۔,آپ اپنے دوست سے ملاقات کر رہے ہیں۔ بات چیت کے دوران وہ آپ کو اپنے ساتھ جم جانے کی پیشکش کرتا ہے۔,یار، آج تو نہیں ہو پائے گا، لیکن کسی دن ضرور چلیں گے۔,چلیں یار، میرے ساتھ اپنا جم بھی لے جائیں۔
13,Urdu,Refusing Offers,بزرگ خاتون,نوجوان,High,Formal,Respectful restraint,Positive,بیٹا، تھوڑا سا اور کھا لو، بہت کم کھایا ہے۔,آپ ایک خاندانی دعوت میں موجود ہیں۔ کھانے کے دوران بزرگ خاتون آپ کو مزید کھانا لینے پر زور دیتی ہیں۔,آپ کی محبت کا بہت شکریہ، میں نے بھرپور کھانا کھایا ہے، اب واقعی مزید گنجائش نہیں رہی۔,بیٹا، مگر کچھ زائد کھاؤ، صحت کے لئے پرچم نیاز ہے۔
14,Urdu,Refusing Offers,میزبان,مہمان,Medium,Formal,Soft refusal,Positive,چائے دوبارہ ڈال دوں؟,آپ ایک ملاقات میں مہمان ہیں۔ گفتگو کے دوران میزبان آپ کو مزید چائے پیش کرنے کی پیشکش کرتا ہے۔,بہت شکریہ، چائے بہت اچھی تھی، لیکن فی الحال یہی کافی ہے۔,میں نے اسے قبلا ڈال لیا جا سکتا ہے۔
15,Urdu,Refusing Offers,چچا,بھتیجا,High,Formal,Deferential refusal,Negative,رات یہیں رک جاؤ، صبح آرام سے چلے جانا۔,آپ اپنے چچا کے گھر آئے ہوئے ہیں۔ واپسی کے وقت وہ آپ کو رات وہیں قیام کرنے کی پیشکش کرتے ہیں۔,چچا جان، آپ کی بہت مہربانی بہت مزہ آیا، لیکن گھر پر میرا انتظار ہو رہا ہے، ان شاء اللہ پھر کسی دن زیادہ وقت گزاروں گا۔,ریست کریں، صبح کیلئے زیادہ تر اسٹریم رہنے کی ضرورت نہی
16,Urdu,Invitation to a Meal,دوست,دوست,Medium,Informal,Courtesy + hesitation,Neutral,آج رات ہمارے ساتھ کھانا کھاؤ گے؟,آپ اپنے دوست سے ملاقات کے دوران گفتگو کر رہے ہیں۔ بات چیت کے اختتام پر وہ آپ کو رات کے کھانے کی دعوت دیتا ہے۔,بہت شکریہ یار، یہ تمہاری محبت ہے، کوشش کروں گا کہ ضرور آ سکوں۔,میری طرف سے آج کی کچھ غذا میں نظر آئے۔
17,Urdu,Invitation to a Meal,پڑوسی,پڑوسی,Medium,Formal,Polite acceptance,Neutral,کل شام ہمارے گھر کھانے پر تشریف لائیے گا۔,آپ اپنے پڑوسی سے گفتگو کر رہے ہیں۔ وہ آپ کو اپنے گھر کھانے کی دعوت دیتے ہیں۔,بہت شکریہ، آپ کی دعوت میرے لیے باعثِ خوشی ہے، ان شاء اللہ ضرور آنے کی کوشش کروں گا۔,میں نے آئی ہوں، میں کل شام ہمراہ چاہتا ہوں۔
18,Urdu,Invitation to a Meal,چچا,بھتیجا,High,Formal,Deferential acceptance,Positive,اتوار کو ہمارے گھر کھانے پر ضرور آنا۔,آپ اپنے چچا سے ملاقات کے دوران گفتگو کر رہے ہیں۔ وہ آپ کو اتوار کے دن اپنے گھر کھانے کی دعوت دیتے ہیں۔,جی چچا جان، آپ نے یاد کیا یہ میرے لیے خوشی کی بات ہے، ان شاء اللہ ضرور آنے کی کوشش کروں گا۔,اتوار نے میری طرف سے دعوت لی جائی گئی۔
19,Urdu,Invitation to a Meal,دوست,دوست,Low,Informal,Friendly courtesy,Neutral,یار، آج لنچ ہمارے ساتھ ہی کر لو۔,آپ اپنے دوست سے ملاقات کر رہے ہیں۔ گفتگو کے دوران وہ آپ کو اپنے ساتھ لنچ کرنے کی دعوت دیتا ہے۔,بہت شکریہ یار، اچھا لگے گا، دیکھتا ہوں وقت کیسے بنتا ہے۔,بھائی، میرا نام لگایا جاسکتا ہے۔
20,Urdu,Invitation to a Meal,ساس,داماد,High,Formal,Respectful acceptance,Negative,آج رات آپ ہمارے ساتھ کھانا ضرور کھائیے گا۔,آپ اپنی ساس سے ملاقات کے دوران گفتگو کر رہے ہیں۔ وہ آپ کو رات کے کھانے کی دعوت دیتی ہیں۔,بہت شکریہ، آپ کی محبت ہے، ان شاء اللہ ضرور آنے کی کوشش کروں گا۔,میری طرف سے مطمئن کر لیں جانے کے لیے آپ کو ایک پیغام بھیجنا
21,Urdu,Invitation to a Meal,کزن,کزن,Low,Formal,Polite acceptance,Negative,کل رات ہمارے ساتھ ڈنر کر لو۔,آپ اپنے کزن سے گفتگو کر رہے ہیں۔ بات چیت کے دوران وہ آپ کو اپنے ساتھ رات کا کھانا کھانے کی دعوت دیتا ہے۔,بہت شکریہ، اچھا لگے گا، ان شاء اللہ آنے کی کوشش کروں گا۔,ایک بار زیادہ نہ ڈنر کریں، میرا خواب بچائیں۔
22,Urdu,Invitation to a Meal,پڑوسی,پڑوسی,Medium,Formal,Courtesy,Neutral,آج شام ہمارے گھر ضرور آئیے، چائے اور کھانے کا انتظام ہے۔,آپ اپنے پڑوسی سے گفتگو کر رہے ہیں۔ بات چیت کے دوران وہ آپ کو اپنے گھر آنے اور ساتھ کھانا کھانے کی دعوت دیتے ہیں۔,بہت شکریہ، آپ کی محبت ہے، ان شاء اللہ آنے کی کوشش کروں گا۔,میری مدد سے آئیں جس میں تیلی فرنک اور کچھ خوش تذوقی کھانے ہ
23,Urdu,Invitation to a Meal,دوست,دوست,Low,Informal,Friendly,Positive,یار، گھر آؤ، کھانا ساتھ کھائیں گے۔,آپ اپنے دوست سے گفتگو کر رہے ہیں۔ بات چیت کے دوران وہ آپ کو اپنے گھر کھانے کی دعوت دیتا ہے۔,یار، اچھا لگے گا، ان شاء اللہ ملتے ہیں۔,ایکدیک بیٹا چلیں، میری خواہش ہے کہ تی氰同你，我们可以回家一起吃饭。
24,Urdu,Invitation to a Meal,استاد,طالب علم,Medium,Formal,Respectful Acceptance,Negative,اگر وقت ہو تو آج ہمارے ساتھ دوپہر کا کھانا کھا لینا۔,آپ اپنے استاد سے تعلیمی سرگرمی کے بعد گفتگو کر رہے ہیں۔ بات چیت کے دوران وہ آپ کو دوپہر کے کھانے کی دعوت دیتے ہیں۔,سر، آپ نے یاد کیا یہی میرے لیے کافی ہے، لیکن آج پہلے سے ایک مصروفیت ہے۔,میں نے دوپہر کا وقت کھانے کے لیے میٹنگ سمجھومیں ہے، اگر
25,Urdu,Invitation to a Meal,ماموں,بھانجی,High,Formal,Deference,Positive,ہفتے کو ہمارے گھر ضرور آنا، سب تمہارا انتظار کریں گے۔,آپ اپنے ماموں سے گفتگو کر رہی ہیں۔ بات چیت کے دوران وہ آپ کو ہفتے کے دن اپنے گھر آنے کی دعوت دیتے ہیں۔,جی ماموں جان، آپ نے یاد کیا، ان شاء اللہ ضرور آؤں گی۔,میری بیچ میں بھی اس طرح کی صدایاں ہوتی ہیں۔
26,Urdu,Invitation to a Meal,دوست,دوست,Low,Informal,Friendly Refusal,Negative,ڈنر پر چلیں؟,آپ اپنے دوست سے گفتگو کر رہے ہیں۔ بات چیت کے دوران وہ آپ کو ساتھ ڈنر کرنے کی دعوت دیتا ہے۔,معذرت کے ساتھ میں آج تھوڑا مصروف ہوں، کسی اور دن کا پلان بناتے ہیں۔,بلکہ ڈنر پر چلنے کیلئے آپ کیا کاروبار کرتے ہیں؟
27,Urdu,Invitation to a Meal,پڑوسی,پڑوسی,Medium,Formal,Polite acknowledgment,Neutral,آج شام ہمارے گھر آ جائیے، سب مل کر کھانا کھائیں گے۔,آپ اپنے پڑوسی سے گفتگو کر رہے ہیں۔ بات چیت کے دوران وہ آپ کو اپنے گھر کھانے کی دعوت دیتے ہیں۔,ماشاء اللہ، اچھا لگے گا، ان شاء اللہ شریک ہونے کی کوشش کروں گا۔,میری مادر نے آج شام کو میٹنگ پر دعوت دی۔
28,Urdu,Invitation to a Meal,خالہ,بھانجی,High,Formal,Respectful,Positive,کل کھانے پر آنا۔,آپ اپنی خالہ سے گفتگو کر رہی ہیں۔ بات چیت کے دوران وہ آپ کو اگلے دن کھانے کی دعوت دیتی ہیں۔,خالہ جان، آپ نے یاد کیا، یہ میرے لیے خوشی کی بات ہے، ان شاء اللہ ضرور آؤں گی۔,میں آ رہا ہوں۔
29,Urdu,Invitation to a Meal,دوست,دوست,Low,Formal,Friendly acceptance,Negative,آج باہر کھانا کھاتے ہیں۔,آپ اپنے دوست سے گفتگو کر رہے ہیں۔ بات چیت کے دوران وہ آپ کو باہر کھانا کھانے کی تجویز دیتا ہے۔,یہ اچھی تجویز ہے، ساتھ کچھ وقت بھی گزار لیں گے۔,میری خواہش ہے آپ کو پاک اور سالم رہنے کی۔
30,Urdu,Invitation to a Meal,بزرگ,نوجوان,High,Formal,Deferential,Positive,بیٹا، آج ہمارے ساتھ کھانا کھا لو۔,آپ ایک سماجی موقع پر بزرگ سے گفتگو کر رہے ہیں۔ بات چیت کے دوران وہ آپ کو اپنے ساتھ کھانے کی دعوت دیتے ہیں۔,آپ کی محبت کا شکریہ آپ نے فرمایا ہے تو ضرور شامل ہوں گا۔,بھائی، میں نے کچھ بھیٹا نہیں لینا چاہتا۔
31,Urdu,Declining Gifts,بزرگ,نوجوان,High,Formal,Indirect refusal,Neutral,یہ رقم رکھ لو۔,آپ ایک بزرگ سے ملاقات کر رہے ہیں۔ گفتگو کے اختتام پر وہ آپ کو کچھ رقم دینے کی پیشکش کرتے ہیں۔,آپ کی دعائیں اور شفقت ہی میرے لیے کافی ہیں، فی الحال اس کی ضرورت نہیں۔,رقم کو محفوظ رکھو۔
32,Urdu,Declining Gifts,ساس,بہو,High,Formal,Respectful refusal,Positive,یہ چوڑیاں تمہارے لیے رکھی تھیں، لے لو۔,آپ اپنی ساس سے ملاقات کر رہی ہیں۔ گفتگو کے دوران وہ آپ کو چوڑیاں تحفے میں دینے کی پیشکش کرتی ہیں۔,امی جان، آپ کی محبت ہی میرے لیے کافی ہے  شکریہ۔,لے کر مزید کیا کریں؟
33,Urdu,Declining Gifts,دوست,دوست,Low,Formal,Polite refusal,Neutral,یار، یہ چھوٹا سا تحفہ تمہارے لیے ہے۔,آپ اپنے دوست سے ملاقات کر رہے ہیں۔ گفتگو کے دوران وہ آپ کو ایک  تحفے دینا چاہتا ہے۔,تم نے یاد رکھا، یہی کافی ہے، اتنا تکلف کیوں کیا؟,میں بہت خوشی sayیں گے، آسان کرتے ہوئے ایک بہतرین چھوٹا
34,Urdu,Declining Gifts,ماموں,بھانجا,High,Formal,Deferential refusal,Neutral,یہ انگوٹھی خاندان کی نشانی ہے، تم رکھ لو۔,خاندانی گفتگو کے دوران آپ کے ماموں آپ کو ایک یادگاری انگوٹھی دینا چاہتے ہیں۔,ماموں جان، یہ آپ کے پاس ہی زیادہ مناسب لگتی ہے، آپ نے میرے بارے میں سوچا یہی میرے لیے اعزاز ہے۔,تم پرستھ کے ذریعے اس خاندان کا ملک بن سکتے ہیں، لطف کर کے رک
35,Urdu,Declining Gifts,پڑوسی,پڑوسی,Medium,Formal,Face-saving refusal,Negative,یہ چھوٹا سا تحفہ ہماری طرف سے قبول کیجیے۔,آپ کے پڑوسی ملاقات کے اختتام پر آپ کو ایک تحفہ دینا چاہتے ہیں۔,آپ کی محبت سر آنکھوں پر، مگر آپ کی نیک نیتی ہی میرے لیے کافی ہے۔,ایک صمیمی تحفہ ہے، مجبور نہیں لے۔ لطف آگئے۔
36,Urdu,Declining Gifts,استاد,طالب علم,Medium,Formal,Respectful decline,Positive,یہ کتاب تمہارے لیے بطور انعام لایا ہوں۔,آپ کے استاد آپ کی تعلیمی کارکردگی سے خوش ہو کر آپ کو ایک کتاب دینا چاہتے ہیں۔,سر، آپ نے مجھے اس قابل سمجھا، یہی میرے لیے بڑی بات ہے۔,ممنون، آپ نے میریلیکانی کتاب دی ہے۔
37,Urdu,Declining Gifts,کزن,کزن,Low,Informal,Soft refusal,Neutral,یار، یہ  تحفہ تمہارے لیے لایا ہوں، رکھ لو۔,آپ اپنے کزن سے ملاقات کر رہے ہیں۔ گفتگو کے دوران وہ آپ کو ایک تحفہ دینا چاہتا ہے۔,تم نے یاد رکھا، یہی میرے لیے بڑی بات ہے، اتنا تکلف نہ کرتے۔,میں نے اس کو آپ کے لئے مخصوص طور پر بھیتچا، لطف دیں۔
38,Urdu,Declining Gifts,بڑی بہن,چھوٹی بہن,Medium,Formal,Gentle refusal,Positive,یہ اسکارف تمہارے لیے لیا تھا، رکھ لو۔,آپ کی بڑی بہن آپ کو ایک اسکارف تحفے میں دینا چاہتی ہیں۔,آپی، آپ کی محبت اپنی جگہ، لیکن اس کی واقعی ضرورت نہیں تھی۔,میں نے آپ کے لیے ایسے چوڑا اسکارف لینا چاہیے جس کی ط
39,Urdu,Declining Gifts,دوست,دوست,Low,Informal,Polite refusal,Negative,یار، سفر سے تمہارے لیے ایک چیز لایا ہوں۔,آپ اپنے دوست سے ملاقات کر رہے ہیں۔ سفر سے واپسی پر وہ آپ کو ایک تحفہ دینا چاہتا ہے۔,ارے یار، بہت شکریہ، اتنی زحمت کرنے کی ضرورتہیں تھی ۔,میری خواہش یہ ہے کہ آپ کی سفر میں میری ذہنی تعلقات کیلئے ب
40,Urdu,Declining Gifts,سسر,داماد,High,Formal,Respectful refusal,Negative,یہ کچھ رقم رکھ لیجیے، بعد میں کام آئے گی,آپ کے سسرملاقات کے اختتام پر آپ کو کچھ رقم دینا چاہتے ہیں۔,ابا جان، فی الحال ضرورت نہیں، آپ کا خیال ہی میرے لیے کافی ہے۔,ایک لمحے تک صبور رہیں، میں کام کر رہا ہوں۔
41,Urdu,Declining Gifts,پڑوسی,پڑوسی,Medium,Formal,Indirect refusal,Negative,یہ چھوٹا سا تحفہ ہماری طرف سے قبول کیجیے۔,آپ کے پڑوسی ملاقات کے اختتام پر آپ کو ایک تحفہ دینا چاہتے ہیں۔,آپ کی نیک نیتی ہی میرے لیے کافی ہے، اتنا تکلف نہ کرتے۔,ایک صمیمی تحفہ یہ ہے، مالک نے اسے بھی پناہ دینا چاہا۔
42,Urdu,Declining Gifts,بزرگ,نوجوان,High,Formal,Deference,Negative,یہ کچھ رقم رکھ لو، سفر میں کام آئے گی۔,آپ کے سفر پررخصت ہوتے وقت ایک بزرگ آپ کو کچھ رقم دینا چاہتے ہیں۔,آپ کی دعا ہی میرے لیے  کافی ہے بہت شکریہ اسکی ضرورت نہیں۔,ایسے کمپنیوں میں کیا کام کرنا چاہتے ہیں جس میں رقم کی ض
43,Urdu,Declining Gifts,نند,بھابھی,Medium,Formal,Soft decline,Neutral,بھابھی، یہ شال آپ کے لیے لائی ہوں۔,آپ کی نند آپ کو خاندانی ملاقات کے دوران ایک شال تحفے میں دینا چاہتی ہیں۔,تم نے میرے لیے سوچا، یہی میرے لیے خوشی کی بات ہے، اتنا تکلف نہ کرتی۔,میں نے اس شال کا تلاش کیا جس کے لیے آپ کی ضرورت ہے۔
44,Urdu,Declining Gifts,استاد,شاگرد,High,Formal,Respect,Positive,یہ خصوصی انعام تمہارے لیے ہے۔,آپ کے استاد آپ کی کارکردگی سے خوش ہو کر آپ کو انعام دینا چاہتے ہیں۔,سر، آپ کی حوصلہ افزائی ہی میرے لیے بڑی بات ہے۔,آهي، میری کسی تفصیل کی ضرورت نہیں۔
45,Urdu,Declining Gifts,بزرگ خاتون,نوجوان,High,Formal,Respectful restraint,Positive,یہ سویٹر تمہارے لیے بنایا تھا، رکھ لو۔,آپ کو ایک بزرگ خاتون اپنے ہاتھ سے بنا ہوا سویٹردینا چاہتی ہیں۔,دادی جان، آپ نے اپنے ہاتھ سے بنایا، یہی میرے لیے سب سے بڑا تحفہ ہے، اتنی زحمت نہ کرتیں۔,میں نے اس کو بچانے کے لیے رکھا گی۔
46,Urdu,Receiving Gifts,خالہ,بھانجی,Medium,Formal,Modesty,Neutral,یہ تمہارے لیے ایک چھوٹا سا تحفہ ہے۔,آپ اپنی خالہ سے ملاقات کر رہی ہیں۔ گفتگو کے دوران وہ آپ کو ایک تحفہ دیتی ہیں۔,خالہ جان، آپ نے بہت محبت سے دیا ہے، آپ کا خلوص ہی میرے لیے کافی ہے بہت شکریہ۔,میں نے آپ کے لیے کچھ بھیتیچہ ملایا۔
47,Urdu,Receiving Gifts,قریبی دوست,قریبی دوست,Low,Informal,Appreciation with modesty,Negative,یار، یہ تحفہ تمہارے لیے خاص طور پر لیا تھا۔,آپ کا قریبی دوست ملاقات کے دوران آپ کو ایک تحفہ دیتا ہے۔,ارے یار، اس کی کیا ضرورت تھی؟ پھر بھی تم نے یاد رکھا، اچھا لگا۔,میرے لئے بہت خاص ایندہ سمجھنے والی ہے۔
48,Urdu,Receiving Gifts,ساس,بہو,High,Formal,Respectful gratitude,Positive,یہ کپڑے تمہارے لیے لائی ہوں۔,آپ کی ساس گھر میں ملاقات کے دوران آپ کو کپڑوں کا ایک جوڑا تحفے میں دیتی ہیں۔,امی جان، آپ نے میرے لیے اتنا خیال رکھا، یہ میرے لیے بہت خوشی کی بات ہے۔,ممنون، آپ نے میرے لئے بہت خوبصورت کام کیا۔
49,Urdu,Receiving Gifts,ماموں,بھانجا,High,Formal,Deference,Positive,یہ تمہارے لیے تحفہ ہے۔,آپ کے ماموں ملاقات کے دوران آپ کو ایک تحفہ دیتے ہیں۔,ماموں جان، آپ نے اتنا خیال رکھا، یہ میرے لیے بہت معنی رکھتا ہے۔,میں کسی سے بہر نہیں ممکن۔
50,Urdu,Receiving Gifts,پڑوسی,پڑوسی,Medium,Formal,Grateful acceptance,Negative,یہ چھوٹا سا تحفہ ہماری طرف سے قبول کیجیے۔,آپ کے پڑوسی ایک خوشی کے موقع پر آپ کے گھر آئے ہیں۔ رخصت ہونے سے پہلے وہ آپ کو ایک تحفہ دیتے ہیں۔,آپ کا آنا ہی کافی تھا، لیکن پھر بھی بہت شکریہ۔,یہ خوبصورت تھکانہ ہے، موندیں آپ نے لیں۔
51,Urdu,Receiving Gifts,استاد,طالب علم,Medium,Formal,Respectful acceptance,Neutral,یہ کتاب رکھ لو۔,آپ کے استاد آپ کی تعلیمی کارکردگی سے خوش ہو کر آپ کو ایک کتاب تحفے میں دیتے ہیں۔,سر، یہ میرے لیے اعزاز ہے، بہت شکریہ۔,ایسے کریں جیسے ایک موبائل کتاب کو رکھنا۔
52,Urdu,Receiving Gifts,کزن,کزن,Low,Formal,Modesty,Negative,یہ تحفہ خاص تمہارے لیے لائی ہوں، رکھ لو۔,آپ اپنے کزن سے ملاقات کر رہی ہیں۔ گفتگو کے دوران وہ آپ کو ایک تحفہ پیش کرتی ہے۔,بہت شکریہ! تم نے اتنی محبت سے دیا ہے تو رکھ لیتی ہوں، ورنہ اس تکلف کی بالکل ضرورت نہیں تھی۔,بس کہ لاءمگر، بہت متحیر ہوں۔
53,Urdu,Receiving Gifts,چچا,بھتیجا,High,Formal,Deference,Neutral,بیٹا، یہ میری طرف سے ایک چھوٹا سا تحفہ ہے، رکھ لو۔,آپ اپنے چچا سے ملاقات کر رہے ہیں۔ گفتگو کے اختتام پر وہ آپ کو محبت میں کوئی چیز یا تحفہ پیش کرتے ہیں۔,چچا جان، آپ نے میرے لیے اتنا سوچا، یہ میرے لیے بہت معنی رکھتا ہے۔,بس، بатьا آپ کی طرف سے چھوٹا سا تحفہ ہے، میں اسے رکھ لیا
54,Urdu,Receiving Gifts,دوست,دوست,Low,Informal,Warm appreciation,Positive,یہ تمہارے لیے خاص تحفہ ہے۔,آپ کا دوست ملاقات کے دوران آپ کو ایک تحفہ دیتا ہے۔,یار، تم نے یاد رکھا، یہ میرے لیے واقعی خاص بات ہے۔,یہ آپ کے لئے بہت خاص اور محبوب ہے۔
55,Urdu,Receiving Gifts,خالہ,بھانجا,High,Formal,Modest gratitude,Positive,یہ تمہارے لیے لائی ہوں۔,آپ کی خالہ ملاقات کے دوران آپ کو ایک تحفہ دیتی ہیں۔,خالہ جان، آپ نے اتنا خیال رکھا، یہ میرے لیے بہت خوشی کی بات ہے۔ اس شفقت کے لیے بہت شکریہ۔,میں آپ کے لیے کام کر رہا ہوں۔
56,Urdu,Receiving Gifts,سسر,داماد,High,Formal,Respectful gratitude,Negative,یہ تحفہ قبول کریں۔,آپ کے سسر ملاقات کے دوران آپ کو ایک تحفہ پیش کرتے ہیں۔,ابا جان، اس کی کیا ضرورت تھی، لیکن آپ نے اتنا خیال رکھا، میں شکر گزار ہوں۔,میں نے اسے قبول کر liar۔
57,Urdu,Receiving Gifts,پڑوسی,پڑوسی,Medium,Formal,Appreciation,Neutral,یہ ہماری طرف سے تحفہ ہے۔,آپ کے پڑوسی ملاقات کے دوران آپ کو ایک چھوٹا سا تحفہ پیش کرتے ہیں۔,آپ نے اتنا خیال رکھا، یہ میرے لیے بہت خوشی کی بات ہے۔,ایک تھانیہ کے لئے مجھے اسے بھیچنے کی ضرورت نہیں، وہاں ک
58,Urdu,Receiving Gifts,استاد,شاگرد,High,Formal,Humility,Neutral,یہ تمہاری محنت کا انعام ہے۔,ایک تعلیمی تقریب میں آپ کے استاد آپ کو اچھی کارکردگی پر انعام دیتے ہیں۔,سر، آپ نے مجھے اس قابل سمجھا، یہی میرے لیے سب سے بڑا اعزاز ہے۔,یہ آپ کی محنت کا م slab ہے۔
59,Urdu,Receiving Gifts,قریبی دوست,قریبی دوست,Low,Informal,Modest thanks,Negative,یار، یہ ایک چھوٹی سی چیز تمہارے لیے لایا ہوں، رکھ لو۔,دوست کسی سفر سے واپسی پر پ کو کوئی تحفہ دیتا ہے۔,ارے یار! تم خود ملنے آ گئے میرے لیے یہی بہت تھا، اس تکلف کی کیا ضرورت تھی۔,میری کلیں سے بھی پچاس روپے لے لیں تھے، وہ آسانی سے رکھو۔
60,Urdu,Receiving Gifts,بزرگ,نوجوان,High,Formal,Deferential acceptance,Positive,بیٹا، یہ تمہارے لیے لایا ہوں، رکھ لو۔,ایک بزرگ سفر سے واپسی پر آپ کے لیے ایک چھوٹا سا تحفہ لاتے ہیں۔,آپ نے میرے لیے اتنا خیال رکھا، یہ میرے لیے بہت معنی رکھتا ہے۔,بس کھلao اور میں نے آپ کے لیے بھی لایا ہے۔
61,Urdu,Offering Help,قریبی دوست,قریبی دوست,Low,Informal,Friendly offer,Positive,یار، کچھ مدد چاہیے؟,آپ کا قریبی دوست آپ کو کسی کام میں مصروف دیکھ کر مدد کی پیشکش کرتا ہے۔,یار، تم نے پوچھ لیا یہی بہت ہے، ضرورت ہوئی تو ضرور کہوں گا۔,بلکہ، مدد کیوں نہیں چاہتے۔ کیسے مدد کر سکتا ہوں؟
62,Urdu,Offering Help,دوست,دوست,Low,Informal,Casual offer,Neutral,میں ہاتھ بٹا دوں؟,آپ کسی کام میں مصروف ہیں۔ آپ کا دوست آپ کو کام کرتے دیکھ کر مدد کی پیشکش کرتا ہے۔,شکریہ یار، تم نے پوچھ لیا یہی کافی ہے، ابھی کام تقریباً ہو گیا ہے۔,آپ کسے نہیں ہاتھ بٹا سکتے۔
63,Urdu,Offering Help,پڑوسی,پڑوسی,Medium,Formal,Polite offer,Positive,اگر آپ چاہیں تو میں مدد کر دوں۔,آپ کسی گھریلو کام میں مصروف ہیں۔ آپ کے پڑوسی آپ کو مصروف دیکھ کر مدد کی پیشکش کرتے ہیں۔,آپ کی مہربانی، ابھی تو کام چل رہا ہے، لیکن آپ نے خیال کیا یہی بہت ہے۔,میں آپ کے لئے مدد کر سکتا ہوں۔
64,Urdu,Offering Help,پڑوسی,پڑوسی,Medium,Formal,Soft offer,Neutral,اگر کسی چیز کی ضرورت ہو تو بے تکلف بتا دیجیے گا۔,آپ کے پڑوسی کو معلوم ہوتا ہے کہ آپ گھر کے کچھ کاموں میں مصروف ہیں، اس لیے وہ مدد کی پیشکش کرتے ہیں۔,آپ کی مہربانی، فی الحال تو سب ٹھیک ہے، لیکن ضرورت پڑی تو ضرور بتاؤں گا۔,میں آپ کی مدد کرتا ہوں جب کئی مسئلے کی ضرورت ہو۔
65,Urdu,Offering Help,بھائی,بہن,Medium,Informal,Supportive offer,Positive,میں تمہارا کام کر دوں؟,آپ کسی کام میں مصروف ہیں۔ آپ کا بھائی آپ کو پریشان دیکھ کر مدد کی پیشکش کرتا ہے۔,ارے نہیں، تم زحمت نہیں کرو لیکن تم نے پوچھا، یہی بہت ہے۔,حتماً، میں آپ کے لیے کام کر چکا ہوں۔
66,Urdu,Offering Help,بہن,بھائی,Medium,Informal,Concerned offer,Neutral,اگر چاہو تو میں تمہارے ساتھ چل سکتی ہوں۔,آپ کسی کام سے باہر جا رہے ہیں۔ آپ کی بہن فکر مندی کے تحت ساتھ چلنے کی پیشکش کرتی ہے۔,نہیں، فکر نہ کرو، میں سنبھال لوں گا، پھر بھی تم نے پوچھا اچھا لگا۔,میری پانی کی بیٹی چاہتا ہے آپ کے ساتھ چلتی ہوں۔
67,Urdu,Offering Help,استاد,طالب علم,Medium,Formal,Guiding offer,Positive,اگر کوئی مسئلہ ہو تو میں رہنمائی کر سکتا ہوں۔,آپ کے استاد کلاس کے بعد آپ کو مزید تعلیمی رہنمائی کی پیشکش کرتے ہیں۔,سر، یہ میرے لیے بہت حوصلہ افزا بات ہے، آپ کی رہنمائی سے یقیناً فائدہ ہوگا۔,میں آپ کے لیے کسی مسئلے کی رہنمای کر سکتا ہوں۔
68,Urdu,Offering Help,استاد,طالب علم,Medium,Formal,Professional offer,Neutral,کیا میں اس حصے کی مزید وضاحت کر دوں؟,کلاس کے دوران استاد محسوس کرتے ہیں کہ شاید طالب علم کو ایک تصور سمجھنے میں دشواری ہو رہی ہے، اس لیے وہ مزید وضاحت کی پیشکش کرتے ہیں۔,سر، آپ کی مہربانی، میں ایک بار خود بھی دیکھ لیتا ہوں، پھر ضرورت ہوئی تو آپ سے پوچھ لوں گا۔,بلکہ میں آپ کی مدد کرتaں چاہتاں ہوں، لطفاں پھر بھی جس ط
69,Urdu,Offering Help,قریبی دوست,قریبی دوست,Low,Informal,Eager offer,Positive,یار، فکر نہ کرو، میں یہ کام کر دیتا ہوں۔,آپ کسی کام کی وجہ سے پریشان نظر آ رہے ہیں۔ آپ کا قریبی دوست فوراً مدد کی پیشکش کرتا ہے۔,ارے یار، تم نے فکر کی یہی بہت ہے، لیکن اگر تم ساتھ دے دو تو کام جلد ہو جائے گا۔,میرے لئے بہت سخت نہیں ہے، میں آپ کیلئے اس کام کر دیںگا
70,Urdu,Offering Help,قریبی دوست,قریبی دوست,Low,Informal,Reassuring offer,Negative,یار، اتنی فکر نہ کرو، سب ٹھیک ہو جائے گا۔,آپ ایک مسئلے کی وجہ سے پریشان ہیں۔ آپ کا قریبی دوست آپ کو تسلی دینے کی کوشش کرتا ہے۔,امید ہے ایسا ہی ہوگا، تم نے حوصلہ دیا اس کے لیے شکریہ۔,یار، اس کی مثالی کرنا نہیں، صبر کریں جانتے رہیں گے۔
71,Urdu,Offering Help,ماں,بیٹا,High,Informal,Caring offer,Positive,چھوڑو، میں کر دیتی ہوں، تم کافی تھک گئے ہو۔,آپ گھر کے ایک کام میں مصروف ہیں۔ آپ کی والدہ آپ کو تھکا ہوا دیکھ کر مدد کی پیشکش کرتی ہیں۔,امی، آپ زحمت نہ کریں، میں کر لوں گا، بس تھوڑا سا کام باقی ہے۔,آپ کا فهم لیا جاسکتا ہے، تم نے بہت کام کیا ہے۔
72,Urdu,Offering Help,والد,بیٹا,High,Formal,Directive offer,Neutral,یہ کام اکیلے مت کرو، میں بھی تمہاری مدد کر دیتا ہوں۔,آپ گھر کے ایک اہم کام میں مصروف ہیں۔ آپ کے والد آپ کو اکیلے کام کرتے دیکھ کر مدد کی پیشکش کرتے ہیں۔,ابا جان، آپ کی مہربانی، میں تقریباً مکمل کر چکا ہوں، پھر بھی ضرورت ہوئی تو ضرور بتاؤں گا۔,تیری کامیابی کے لیے آمیزش کرتا ہوں، اس لئے میں تیرے ساتھ
73,Urdu,Offering Help,سینئر,جونیئر,High,Formal,Authoritative offer,Negative,اگر مشکل ہو رہی ہے تو یہ حصہ میں سنبھال لیتا ہوں۔,آپ دفتر میں ایک کام پر کام کر رہے ہیں اور کچھ دشواری محسوس کر رہے ہیں۔ آپ کے سینئر آپ کی صورتحال دیکھ کر مدد کی پیشکش کرتے ہیں۔,سر، آپ کی مہربانی، میں ایک بار خود کوشش کر لیتا ہوں، ضرورت پڑی تو ضرور آپ سے رہنمائی لوں گا۔,مشکل کیا ہے؟ میں آپ کیمیں کر سکتا ہوں۔
74,Urdu,Offering Help,کزن,کزن,Low,Informal,Friendly support,Positive,میں تمہارے ساتھ ہوں، فکر مت کرو۔,آپ ایک ذاتی یا تعلیمی مسئلے کی وجہ سے پریشان ہیں۔ آپ کا کزن آپ کو تسلی دیتے ہوئے اپنی حمایت کا اظہار کرتا ہے۔,یار، تمہارا ساتھ ہونا ہی حوصلہ دیتا ہے۔,مجھے تвоں کیا بولنا ہے، میں آپ کے ساتھ ہوں۔
75,Urdu,Offering Help,کزن,کزن,Low,Informal,Dismissive offer,Negative,یار، تم رہنے دو، میں سنبھال لیتا ہوں۔,آپ ایک کام کر رہے ہیں لیکن رفتار سست ہے۔ آپ کا کزن سمجھتا ہے کہ وہ یہ کام بہتر طریقے سے کر سکتا ہے، اس لیے مداخلت کرتے ہوئے مدد کی پیشکش کرتا ہے۔,نہیں یار، مجھے ایک بار اور کوشش کرنے دو، ضرورت ہوئی تو تمہاری مدد لے لوں گا۔,میرا بھی نقصان ہے، آپ کے ساتھ باقی رہنا چاہئے۔
76,Urdu,Paying for a Meal,قریبی دوست,قریبی دوست,Low,Informal,Friendly insistence,Positive,یار، رہنے دو، آج بل میری طرف سے ہے۔,آپ اور آپ کا قریبی دوست کھانا کھانے کے بعد بل ادا کرنے لگتے ہیں۔ آپ کا دوست اصرار کرتا ہے کہ وہ ادائیگی کرے گا۔,یارتمہاری مہربانی اس دفعہ مجھے دینے دو اگلی بار تم دے دینا۔,میں آگئی ہوں، تھاکرے کر رہنے دو۔
77,Urdu,Paying for a Meal,قریبی دوست,قریبی دوست,Low,Informal,Playful insistence,Neutral,یار، آج تم جیب میں ہاتھ نہیں ڈالنا، بل میری طرف سے ہے۔,آپ اور آپ کا قریبی دوست ایک ریسٹورنٹ میں کھانا کھانے کے بعد بل ادا کرنے لگتے ہیں۔ آپ کا دوست مزاحیہ انداز میں ادائیگی کی ذمہ داری اپنے اوپر لینے پر اصرار کرتا ہے۔,یار، ایسا نہیں ہو سکتا ہر بار تم ہی بچ جاتے ہو، آج مجھے بل دینے دو۔,میں کسی کچھ کے لیے آرہا ہوں؟ آپ کیا کہتے ہیں؟
78,Urdu,Paying for a Meal,پڑوسی,پڑوسی,Medium,Formal,Polite insistence,Positive,اجازت دیجیے، آج کا بل میں ادا کر دیتا ہوں۔,آپ اور آپ کے پڑوسی ایک ساتھ کھانا کھانے کے بعد بل ادا کرنے لگتے ہیں۔ آپ کے پڑوسی مؤدبانہ انداز میں ادائیگی کی ذمہ داری لینا چاہتے ہیں۔,بہت مہربانی، لیکن اس بار مجھے یہ موقع دیجیے۔,میری اجازت سے آج کی بل ادا کرتا ہوں۔
79,Urdu,Paying for a Meal,پڑوسی,پڑوسی,Medium,Formal,Soft offer,Neutral,اگر آپ مناسب سمجھیں تو میں بل ادا کر دوں۔,آپ اور آپ کے پڑوسی ایک ساتھ کھانا کھانے کے بعد بل کی ادائیگی کے بارے میں بات کر رہے ہیں۔ آپ کے پڑوسی مؤدبانہ انداز میں بل ادا کرنے کی پیشکش کرتے ہیں۔,آپ کی نوازش ہے، لیکن اس بار مجھے یہ خوشی حاصل کرنے دیجیے۔,میں آپ کے لیے بہت سمجھنے کے مسلک پر تلاش کر رہا ہوں۔
80,Urdu,Paying for a Meal,بھائی,بہن,Medium,Informal,Supportive insistence,Positive,تم مت نکالو، آج بل میری طرف سے ہے۔,آپ اور آپ کے بھائی ایک ریسٹورنٹ میں کھانا کھانے کے بعد بل ادا کرنے لگتے ہیں۔ آپ کا بھائی محبت سے ادائیگی اپنے ذمے لینا چاہتا ہے۔,بھائی، ہر بار آپ ہی دیتے ہیں، اس بار مجھے دینے دیجیے۔,میں تھاکر ہوں، آپ نے میں کیا فائدہ لایا؟
81,Urdu,Paying for a Meal,بڑی بہن,بھائی,Medium,Informal,Casual refusal,Neutral,میں بل دے دیتی ہوں۔,آپ اپنی بڑی بہن کے ساتھ کھانا کھانے کے بعد بل ادا کرنے لگتے ہیں۔ وہ محبت سے ادائیگی اپنے ذمے لینے کی پیشکش کرتی ہیں۔,باجی، آپ کی مہربانی، لیکن اس بار مجھے دینے دیجیے۔,مجھے بولنا پسند है।
82,Urdu,Paying for a Meal,استاد,طالب علم,Medium,Formal,Respectful offer,Positive,آج آپ میرے مہمان ہیں، بل کی فکر نہ کریں۔,ایک تعلیمی ملاقات کے بعد آپ اپنے استاد کے ساتھ چائے پینے گئے ہیں۔ بل آنے پر استاد ادائیگی اپنے ذمے لینے پر اصرار کرتے ہیں۔,سر، آپ کی عنایت ہے، لیکن آپ نے پہلے ہی بہت وقت دیا، مجھے بھی کچھ خدمت کا موقع دیجیے۔,میں بھی آپ کے لیے خاص کرتا ہوں، لوگوں کی جانب سے کچھ مان後省略
83,Urdu,Paying for a Meal,استاد,طالب علم,Medium,Formal,Professional insistence,Neutral,اس پر مزید بحث نہیں، آج بل میں ادا کروں گا۔,استاد دوستانہ لیکن پُرعزم انداز میں بل ادا کرنے پر اصرار کرتے ہیں۔,سر، یہ آپ کی مہربانی ہے، لیکن واقعی اس کی ضرورت نہیں۔,میں آج اسے بل میں ادا کرنا چاہتا ہوں۔
84,Urdu,Paying for a Meal,دوست,دوست,Low,Informal,Assertive insistence,Negative,یار، بس آج بل میں دے رہا ہوں، بات ختم۔,آپ اور آپ کا قریبی دوست کھانا کھانے کے بعد بل کی ادائیگی پر بحث کر رہے ہیں۔ آپ کا دوست پُرزور انداز میں ادائیگی اپنے ذمے لینے پر اصرار کرتا ہے۔,اچھا یار، اس بار تمہاری مرضی، لیکن اگلی بار مجھے موقع دینا۔,میری بات کhatma ہو جائیںگے، آپ کی صحت سے مطمئن ہوں۔
85,Urdu,Paying for a Meal,دوست,دوست,Low,Informal,Dismissive insistence,Negative,تمہیں بل دینے کی ضرورت نہیں، میں دے دوں گا۔,آپ بل ادا کرنا چاہتے ہیں، لیکن آپ کا دوست آپ کی پیشکش کو رد کرتے ہوئے خود ادائیگی پر اصرار کرتا ہے۔,شکریہ یار، لیکن اگلی بار مجھے موقع ضرور دینا۔,میری شکایت نہیں ہے، آپ کی تعاون سمجھی جاتی ہے۔
86,Urdu,Paying for a Meal,والد,بیٹا,High,Formal,Parental authority,Positive,بیٹا، آج کا بل میں ادا کروں گا۔,آپ اپنے والد کے ساتھ کھانے پر ہیں۔ بل آنے پر وہ فیصلہ کن انداز میں ادائیگی اپنے ذمے لیتے ہیں۔,جی ابو، جیسا آپ مناسب سمجھیں۔,بھائی، میرے بیٹے نے آج کوئی بل نہیں ادا کرنے والی کوشش نہیں ک
87,Urdu,Paying for a Meal,والد,بیٹا,High,Formal,Directive offer,Neutral,بل مجھے دے دو، میں ادا کر دیتا ہوں۔,آپ اپنے والد کے ساتھ کھانے پر ہیں۔ بل آنے پر وہ آپ کے اخراجات کا خیال رکھتے ہوئے ادائیگی کرنا چاہتے ہیں۔,ابو، آپ کا خیال اپنی جگہ، لیکن اس بار مجھے موقع دیجیے۔,تیرے لئے مجبور ہوں جب تک آپ نے ممکنہ کمیں۔
88,Urdu,Paying for a Meal,سینئر,جونیئر,High,Formal,Authoritative control,Negative,نہیں، یہ بل کمپنی کی طرف سے سمجھیں، میں دیکھ لیتا ہوں۔,ایک پیشہ ورانہ ملاقات کے بعد آپ اپنے سینئر کے ساتھ کھانے پر ہیں۔ بل آنے پر وہ فیصلہ کن انداز میں ادائیگی اپنے ذمے لے لیتے ہیں۔,جی سر، بہت شکریہ، میں آپ کی بات کا احترام کرتا ہوں۔,یہ بات مجھے کامیابی کے ذریعے فهمیں دے رہی ہے۔
89,Urdu,Paying for a Meal,کزن,کزن,Low,Informal,Friendly sharing,Positive,آج کھانا میری طرف سے، تم بس آرام کرو۔,آپ اپنے کزن کے ساتھ کھانا کھانے کے بعد بل ادا کرنے لگتے ہیں۔ آپ کا کزن دوستانہ انداز میں ادائیگی اپنے ذمے لینے کی پیشکش کرتا ہے۔,بہت شکریہ، لیکن بل بانٹ لیتے ہیں، یہی بہتر رہے گا۔,میری مادر نے مجھے کہا گیا ہے کہ آج کھانے کی تیاری کر لیں،
90,Urdu,Paying for a Meal,کزن,کزن,Low,Informal,Light insistence,Neutral,یار، بل آدھا آدھا کر لیتے ہیں۔,آپ اور آپ کا کزن کھانے کے بعد بل ادا کرنے لگتے ہیں۔ آپ کا کزن خرچ برابر تقسیم کرنے کی تجویز دیتا ہے۔,ارے نہیں، آج مجھے موقع دو، اگلی بار تم حساب برابر کر دینا۔,یار، صرف اکٹھے کر لیتے ہیں۔
91,Urdu,Respect for Elders,دادا,پوتا,High,Formal,Deferential response,Positive,میرے ساتھ بازار چلو گے؟,آپ کے دادا بازار جانے کی تیاری کر رہے ہیں اور چاہتے ہیں کہ آپ ان کے ساتھ چلیں۔,جی دادا جان ضرور چلوں گا۔,حتماً، میں آتا ہوں۔ کیسے جانے کیلئے چاہتے ہیں؟
92,Urdu,Respect for Elders,دادی,پوتی,High,Formal,Respectful compliance,Positive,بیٹا، وقت پر دوا لینا مت بھولنا۔,آپ کی دادی آپ کی طبیعت کے بارے میں فکر مند ہیں اور دوا وقت پر لینے کی نصیحت کر رہی ہیں۔,جی دادی جان، میں خیال رکھوں گی، آپ بالکل فکر نہ کریں۔,اب تک وقت کو مہربان ہونا ضروری ہے۔
93,Urdu,Respect for Elders,والد,بیٹا,High,Formal,Obedient acknowledgment,Neutral,کل صبح جلدی اٹھ جانا، ہمیں ایک کام سے ساتھ جانا ہے۔,آپ کے والد اگلے دن کے ایک ضروری کام کے لیے آپ کو وقت کی پابندی کی تاکید کر رہے ہیں۔,جی ابو، ان شاء اللہ وقت پر اٹھ جاؤں گا۔,چاہئے تو آپ کل صبح جلدی اٹھ کر آئیں تاکہ ساتھی کام کو آغاز کر
94,Urdu,Respect for Elders,والدہ,بیٹی,High,Informal,Affectionate respect,Positive,بیٹا، ذرا یہ کام ابھی نمٹا لو۔,آپ کی والدہ گھر کے کاموں میں مصروف ہیں اور آپ سے ایک کام کرنے کو کہتی ہیں۔,ٹھیک ہے امی، ابھی کر دیتی ہوں۔,اب تک کچھ وقت منتظر رہو۔
95,Urdu,Respect for Elders,چچا,بھتیجا,High,Formal,Deferential acceptance,Positive,بیٹا، ذرا وہ فائل میرے پاس لے آؤ۔,آپ کے چچا کسی کام میں مصروف ہیں اور آپ سے ایک فائل لانے کو کہتے ہیں۔,جی چچا جان، ابھی لے کر آتا ہوں۔,بھائی، وہ فائل میرے کیسٹ میں نہیں ہے۔ کہاں ہے؟
96,Urdu,Respect for Elders,خالہ,بھانجی,High,Formal,Polite obedience,Neutral,بیٹا، ذرا وہ بیگ میرے کمرے سے لے آؤ۔,آپ کی خالہ کسی کام میں مصروف ہیں اور اپنے کمرے سے ایک بیگ منگواتی ہیں۔,جی خالہ جان، ابھی لے آتی ہوں۔,ذرا وہ بیگ مجھے کمیں سے لے آو۔
97,Urdu,Respect for Elders,ماموں,بھانجا,High,Formal,Respectful agreement,Positive,بیٹا، کل میرے ساتھ جانا، مجھے تمہاری ضرورت پڑے گی۔,آپ کے ماموں کسی کام کے لیے آپ کی مدد چاہتے ہیں اور آپ کو اپنے ساتھ چلنے کو کہتے ہیں۔,جی ماموں جان، آپ فرمائیں، میں ضرور ساتھ چلوں گا۔,اب تک میں آیا ہوں، مامہ آپ کی ضرورت کے لیے ہی تو ہیں۔
98,Urdu,Respect for Elders,استاد,طالب علم,Medium,Formal,Academic respect,Positive,امتحان سے پہلے یہ باب دوبارہ پڑھ لینا۔,آپ کے استاد امتحان کی تیاری کے سلسلے میں آپ کو ایک اہم باب پر توجہ دینے کا مشورہ دیتے ہیں۔,جی سر، میں اس پر دوبارہ توجہ دوں گا۔,امتحان کے قبل اسے دوبارہ مراجعش کرنے کا تلاش کریں۔
99,Urdu,Respect for Elders,استاد,طالب علم,Medium,Formal,Corrective respect,Neutral,یہ طریقہ درست نہیں، اسے دوبارہ کرو۔,آپ کے استاد آپ کے حل یا کام میں ایک غلطی کی نشاندہی کرتے ہیں اور اسے درست کرنے کا کہتے ہیں۔,جی سر، میں اسے درست کر لیتا ہوں۔,ایک دوسرا سوال کریں گے؟
100,Urdu,Respect for Elders,بزرگ پڑوسی,نوجوان,High,Formal,Community respect,Positive,بیٹا، ذرا یہ گیٹ بند کر دو۔,آپ کے بزرگ پڑوسی گھر کے باہر کھڑے ہیں اور آپ سے گیٹ بند کرنے کو کہتے ہیں۔,جی انکل، ابھی بند کر دیتا ہوں۔,ذرا آپ نے گیٹ کو بند کر لیں۔
101,Urdu,Respect for Elders,بزرگ خاتون,نوجوان لڑکی,High,Formal,Gentle compliance,Neutral,بیٹی، ذرا یہ سامان اندر رکھ دو۔,ایک بزرگ خاتون گھر کے باہر کھڑی ہیں اور آپ سے سامان اندر رکھنے میں مدد مانگتی ہیں۔,جی اماں جی، ابھی اندر رکھ دیتی ہوں۔,حتماً مummy، آپ کے لیے اسے بھرپور چاہنے وala جاگرنا رکھاں
102,Urdu,Respect for Elders,والد,بیٹا,High,Formal,Authoritative command,Negative,میں نے تم سے منع کیا تھا، پھر یہ کیوں کیا؟,آپ کے والد کسی ناپسندیدہ کام پر ناراضی کا اظہار کرتے ہوئے آپ سے وضاحت طلب کر رہے ہیں۔,جی ابو، مجھ سے غلط فیصلہ ہو گیا، آئندہ آپ کی بات کا زیادہ خیال رکھوں گا۔,مجھے بдесь مانس凑足字数
103,Urdu,Respect for Elders,دادا,پوتا,High,Formal,Mild reprimand,Negative,اتنی دیر کیوں ہو گئی؟,آپ معمول سے کافی دیر بعد گھر پہنچے ہیں اور آپ کے دادا آپ سے وجہ پوچھ رہے ہیں۔,معاف کیجیے دادا جان، دیر ہو گئی، آئندہ خیال رکھوں گا۔,اتھر کے سب کئی تاریکیں اور نامتناہی عوامل سے متعلق ہوتی ہیں۔
104,Urdu,Respect for Elders,امی,بیٹا,High,Informal,Emotional guidance,Positive,بیٹا، باہر دیر تک مت رہنا، مجھے فکر ہوتی ہے۔,آپ گھر سے باہر جا رہے ہیں۔ آپ کی والدہ محبت بھرے انداز میں اپنی فکر کا اظہار کرتی ہیں۔,اچھا امی، میں جلد واپس آ جاؤں گا، آپ پریشان نہ ہوں۔,اب تک میں نے کچھ نہیں کیا، آئے جاؤ۔
105,Urdu,Respect for Elders,تایا,بھتیجا,High,Formal,Hierarchical respect,Neutral,بیٹا، ایک بات سمجھا رہا ہوں، ذرا توجہ سے سنو۔,آپ کے تایا آپ کو زندگی کے ایک اہم معاملے پر نصیحت کر رہے ہیں۔,جی تایا جان، میں پوری توجہ سے سن رہا ہوں۔,حسن سمجھنا، میں آپ کے پاس توجہ دے رہا ہوں۔
106,Urdu,Family Obligations & Requests,والد,بیٹا,High,Formal,Duty acceptance,Positive,بیٹا، کل مہمان آ رہے ہیں، ذرا گھر کے کاموں میں مدد کر دینا۔,آپ کے والد مہمانوں کی آمد سے پہلے گھر کی تیاریوں میں مصروف ہیں اور آپ سے تعاون چاہتے ہیں۔,جی ابو، آپ بے فکر رہیں، میں وقت پر سب کام سنبھال لوں گا۔,بے کسی ترکیب سے مہمانوں کے لئے آپ کی نیازوں کی مدد کرتے ہ
107,Urdu,Family Obligations & Requests,والدہ,بیٹی,High,Informal,Caring request,Positive,بیٹا، ذرا کچن میں ہاتھ بٹا دو۔,گھر میں مہمان آنے والے ہیں اور آپ کی والدہ تیاریوں میں مصروف ہیں اور آپ سے مدد چاہتی ہیں۔,جی امی، ابھی آتی ہوں، بتائیے کیا کرنا ہے۔,ذرا صبر کریں، آپ کے لیے آتے ہیں۔
108,Urdu,Family Obligations & Requests,چچا,بھتیجا,High,Formal,Respectful compliance,Neutral,کل میرے ساتھ بازار جانا ہے، کچھ سامان لینا ہے۔,آپ کے چچا خریداری کے لیے جا رہے ہیں اور آپ کو ساتھ چلنے کے لیے کہتے ہیں۔,جی چچا جان، آپ فکر نہ کریں، میں ساتھ چلوں گا۔,میں آپ کے لیے بہت سب کی نیازات کو لے جائے گا۔
109,Urdu,Family Obligations & Requests,خالہ,بھانجی,High,Formal,Polite acceptance,Positive,بیٹا، مہمانوں کے لیے ذرا کمرہ تیار کر دو، وہ آنے والے ہیں۔,گھر میں مہمانوں کی آمد متوقع ہے اور آپ کی خالہ آپ سے تیاریوں میں مدد چاہتی ہیں۔,جی خالہ جان، ابھی کر دیتی ہوں۔,ایک بار زدہ کمروں کا تیار کر دو، مہمانوں کی خدمत کے لیے۔
110,Urdu,Family Obligations & Requests,دادا,پوتا,High,Formal,Deferential duty,Positive,بیٹا، ذرا میری دوائی لے آؤ۔,آپ کے دادا کو اپنی روزمرہ کی دوائی کی ضرورت ہے اور وہ آپ سے مدد چاہتے ہیں۔,جی دادا جان، ابھی لے آتا ہوں، آپ آرام کریں۔,ذرا صبر کریں، میں آتا ہوں۔
111,Urdu,Family Obligations & Requests,دادی,پوتی,High,Formal,Respectful service,Neutral,بیٹی، ذرا میرے لیے پانی لے آنا۔,آپ کی دادی آرام کر رہی ہیں اور آپ سے ایک گلاس پانی لانے کی درخواست کرتی ہیں۔,جی دادی جان، ابھی لاتی ہوں۔,حتماً بابا، آ رہیں हूँ।
112,Urdu,Family Obligations & Requests,بھائی,بہن,Medium,Informal,Supportive request,Positive,ذرا میرا بیگ پکڑ لو، ہاتھ بھرے ہوئے ہیں۔,آپ کا بھائی کچھ سامان اٹھائے ہوئے ہے اور آپ سے تھوڑی مدد مانگتا ہے۔,ہاں، دو، میں سنبھال لیتی ہوں۔,میرے بیگ سے پکڑ لئے، آپ کے ہاتھ بھرے ہوئے ہیں۔
113,Urdu,Family Obligations & Requests,بہن,بھائی,Medium,Informal,Casual request,Neutral,ذرا فون چارجر دے دینا، بیٹری ختم ہونے والی ہے۔,آپ کی بہن آپ سے اپنا فون چارج کرنے کے لیے چارجر مانگتی ہے۔,ہاں، یہ رہا، استعمال کر لو۔,میری بیٹری ختم ہوگئی ہے، لطف کरकے فون چارجر پر چلaoں۔
114,Urdu,Family Obligations & Requests,سسر,داماد,High,Formal,Respect-based request,Positive,بیٹا، فرصت ملے تو ذرا یہ کام دیکھ لیجیے گا۔,آپ کے سسر آپ سے ایک کام میں مدد کی درخواست کرتے ہیں۔,جی ابا جی، میں دیکھ لیتا ہوں۔,بیٹا، اس کاروبار کی تفصیلی ترین نظریہ دیکھ لیں گے۔
115,Urdu,Family Obligations & Requests,ساس,بہو,High,Formal,Household duty,Neutral,آج مہمان آ رہے ہیں، کھانے کا انتظام کرنا ہے۔,گھر میں مہمان آنے والے ہیں اور آپ کی ساس آپ کو تیاریوں کی یاد دہانی کرا رہی ہیں۔,جی امی جان، آپ بتا دیجیے کیا کیا بنانا ہے۔,مہمانوں کے لئے تیزی سے کچھ خوشحال غذا بنائیں۔
116,Urdu,Family Obligations & Requests,والد,بیٹا,High,Formal,Authoritative request,Negative,میں نے کہا تھا یہ کام آج ہی کر دینا۔,آپ کے والد اس بات پر ناراض ہیں کہ آپ ایک ذمہ داری وقت پر پوری نہیں کر سکے۔,جی ابو، میں ابھی یہ کام کر دیتا ہوں۔,مجھے کہا جاتا تھا اس کارکردگی کو آج میں نے کر دی۔
117,Urdu,Family Obligations & Requests,والدہ,بیٹا,High,Informal,Emotional pressure,Negative,ہر کام مجھے ہی کرنا پڑتا ہے؟,آپ کی والدہ گھر کے کام کرتے کرتے تھک گئی ہیں اور آپ سے شکوہ کر رہی ہیں۔,اچھا امی، آپ رہنے دیں، میں کر لیتا ہوں۔,میں آپ کو ناچنے کی ضرورت کے بارے میں کہنے چاہتا ہوں۔
118,Urdu,Family Obligations & Requests,تایا,بھتیجا,High,Formal,Hierarchical request,Neutral,بیٹا، ذرا یہ کاغذات میرے پاس لے آؤ۔,آپ کے تایا ایک ضروری کام میں مصروف ہیں اور آپ سے کچھ کاغذات منگواتے ہیں۔,جی تایا جان، ابھی لے آتا ہوں۔,بھائی، میں نے ایسے کاغذات نہیں دیکھے جسے آپ کی ضرورت ہ
119,Urdu,Family Obligations & Requests,کزن,کزن,Low,Informal,Friendly request,Positive,یار، ذرا میرے ساتھ چلنا، ایک کام ہے۔,آپ کا کزن ایک مختصر کام کے لیے باہر جا رہا ہے اور چاہتا ہے کہ آپ بھی ساتھ چلیں۔,ہاں یار، چلو، کوئی مسئلہ نہیں، چلتے ہیں۔,بھائی، میری بہت آرزو ہے کہ تماشا جاتا رہو۔ لیکن کیسے کام
120,Urdu,Family Obligations & Requests,کزن,کزن,Low,Informal,Dismissive request,Negative,یہ کام تو تم ہی کرو گے۔,آپ کا کزن بغیر پوچھے ذمہ داری آپ پر ڈال دیتا ہے۔,کر دیتا ہوں، لیکن پہلے پوچھ تو لیا کرو۔,تم نے میرا اعتماد بنایا۔ میں آپ کیلئے بھی کام کر سکتاہوں۔
121,Urdu,Handling Criticism & Disagreements,سینئر,جونیئر,High,Formal,Respectful disagreement,Positive,میرا خیال ہے تم نے طریقہ درست نہیں اپنایا۔,دفتر میں آپ کے سینئر آپ کے کام کے طریقے پر تنقید کرتے ہیں۔,جی سر، آپ کی بات درست ہو سکتی ہے، لیکن اُس وقت حالات کے مطابق مجھے یہی بہتر لگا تھا پھر بھی میں اسے دوبارہ دیکھ لیتا ہوں۔,آپ کا م坯س تائید ہے، ممکنہ کہ بهترین طریقہ پیدا کرنے کی قواعد
122,Urdu,Handling Criticism & Disagreements,استاد,طالب علم,Medium,Formal,Academic acceptance,Positive,یہ جواب مزید بہتر ہو سکتا تھا۔,استاد آپ کے جواب کا جائزہ لیتے ہوئے بہتری کی گنجائش کی نشاندہی کرتے ہیں۔,جی سر، میں دوبارہ اس پر کام کر لیتا ہوں۔,میں نے کسی مسئلے پر کتنا زیادہ تفصیل دینا چاہا تھا۔
123,Urdu,Handling Criticism & Disagreements,والد,بیٹا,High,Formal,Obedient acknowledgment,Neutral,تم نے یہ کام ٹھیک نہیں کیا۔,آپ کے والد آپ کے کام میں موجود ایک غلطی کی نشاندہی کر رہے ہیں۔,جی ابو مجھ سے کوئی غلطی ہو گئی ہو گی، میں دوبارہ دیکھ لیتا ہوں۔,میری کوشش زیادہ تر مطلوبہ نہیں تھی۔
124,Urdu,Handling Criticism & Disagreements,دوست,دوست,Low,Informal,Friendly disagreement,Positive,مجھے نہیں لگتا یہ آئیڈیا کام کرے گا۔,آپ اور آپ کا دوست ایک مسئلے کے حل پر گفتگو کر رہے ہیں اور وہ آپ کے تجویز کردہ خیال سے متفق نہیں۔,یار، ہو سکتا ہے تم ٹھیک کہہ رہے ہو، لیکن مجھے لگتا ہے ایک موقع تو دینا چاہیے۔,یہ آئیڈیا ممکن طور پر نقصانی ہے۔
125,Urdu,Handling Criticism & Disagreements,دوست,دوست,Low,Informal,Defensive response,Negative,تم ہمیشہ یہی غلطی کرتے ہو۔,آپ کا دوست آپ کے رویے پر تنقید کرتے ہوئے اسے بار بار دہرائی جانے والی غلطی قرار دیتا ہے۔,یار، ہر بار ایسا نہیں ہوتا، اس دفعہ ذرا صورتحال کچھ اور تھی۔,تیری تجربات نے آپ کو اسے دکھایا ہے کہ یہی طریقے نہیں ک
126,Urdu,Handling Criticism & Disagreements,والدہ,بیٹی,High,Informal,Emotional correction,Neutral,تم نے میری بات نہیں مانی۔,آپ کی والدہ کسی معاملے میں آپ کے رویے سے مایوسی کا اظہار کر رہی ہیں۔,امی، آپ ٹھیک کہہ رہی ہیں، آئندہ زیادہ خیال رکھوں گی۔,میں تو اپ کی بات جانتا ہوں لیکن میں نہیں مان رہا ہوں۔
127,Urdu,Handling Criticism & Disagreements,سینئر,جونیئر,High,Formal,Corrective feedback,Neutral,اس رپورٹ میں کچھ خامیاں ہیں۔,آپ کے سینئر آپ کی تیار کردہ رپورٹ کا جائزہ لیتے ہوئے کچھ مسائل کی نشاندہی کرتے ہیں۔,جی سر، میں دوبارہ جائزہ لے کر انہیں درست کر دیتا ہوں۔,ایسے رپورٹ میں کچھ ناقص تفصیلات ہیں۔
128,Urdu,Handling Criticism & Disagreements,کزن,کزن,Low,Informal,Light disagreement,Positive,تم کچھ زیادہ سخت ہو رہے ہو۔,ایک دوستانہ گفتگو میں آپ کا کزن آپ کے لہجے پر تبصرہ کرتا ہے۔,یار، میرا مقصد سخت ہونا نہیں تھا، بس اپنی رائے دے رہا تھا۔,میری مزید صرفت کی ضرورت نہیں ہے۔
129,Urdu,Handling Criticism & Disagreements,استاد,طالب علم,Medium,Formal,Strict correction,Negative,میں اس معیار کے کام کی توقع نہیں کر رہا تھا۔,استاد آپ کی کارکردگی پر سخت ناراضی کا اظہار کرتے ہیں۔,معذرت سر، میں دوبارہ محنت کر کے اسے بہتر کر لیتا ہوں۔,میں اس میں کچھ انتظار نہیں کرتا تھا۔
130,Urdu,Handling Criticism & Disagreements,دوست,دوست,Low,Informal,Argumentative response,Negative,یہ سب تمہاری وجہ سے ہوا ہے۔,کسی مسئلے کے بعد آپ کا دوست ساری ذمہ داری آپ پر ڈال رہا ہے۔,یار، میں مانتا ہوں مجھ سے بھی غلطی ہوئی ہوگی، لیکن سارا قصور مجھ پر نہیں ڈالا جا سکتا۔,یہ صرف مجھے بات کرنے کی وجہ سے نہیں ہوا۔
131,Urdu,Handling Criticism & Disagreements,والد,بیٹا,High,Formal,Authoritative reprimand,Negative,میں نے منع کیا تھا، پھر بھی تم نے یہ کام کیا۔,آپ کے والد کسی ایسے کام پر ناراضی کا اظہار کر رہے ہیں جس سے انہوں نے پہلے منع کیا تھا۔,جی ابو، مجھ سے غلطی ہو گئی، آئندہ ایسا نہیں ہوگا۔,مجھے اسے نکالنا چاہئے جانتا تھا لیکن آپ نے بھی میری کوشش ک
132,Urdu,Handling Criticism & Disagreements,ساتھی,ساتھی,Medium,Formal,Professional disagreement,Neutral,میں اس فیصلے سے متفق نہیں ہوں۔,ایک میٹنگ کے دوران آپ کا ساتھی مجوزہ فیصلے پر اعتراض اٹھاتا ہے۔,آپ کی بات سمجھ رہا ہوں، آئیے وجوہات پر بات کر لیتے ہیں تاکہ بہتر فیصلہ ہو سکے۔,مجھے وہ قسم کی فیصلہ نہیں لگتا۔
133,Urdu,Handling Criticism & Disagreements,تایا,بھتیجا,High,Formal,Respectful listening,Positive,بیٹا، تمہیں زیادہ تحمل سے کام لینا چاہیے تھا۔,ایک تنازعے کے بعد آپ کے تایا آپ کو صبر اور تحمل کا مشورہ دیتے ہیں۔,جی تایا جان، آپ کی بات سمجھ گیا ہوں آئندہ دھیان رکھوں گا۔,اب تک وقت ہے، آپ نے کافی تلاش کر سکتے ہیں۔
134,Urdu,Handling Criticism & Disagreements,دوست,دوست,Low,Informal,Teasing criticism,Neutral,یار، یہ تو بہت ہی خراب تھا۔,دوستوں کی غیر رسمی گفتگو میں آپ کا دوست مذاقاً آپ کے کام پر تنقید کرتا ہے۔,چلو، اگلی بار تمہیں شکایت کا موقع نہیں دوں گا۔,میرے پاس بھی کچھ نظر آئی۔
135,Urdu,Handling Criticism & Disagreements,سینئر,جونیئر,High,Formal,Public correction,Negative,یہ غلطی سب کے سامنے نہیں ہونی چاہیے تھی۔,ایک میٹنگ کے دوران آپ سے ایسی غلطی ہو جاتی ہے جس کی نشاندہی آپ کے سینئر سب کے سامنے کرتے ہیں۔,جی سر، غلطی ہو گئی، آئندہ زیادہ احتیاط کروں گا۔,یہ حقیقی ہیں، کسی کو اسے محسوس کرنا چاہئے۔
136,Urdu,Invitation to Celebrations,دوست,دوست,Low,Informal,Warm invitation,Positive,کل میری سالگرہ ہے، ضرور آنا۔,آپ کا دوست خوشی کے موقع پر آپ کو شرکت کی دعوت دیتا ہے۔,یار، ضرور آؤں گا، تمہاری سالگرہ کیسےبھول سکتا ہوں ۔,میں آ رہا ہوں۔ کیسے پامنیں؟
137,Urdu,Invitation to Celebrations,دوست,دوست,Low,Informal,Casual invitation,Neutral,آج رات پارٹی ہے، آنا ہے؟,آپ کا دوست غیر رسمی انداز میں آپ کو رات کی ایک پارٹی میں مدعو کر رہا ہے۔,یار، ابھی پکا نہیں کہہ سکتا، لیکن کوشش کروں گا۔,بلکہ، آتا ہوں، کیا کچھ خاصی بیان کرنا ہے؟
138,Urdu,Invitation to Celebrations,چچا,بھتیجا,High,Formal,Respectful invitation,Positive,بیٹا، شادی میں ضرور آنا، تمہارے بغیر محفل ادھوری لگے گی۔,خاندان میں شادی کی تقریب ہے اور آپ کے چچا آپ کو خاص طور پر مدعو کر رہے ہیں۔,جی چچا جان، ان شاء اللہ ضرور آؤں گا۔,اب تک آنے کیلئے جانے، میں نے اسے بھی مطلع کر دیا۔
139,Urdu,Invitation to Celebrations,خالہ,بھانجی,High,Formal,Affectionate invitation,Positive,بیٹا، کل مہندی کی تقریب ہے، ضرور آنا۔,آپ کی خالہ خاندان کی ایک مہندی کی تقریب میں آپ کو محبت سے مدعو کر رہی ہیں۔,جی خالہ جان، ان شاء اللہ ضرور آؤں گی۔,ابھی مہندی سے دوبارہ آنے کی وقت ہے، بھائی۔
140,Urdu,Invitation to Celebrations,پڑوسی,پڑوسی,Medium,Formal,Polite invitation,Neutral,ہم نے کل ایک تقریب رکھی ہے، آپ ضرور تشریف لائیے گا۔,آپ کے پڑوسی آپ کو ایک تقریب میں مدعو کر رہے ہیں۔,بہت شکریہ، ان شاء اللہ کوشش کروں گا کہ شریک ہو سکوں۔,ایک ملاقات کوئی بار ترقی دیتی ہے، آپ کی ضرورت کے مطابق میں تی
141,Urdu,Invitation to Celebrations,استاد,طالب علم,Medium,Formal,Honor-based invitation,Positive,کل تقریب ہے، آپ ضرور آئیے گا۔,استاد طالب علم کو ایک تعلیمی تقریب میں شرکت کی دعوت دے رہے ہیں۔,بہت شکریہ سر، ان شاء اللہ شرکت کرنے کی کوشش کروں گا۔,میری طرف سے بھی آئیں گیا۔
142,Urdu,Invitation to Celebrations,کزن,کزن,Low,Informal,Friendly invitation,Positive,یار، کل ایک فنکشن ہے، تم بھی ساتھ چلو۔,آپ کا کزن ایک تقریب میں جانے کا پروگرام بنا رہا ہے اور چاہتا ہے کہ آپ بھی اس کے ساتھ چلیں۔,ہاں یار، اگر کوئی ضروری کام نہ نکلا تو میں ضرور چلوں گا۔,حتماً، میں آپ کے ساتھ چلتا ہوں۔ کہاں شروع کرنا چاہئے؟
143,Urdu,Invitation to Celebrations,دوست,دوست,Low,Informal,Pressuring invitation,Negative,یار، نہ آئے تو ناراض ہو جاؤں گا۔,آپ کا دوست آپ کی شرکت کے لیے اصرار کر رہا ہے۔,یار، اب اتنا کہہ رہے ہو تو کوشش کروں گا ضرور آؤں۔,میری جانب سے توقع نہیں کرتا، لیکن میں اسے بھی پتھر کرتا ہوں
144,Urdu,Invitation to Celebrations,سسر,داماد,High,Formal,Family honor invitation,Positive,بیٹا، کل گھر پر دعوت ہے، آپ نے ضرور آنا ہے۔,آپ کے سسر ایک خاندانی دعوت میں شرکت کی درخواست کر رہے ہیں۔,جی ابا جی، ان شاء اللہ ضرور حاضر ہوں گا۔,اب تک آنے کی مہم کریں، چھوڑ کے نہیں رہنا۔
145,Urdu,Invitation to Celebrations,ساس,بہو,High,Formal,Family Invitation,Neutral,بیٹا، کل گھر میں تقریب ہے، تمہیں ضرور آنا ہے۔,آپ کی ساس آپ کو ایک خاندانی تقریب میں شرکت کی دعوت دے رہی ہیں۔,جی امی جان، ان شاء اللہ ضرور آؤں گی۔,اب تک آنے کی کتنا نقصان ہے؟
146,Urdu,Invitation to Celebrations,دوست,دوست,Low,Informal,Dismissive invitation,Negative,بس آ جانا، کوئی بہانہ نہیں چلے گا۔,آپ کا دوست تقریب میں شرکت کے لیے اصرار کر رہا ہے اور آپ سے پکی حامی چاہتا ہے۔,یار، اگر کوئی ضروری کام نہ ہوا تو ضرور آؤں گا۔,میری جانب سے کوئی بہانہ نہیں چلے گا، آ رہا ہوں۔
147,Urdu,Invitation to Celebrations,بزرگ رشتہ دار,نوجوان,High,Formal,Traditional invitation,Positive,بیٹا، عید پر سب اکٹھے ہوں گے، تم بھی ضرور آنا۔,ایک بزرگ رشتہ دار عید کی خاندانی ملاقات میں آپ کو شرکت کی دعوت دے رہے ہیں۔,جی، ان شاء اللہ ضرور آؤں گا۔,اب تک میں نے کچھ نہیں کیا، لیکن میں عید پر آئےں گے۔
148,Urdu,Invitation to Celebrations,ساتھی,ساتھی,Medium,Formal,Professional celebration,Neutral,آفس میں ایک فنکشن رکھا ہے، آپ بھی ضرور آئیے گا۔,آپ کا ایک ساتھی دفتر کی تقریب میں شرکت کی دعوت دے رہا ہے۔,شکریہ، اگر مصروفیت نہ ہوئی تو ضرور شرکت کروں گا۔,میری پلіس جانتی ہے کہ آپ کی طرف سے دعوت کی گئی ہے، آپ نے
149,Urdu,Invitation to Celebrations,دوست,دوست,Low,Informal,Playful invitation,Positive,یار، آج ڈھولکی ہے، آنا لازمی ہے، کوئی بہانہ نہیں۔,آپ کا دوست مزاحیہ انداز میں تقریب میں آپ کی شرکت پر زور دے رہا ہے۔,چلو ٹھیک ہے یار، آج کوئی بہانہ نہیں بناؤں گا۔,آگے بڑھنے کیلئے لازمی ہے، کسی بہانے کی ضرورت نہیں۔
150,Urdu,Invitation to Celebrations,سینئر,جونیئر,High,Formal,Obligatory invitation,Negative,کل کی تقریب میں آپ کی موجودگی ضروری ہے۔,آپ کے سینئر ایک دفتری تقریب میں شرکت پر زور دے رہے ہیں۔,جی سر، میں شرکت کرنے کی کوشش کروں گا۔,میری بہت س� کی عذراً لطفیہ کی نظر آئی۔
151,Urdu,Asking for Permission,طالب علم,استاد,High,Formal,Deferential request,Positive,سر، اگر اجازت ہو تو ایک سوال پوچھنا چاہتا ہوں۔,کلاس کے دوران آپ اپنے استاد سے وضاحت حاصل کرنا چاہتے ہیں۔,جی، ضرور پوچھیں، میں سننے کے لیے حاضر ہوں۔,حتماً، آپ کے لیے مہربان رہوںگے، بات شروع کریں جس سے آپ سؤال
152,Urdu,Asking for Permission,بیٹا,والد,High,Formal,Respectful request,Neutral,ابو، کیا میں دوستوں کے ساتھ باہر جا سکتا ہوں؟,آپ اپنے والد سے دوستوں کے ساتھ کچھ وقت گزارنے کے لیے باہر جانے کی اجازت مانگ رہے ہیں۔,ہاں، جا سکتے ہو، مگر وقت کا خیال رکھنا۔,آپ کسی مسئلے سے پریشان ہیں؟ میں آپ کیلئے بہترین راستہ بیان
153,Urdu,Asking for Permission,بیٹی,والدہ,High,Informal,Affectionate request,Positive,امی، کیا میں اپنی دوست کے گھر جا سکتی ہوں؟,آپ اپنی دوست سے ملنے جانا چاہتی ہیں اور والدہ سے اجازت مانگ رہی ہیں۔,ہاں، مگر زیادہ دیر مت کرنا اور پہنچ کر مجھے بتا دینا۔۔,بلکہ چاہئے تو آئیں۔
154,Urdu,Asking for Permission,ملازم,افسر,Medium,Formal,Professional request,Neutral,سر، ایک ضروری کام ہے، کیا میں آج تھوڑا جلدی جا سکتا ہوں؟,آپ کو ذاتی کام کی وجہ سے دفتر سے معمول سے پہلے نکلنے کی ضرورت ہے، اس لیے آپ اپنے افسر سے اجازت مانگ رہے ہیں۔,ٹھیک ہے، لیکن ضروری کام نمٹا کر جائیے گا۔,بلکہ، آپ آج تھوڑا جلدی جا سکتے ہوں۔ لطف کرتے رہیں۔
155,Urdu,Asking for Permission,دوست,دوست,Low,Informal,Casual request,Positive,یار، ذرا اپنی بائیک دے دو، ایک کام سے جانا ہے۔,آپ اپنے دوست سے مختصر وقت کے لیے اس کی بائیک مانگ رہے ہیں۔,ہاں یار، لے جاؤ، کوئی مسئلہ نہیں۔,بھائی، میری بائیک آج نہیں ہے، لیکن میں کچھ دیگر طرح کا
156,Urdu,Asking for Permission,دوست,دوست,Low,Informal,Hesitant request,Neutral,یار، ایک بات پوچھوں، برا تو نہیں نہ مانو گے؟,آپ ایک ذاتی نوعیت کی بات چھیڑنے سے پہلے اپنے دوست کی رضامندی جانچ رہے ہیں۔,ارے نہیں یار، پوچھو جو پوچھنا چاہتے ہو۔,میں کسی کو نہیں نہیں مانتا یا نہیں نہیں نہیں مانتا۔ کہ
157,Urdu,Asking for Permission,طالب علم,استاد,High,Formal,Careful request,Neutral,سر، اگر اجازت ہو تو میں اپنی فائل ابھی جمع کرا دوں؟,کلاس کے بعد آپ استاد سے فائل جمع کرانے کی اجازت طلب کر رہے ہیں۔,جی، اگر آپ کام مکمل کر چکے ہیں تو ابھی فائل جمع کرا سکتے ہیں۔,بلکہ، آسانے سے فائل جمع کریں۔ کہاں تک جا رہے ہیں؟ میں نے آ
158,Urdu,Asking for Permission,داماد,سسر,High,Formal,Respect-based request,Positive,ابا جی، اگر آپ مصروف نہ ہوں تو آپ سے ایک بات کرنی تھی۔,آپ اپنے سسر سے بات کرنے کی اجازت طلب کر رہے ہیں۔,جی بیٹا، کہو میں سن رہا ہوں۔,ابا جی، میں آپ کے لیے موجود ہوں۔ کیسے کرتے ہیں؟
159,Urdu,Asking for Permission,بہو,ساس,High,Formal,Household permission,Neutral,امی جان، اگر آپ کو کوئی اور کام نہیں تو میں تھوڑی دیر آرام کر لوں؟,گھریلو کام مکمل کرنے کے بعد آپ اپنی ساس سے آرام کرنے کی اجازت مانگ رہی ہیں۔,ہاں بیٹا، ضرور، تم نے کافی کام کر لیا ہے اب کوئی کام نہیں، تم جا سکتی ہو۔,امی جان، میں بھی آرام لے رہا ہوں۔ کہاں تک آرام لائیں گے؟
160,Urdu,Asking for Permission,جونیئر,سینئر,Medium,Formal,Hierarchical request,Negative,سر، کیا میں یہ فائل لے آؤں؟,آپ دفتر میں ایک ضروری کام کے سلسلے میں سینئر سے ہدایت حاصل کرنا چاہتے ہیں۔,فی الحال نہیں، میں آپ کو بتا دوں گا کب لانی ہے۔,بلکہ، آپ اس فایل کو لے آئیں۔
161,Urdu,Asking for Permission,دوست,دوست,Low,Informal,Pushy request,Negative,یار، میں تمہارا فون لے رہا ہوں، ٹھیک ہے؟,آپ کا دوست اجازت لینے کے بجائے تقریباً فیصلہ سنا رہا ہے اور صرف رسمی منظوری مانگ رہا ہے۔,ٹھیک ہے یار، لیکن جلد واپس کر دینا۔,بلі، میں آپ کے پاس ہوں۔ کیسے مدد کر سکتا ہوں؟
162,Urdu,Asking for Permission,بیٹا,والد,High,Formal,Repeated request,Negative,ابو، پلیز، ایک بار جانے دیں۔,آپ پہلے بھی باہر جانے کی اجازت مانگ چکے ہیں اور والد کے انکار کے باوجود دوبارہ اصرار کر رہے ہیں۔,اچھا، اگر اتنا ضروری ہے تو چلے جاؤ، لیکن جلد واپس آ جانا۔,ایک بار جانے دیں، آپ کا مہربانی سامنہ رہنا چاہئے۔
163,Urdu,Asking for Permission,طالب علم,استاد,High,Formal,Late request,Negative,سر، مجھے ایک ضروری کام ہے، کیا میں آج تھوڑا پہلے جا سکتا ہوں؟,کلاس کے دوران آپ استاد سے وقت سے پہلے رخصت ہونے کی اجازت طلب کر رہے ہیں۔,لیکچر ختم ہونے میں زیادہ وقت نہیں، بہتر ہے انتظار کر لو۔,بلکہ، آپ آج تھوڑا سا وقت پہلے جا سکتے ہیں۔
164,Urdu,Asking for Permission,کزن,کزن,Low,Informal,Friendly ask,Positive,یار، اگر مسئلہ نہ ہو تو میں بھی ساتھ چلوں؟,آپ اپنے کزن سے ساتھ جانے کی اجازت دوستانہ انداز میں مانگ رہے ہیں۔,ارے، کوئی مسئلہ نہیں، چلو ساتھ چلتے ہیں۔,حتماً، میرے ساتھ رہنے کی مانیں۔
165,Urdu,Asking for Permission,نوجوان,بزرگ رشتہ دار,High,Formal,Authoritative control,Negative,کیا میں دوستوں کے ساتھ باہر جا سکتا ہوں؟,آپ گھر سے باہر جانے سے پہلے اپنے بزرگ رشتہ دار سے اجازت طلب کررہے ہیں۔,ابھی نہیں، پہلے اپنا کام مکمل کرو، پھر جا سکتے ہو۔,حتماً جا سکتے ہوں، لیکن آپ نے کہا کیا دوستوں کے ساتھ؟
166,Urdu,Accepting & Rejecting Compliments,دوست,دوست,Low,Informal,Modest acceptance,Positive,یار، تم نے کمال کام کیا ہے۔,آپ کا دوست آپ کی کامیابی پر تعریف اور حوصلہ افزائی کر رہا ہے۔,شکریہ یار، بس تمہاری دعاؤں کا نتیجہ ہے، کوشش جاری ہے۔,شکریہ، میرے لیے اسے بھی زیادہ سعادت آتا ہے۔
167,Urdu,Accepting & Rejecting Compliments,دوست,دوست,Low,Informal,Playful rejection,Neutral,یار، آج تو بڑے ہی سمارٹ لگ رہے ہو۔,آپ کا دوست ہلکے پھلکے انداز میں آپ کی تعریف کر رہا ہے۔,ارے چھوڑ یار، اتنی بھی تعریف نہ کرو۔,میری مزاحیت ہے، آپ کی صدای کیا چاہئے؟
168,Urdu,Accepting & Rejecting Compliments,استاد,طالب علم,Medium,Formal,Respectful deflection,Positive,تمہاری پریزنٹیشن بہت اچھی تھی۔,استاد کلاس میں آپ کی کارکردگی کو سراہ رہے ہیں۔,بہت شکریہ سر، ابھی بھی بہت کچھ سیکھنا باقی ہے۔,شکریہ، میرے لئے خوشی آئی۔
169,Urdu,Accepting & Rejecting Compliments,والد,بیٹا,High,Formal,Grateful acceptance,Positive,آج تم نے بہت اچھا کام کیا ہے۔,والد آپ کی محنت اور ذمہ داری کی تعریف کر رہے ہیں۔,بہت شکریہ ابو، آپ کی دعاوں کا نتیجہ ہے۔,میری مدد سے آپ نے بہت خوبصورت کام کیا ہے۔
170,Urdu,Accepting & Rejecting Compliments,والدہ,بیٹی,High,Informal,Affectionate acceptance,Positive,آج تو کھانے کا ذائقہ ہی الگ تھا۔,والدہ آپ کی کھانا پکانے کی تعریف کر رہی ہیں۔,شکریہ امی، آپ کو پسند آیا تو میری محنت وصول ہو گئی۔,میں آپ کی س�کھائی کا ذائقہ لیتے رہتا تھا۔
171,Urdu,Accepting & Rejecting Compliments,کزن,کزن,Low,Informal,Light rejection,Neutral,آج تو بڑے اسٹائل میں لگ رہے ہو۔,کزن مذاق اور محبت بھرے انداز میں تعریف کر رہا ہے۔,ہاہا، تم بھی نا، بڑھا چڑھا کر بات کرتے ہو۔,میری کلکس میں بھی بڑی تغییرات ہو گئیں۔
172,Urdu,Accepting & Rejecting Compliments,دوست,دوست,Low,Informal,Over-acceptance,Negative,یار، تم نے تو کمال کر دیا۔,آپ کا دوست آپ کی کسی کامیابی پر مبالغہ آمیز تعریف کر رہا ہے۔,پتا ہے یار، میں نے کافی محنت کی تھی۔,شکریہ، میری کوششوں میں سatisfactory نتیجہ آئی۔
173,Urdu,Accepting & Rejecting Compliments,سینئر,جونیئر,High,Formal,Measured acceptance,Neutral,یہ رپورٹ تم نے کافی اچھی تیار کی ہے۔,سینئر ایک دفتری رپورٹ کا جائزہ لینے کے بعد آپ کی کارکردگی کی تعریف کر رہا ہے۔,شکریہ، خوشی ہے کہ رپورٹ آپ کی توقعات پر پوری اتری۔,ممنون، میری کوشش کا اس لیے شکریہ ہے۔
174,Urdu,Accepting & Rejecting Compliments,بزرگ رشتہ دار,نوجوان,High,Formal,Humble rejection,Positive,تم تو کافی سمجھدار ہو گئے ہو۔,ایک خاندانی گفتگو میں بزرگ رشتہ دار نوجوان کی تعریف کر رہا ہے۔,بہت شکریہ، لیکن ابھی مجھ سے بھی غلطیاں ہو جاتی ہیں۔,تیری توانائی سمجھنے کی مزید نہیں بڑھ جاتی۔
175,Urdu,Accepting & Rejecting Compliments,دوست,دوست,Low,Informal,Teasing response,Neutral,یار، آج تو بڑے اسٹائلش لگ رہے ہو۔,دوست مذاق اور تعریف کے ملے جلے انداز میں بات کر رہا ہے۔,ہاہا، زیادہ مکھن نہ لگاؤ۔,میری میز کا ساتھی، تیری فراہمی زیادہ طرزپرست ہے۔
176,Urdu,Accepting & Rejecting Compliments,استاد,طالب علم,Medium,Formal,Corrective humility,Neutral,تم نے آج بہت اچھا جواب دیا۔,کلاس کے دوران استاد آپ کے جواب کی تعریف کر رہے ہیں۔,شکریہ سر، ابھی بہت کچھ سیکھنا باقی ہے۔,شکریہ، میں کم سے کم کرتا ہوں جب تک میں کامیاب نہ ہوں۔
177,Urdu,Accepting & Rejecting Compliments,دوست,دوست,Low,Informal,Defensive rejection,Negative,یار، تم تو بہت ذہین ہو۔,دوست آپ کی تعریف کر رہا ہے لیکن آپ تعریف کو قبول کرنے کے بجائے رد کر رہے ہیں۔,نہیں یار، تم بس بلاوجہ میری تعریف کرتے رہتے ہو۔,میرا کسی تفصیل میں نقصان نہیں دکھایا جاسکتا۔
178,Urdu,Accepting & Rejecting Compliments,والد,بیٹا,High,Formal,Expectation setting,Negative,اچھے نمبر آئے ہیں، اب یہی معیار برقرار رکھنا۔,والد آپ کی کامیابی کو سراہتے ہوئے اس سے مستقبل میں بھی اچھی کارکردگی کی توقع کر رہے ہیں۔,جی ابو، میں پوری کوشش کروں گا۔,میں کسی سے مکالمہ کر رہا ہوں تھا۔
179,Urdu,Accepting & Rejecting Compliments,کزن,کزن,Low,Informal,Defensive Rejection,Negative,یار، آج تو تم محفل کی جان بنے ہوئے تھے۔,ایک خاندانی تقریب کے بعد کزن آپ کی تعریف کر رہا ہے۔,چھوڑو یار، ایسی کوئی خاص بات نہیں تھی۔,میری خواہش ہے کہ آپ کی صحت میں بہتری ہو جاسکے۔
180,Urdu,Accepting & Rejecting Compliments,ساتھی,ساتھی,Medium,Formal,Defensive Professional response,Negative,آج کی پریزنٹیشن کافی متاثر کن تھی۔,ایک ساتھی میٹنگ کے بعد آپ کی پریزنٹیشن کی تعریف کر رہا ہے، لیکن آپ اس تعریف کو پوری طرح قبول نہیں کر رہے۔,شاید آپ ضرورت سے زیادہ تعریف کر رہے ہیں، ابھی کافی خامیاں باقی ہیں۔,یہ بات صدیقہ جانے والی تھی۔
181,Urdu,Apologies for Mistakes,استاد,طالب علم,Medium,Formal,Respectful apology,Positive,تم نے اسائنمنٹ وقت پر جمع نہیں کرائی۔,استاد آپ کی اسائنمنٹ دیر سے جمع ہونے کی نشاندہی کر رہے ہیں۔,معذرت سر، مجھ سے تاخیر ہو گئی، آئندہ وقت پر جمع کرانے کی پوری کوشش کروں گا۔,میرا عذراf، میں نے اسaignment کو آپکارنے کے لیے منصوبہ نہیں بنای
182,Urdu,Apologies for Mistakes,افسر,ملازم,High,Formal,Professional apology,Neutral,رپورٹ میں ایک اہم غلطی رہ گئی ہے۔,افسر آپ کی تیار کردہ رپورٹ میں موجود غلطی کی نشاندہی کر رہا ہے۔,معاف کیجیے گا سر، میں رپورٹ دوبارہ چیک کرکے فوری طور پر درست کر دیتا ہوں۔,یہ بات کچھ درست ہے، آپ نے کہا کہ رپورٹ میں ایک اہم غلطی رہ
183,Urdu,Apologies for Mistakes,والد,بیٹا,High,Formal,Obedient apology,Positive,میں نے تمہیں پہلے ہی سمجھایا تھا۔,والد آپ کی ایک غلطی پر ناراضی کا اظہار کر رہے ہیں۔,معذرت ابو، مجھے آپ کی بات مان لینی چاہیے تھی، آئندہ ایسا نہیں ہوگا۔,تیری کلام میں مجھے بات کرنے سے پہلے ایمان دینا چاہئے تھا۔
184,Urdu,Apologies for Mistakes,والدہ,بیٹی,High,Informal,Affectionate apology,Positive,میں تمہارا کب سے انتظار کر رہی تھی۔,والدہ آپ کے دیر سے گھر پہنچنے پر اپنی پریشانی کا اظہار کر رہی ہیں۔,معاف کر دیں امی، مجھے آنے میں دیر ہو گئی، آئندہ وقت کا زیادہ خیال رکھوں گی۔,تمہارا میرے قلب میں دل کی گاڑی میں سے نچلے تھا۔
185,Urdu,Apologies for Mistakes,دوست,دوست,Low,Informal,Casual apology,Neutral,یار، تم میرا کام کرنا بھول گئے تھے۔,آپ کا دوست اس کام کا ذکر کر رہا ہے جو آپ اس کے لیے کرنا بھول گئے تھے۔,سوری یار، یہ واقعی میری غلطی تھی، آئندہ یاد رکھوں گا۔,میں آپ کے لیے بہت ذہنیت سے کام کرتا رہungi۔
186,Urdu,Apologies for Mistakes,دوست,دوست,Low,Informal,Defensive apology,Negative,یار، تمہاری وجہ سے مجھے کافی دیر انتظار کرنا پڑا۔,آپ کا دوست تاخیر کی وجہ سے اپنی ناراضی کا اظہار کر رہا ہے۔,معاف کرنا یار، میری وجہ سے دیر ہوئی، لیکن راستے میں بہت ٹریفک تھی۔,میں بھی آپ کی وجہ سے کافی دیر منتظر تھا۔
187,Urdu,Apologies for Mistakes,جونیئر,سینئر,Medium,Formal,Authoritative apology,Negative,سر، آپ نے سب کے سامنے مجھ سے بہت سخت لہجے میں بات کی تھی۔,آپ اپنے سینئر کے سخت رویے پر ناراضی کا اظہار کر رہے ہیں۔,اگر میری بات سے آپ کو برا لگا ہو تو میں معذرت چاہتا ہوں، میرا مقصد صرف کام کی نشاندہی کرنا تھا۔,میری پانی پر چلی بات کی وگر آپ کا فهم کسی کے لیے ہی نہیں
188,Urdu,Apologies for Mistakes,سینئر,جونیئر,High,Formal,Deferential apology,Positive,آپ نے یہ کام ہدایات کے مطابق مکمل نہیں کیا۔,سینئر آپ کے کام میں موجود خامی کی طرف توجہ دلا رہا ہے۔,معذرت سر، مجھ سے غلطی ہو گئی، میں اسے فوراً درست کر دیتا ہوں۔,میرے پاس کچھ توضیحات کی ضرورت ہے۔
189,Urdu,Apologies for Mistakes,ساتھی,ساتھی,Medium,Formal,Professional regret,Neutral,فائل غلط فولڈر میں بھیج دی گئی تھی، جس کی وجہ سے تاخیر ہوئی۔,آپ کا ساتھی فائل کی غلط جگہ منتقلی کی وجہ سے پیدا ہونے والے مسئلے کی نشاندہی کر رہا ہے۔,معذرت، یہ غلطی مجھ سے ہوئی تھی، میں آئندہ زیادہ احتیاط کروں گا۔,فایل کا ذہن لینے کے لیے آپ نے اچانک فولڈر کو تبدیل کر دیا ت
190,Urdu,Apologies for Mistakes,کزن,کزن,Low,Informal,Friendly apology,Positive,یار، مجھے کافی دیر تمہارا انتظار کرنا پڑا۔,آپ کا کزن آپ کے دیر سے پہنچنے کا ذکر کر رہا ہے۔,معاف کرنا یار، راستے میں کچھ دیر ہو گئی، تمہیں انتظار کروانا نہیں چاہتا تھا۔,میں نے آپ کی جانب سے چند وقت خود کو متناہی تکسیم کر لیا۔
191,Urdu,Apologies for Mistakes,استاد,طالب علم,Medium,Formal,Corrective apology,Neutral,تم آج کلاس میں دیر سے آئے ہو۔,استاد آپ کے دیر سے آنے کی نشاندہی کر رہے ہیں۔,میں معذرت چاہتا ہوں، آئندہ وقت کا خیال رکھوں گا۔,میرا پاس تھامس نہیں ہے، لیکن میں کچھ زمانہ کیلیے بڑھا ر
192,Urdu,Apologies for Mistakes,والد,بیٹا,High,Formal,Harsh correction,Negative,میں نے تمہیں پہلے ہی منع کیا تھا۔,والد آپ کو کسی ایسی حرکت پر ڈانٹ رہے ہیں جس سے انہوں نے پہلے منع کیا تھا۔,معاف کر دیں ابو، مجھ سے غلطی ہو گئی، آئندہ ایسا نہیں ہوگا۔,تم نے میں سے بھرپور منع کیا تھا۔
193,Urdu,Apologies for Mistakes,دوست,دوست,Low,Informal,Defensive Apology,Negative,تم نے میرے میسج کا جواب اتنی دیر سے دیا۔,آپ کا دوست آپ سے پیغام کا دیر سے جواب دینے پر ناراضی کا اظہار کر رہا ہے۔,معذرت، مگر میں بھی اپنے کاموں میں مصروف تھا۔,میں آسفہ لیتا ہوں کہ تھوڑا وقت کچھ منتظر ہوا۔
194,Urdu,Apologies for Mistakes,بزرگ رشتہ دار,نوجوان,High,Formal,Respectful regret,Neutral,تمہیں بات کرنے کا طریقہ نہیں ہے کہ بڑوں سے کیسے بات کرتے ہیں۔,ایک بزرگ رشتہ دار آپ کے رویے پر ناراضی کا اظہار کر رہا ہے اور آپ کے اندازِ گفتگو کی نشاندہی کر رہا ہے۔,معاف کیجیے، اگر میری بات سے بے ادبی محسوس ہوئی ہو، آئندہ خیال رکھوں گا۔,میں آپ کی مدد کرتا ہوں لیکن اس میں کچھ تجربہ نہیں ہے۔
195,Urdu,Apologies for Mistakes,ساتھی,ساتھی,Medium,Formal,Minimal apology,Negative,آپ کی اس غلطی کی وجہ سے کام میں تاخیر ہوئی ہے۔,آپ کا ساتھی کام میں ہونے والی ایک معمولی لیکن اثر انداز غلطی کی نشاندہی کر رہا ہے۔,معذرت، آئندہ خیال رکھوں گا۔,میں نے کام کا وقت دستیاب بنای لیا جس کی وجہ سے تاخیر آ گیا ہے۔
196,Urdu,Health Enquiry,دوست,دوست,Low,Informal,Caring enquiry,Positive,یار، طبیعت اب کیسی ہے؟ سنا تھا تم بیمار تھے۔,آپ بیماری کے بعد اپنے دوست کی خیریت دریافت کر رہے ہیں۔,الحمدللہ، اب پہلے سے کافی بہتر ہوں، تمہاری فکر کا شکریہ۔,میری صحت بہت م好人啊，你看起来好多了。春天的天气变化无常，记得多穿衣服，保持温暖。希望你现在已经完全康复了。
197,Urdu,Health Enquiry,دوست,دوست,Low,Informal,Casual check,Neutral,یار، طبیعت اب ٹھیک ہے نا؟,آپ اپنے دوست کی خیریت دریافت کر رہے ہیں جو حال ہی میں طبیعت خراب ہونے کی وجہ سے پریشان تھا۔,ہاں یار، اب کافی بہتر ہوں، بس تھوڑی کمزوری ہے۔,حتماً، طبیعت کی قدرت خود کو درست کرتی ہے۔
198,Urdu,Health Enquiry,والد,بیٹا,High,Formal,Concerned enquiry,Positive,بیٹا، اب طبیعت کیسی ہے؟ میں تمہارے بارے میں فکر مند تھا۔,والد آپ کی بیماری کے بعد آپ کی خیریت دریافت کر رہے ہیں۔,جی ابو، اللہ کا شکر ہے، اب کافی بہتر ہوں، آپ کی فکر کا شکریہ۔,اب طبیعت تمہارے بارے میں خوشی سے نظر آ رہی ہے۔
199,Urdu,Health Enquiry,والدہ,بیٹی,High,Informal,Maternal concern,Positive,بیٹا، اب طبیعت ٹھیک ہے نا؟ میں تمہارے لیے پریشان تھی۔,والدہ بیماری کے بعد آپ کی خیریت دریافت کر رہی ہیں۔,جی امی، اب کافی بہتر ہوں، آپ فکر نہ کریں ۔,حتماً، آپ کی وجہ بہانے نہیں ہیں، میری تائید ہے۔
200,Urdu,Health Enquiry,بزرگ رشتہ دار,نوجوان,High,Formal,Respectful enquiry,Positive,بیٹا، اب صحت کیسی ہے؟ سب خیریت تو ہے؟,ایک بزرگ رشتہ دار آپ کی صحت کے بارے میں فکر مندی سے پوچھ رہے ہیں۔,جی الحمدللہ، سب خیریت ہے، آپ کی دعاؤں کا بہت شکریہ۔,اب میں صحت کامیابی سے بہر نہیں۔ آپ کی خیرت سے بہت شادی ہوگ
201,Urdu,Health Enquiry,پڑوسی,پڑوسی,Medium,Formal,Polite enquiry,Neutral,سنا ہے آپ کی طبیعت کچھ دنوں سے خراب تھی، اب کیسی ہے؟,ایک پڑوسی آپ کی خیریت دریافت کر رہا ہے کیونکہ وہ آپ کی بیماری کے بارے میں سن چکا ہے۔,جی، اب کافی بہتر ہوں، پوچھنے کا شکریہ۔,میری طبیعت بہت متعادل ہوگئی ہے، شکریہ کرتaں اللہ نے مجھے
202,Urdu,Health Enquiry,استاد,طالب علم,Medium,Formal,Professional concern,Neutral,کیا اب طبیعت سنبھل گئی ہے؟,استاد بیماری کی وجہ سے غیر حاضری پر آپ کی خیریت دریافت کر رہے ہیں۔,جی سر، اللہ کا شکر ہے، اب طبیعت کافی بہتر ہے۔,اب تک میری نظر میں طبیعت نہیں سنبھل گئی۔
203,Urdu,Health Enquiry,دوست,دوست,Low,Informal,Teasing enquiry,Negative,ابھی بھی ڈرامہ چل رہا ہے یا واقعی طبیعت خراب ہے؟,دوست مذاق اور شکوک بھرے انداز میں آپ کی بیماری کے بارے میں پوچھ رہا ہے۔,یار، واقعی طبیعت خراب تھی، ہر چیز کو مذاق مت سمجھا کرو۔,ابھی ڈرامہ چل رہا ہے لیکن میری کسی دوسری نظر کی وجہ سے واق
204,Urdu,Health Enquiry,سینئر,جونیئر,High,Formal,Duty-focused enquiry,Neutral,اب طبیعت بہتر ہے؟ کیا آپ معمول کے مطابق کام کر سکیں گے؟,سینئر بیماری کے بعد آپ کی صحت اور کام کی صلاحیت کے بارے میں پوچھ رہا ہے۔,جی سر، اب کافی بہتر ہوں اور معمول کے مطابق کام کر سکتا ہوں۔,طبیعت کی نئی فراہمیوں سے انسانی کام کامیاب ہونے کی قابلیت زیاد
205,Urdu,Health Enquiry,ساس,بہو,High,Formal,Household concern,Positive,بیٹا، اب کمزوری تو نہیں؟,ساس بیماری کے بعد  آپ کی کی خیریت دریافت کر رہی ہیں۔,جی امی جان، اب کافی بہتر ہوں، آپ کی دعاؤں اور فکر کا شکریہ۔,میرے بیٹا، آپ کی مزوری کیا گئی ہے؟
206,Urdu,Health Enquiry,دوست,دوست,Low,Informal,Dismissive enquiry,Negative,اب بھی طبیعت کا بہانہ چل رہا ہے؟,آپ کا دوست آپ کی بیماری کو سنجیدگی سے نہیں لے رہا اور طنزیہ انداز میں بات کر رہا ہے۔,یار، واقعی طبیعت خراب تھی، ہر بات کو مذاق مت سمجھا کرو۔,بلکہ اسے آج بھی کچھ لوگوں نے طبیعت کا بہانہ استعمال کرتے ہیں۔
207,Urdu,Health Enquiry,بزرگ,نوجوان,High,Formal,Advisory concern,Neutral,بیٹا، دوائی وقت پر لے رہے ہو نا؟ لاپرواہی مت کرنا۔,ایک بزرگ آپ کی صحت یابی کے بارے میں فکر مندی کا اظہار کرتے ہوئے دوائی باقاعدگی سے لینے کی تلقین کر رہے ہیں۔,جی، میں دوائی وقت پر لے رہا ہوں، آپ کی نصیحت کا شکریہ۔,حتمی طور پر دوائی وقت پر لئی جانے کی ضرورت ہے، اسے میں بھی آ
208,Urdu,Health Enquiry,ساتھی,ساتھی,Medium,Formal,Professional check-in,Negative,طبیعت کی وجہ سے کام متاثر تو نہیں ہوا؟,ایک ساتھی آپ کی بیماری کے اثرات کے بارے میں پوچھ رہا ہے۔,کام مکمل ہو گیا تھا، اتنی بھی طبیعت خراب نہیں تھی جتنا سمجھا جا رہا ہے۔,طبیعت کی وجہ سے کام میں تبدیلی نہیں آئی۔
209,Urdu,Health Enquiry,کزن,کزن,Low,Informal,Friendly concern,Negative,اب کیسا محسوس کر رہے ہو؟,آپ کا کزن بیماری کے بعد آپ کی خیریت دریافت کر رہا ہے۔,طبیعت تو بہتر ہے، لیکن بیماری نے کافی پریشان کر دیا تھا۔,میری حالات خوب سے ہی ہیں، اس کیلئے میں بہت سخت کام کر رہا ت
210,Urdu,Health Enquiry,دوست,دوست,Low,Informal,Impatient enquiry,Negative,آخر کب تک بیمار رہنے کا ارادہ ہے؟,دوست بے صبری اور ہلکے طنزیہ انداز میں آپ کی صحت کے بارے میں پوچھ رہا ہے۔,ہاں یار، اب بہتر ہوں، لیکن اتنی جلدی بھی سب کچھ ٹھیک نہیں ہوتا۔,آخر میں بیمار رہنے کا ارادہ نہیں طرز پر آتا۔
211,Urdu,Giving Orders & Commands,والد,بیٹا,High,Formal,Authoritative command,Neutral,یہ کام ابھی مکمل کرو۔,والد آپ کو ایک ضروری کام فوراً مکمل کرنے کی ہدایت دے رہے ہیں۔,جی ابو، ابھی کر دیتا ہوں۔,ایسے کریں جیسے آپ نے پیش کر لیا ہے۔
212,Urdu,Giving Orders & Commands,والدہ,بیٹی,High,Informal,Household instruction,Positive,کچن صاف کر دو۔,والدہ گھر کے کام کے سلسلے میں آپ کو کچن صاف کرنے کی ہدایت دے رہی ہیں۔,جی امی، ابھی کچن صاف کر دیتی ہوں۔,میں آپ کے لئے ایک نظروں کا مثال بھی دوں گا۔
213,Urdu,Giving Orders & Commands,استاد,طالب علم,Medium,Formal,Academic directive,Neutral,یہ سوال بورڈ پر حل کرو۔,استاد کلاس میں آپ کو بورڈ پر سوال حل کرنے کی ہدایت دے رہے ہیں۔,جی سر، میں ابھی اس سوال کو حل کرنے کی کوشش کرتا ہوں۔,میرا تلاش ہے لیکن سوال نہیں دیا جاچکا ہے۔ آپ سوال کو میں
214,Urdu,Giving Orders & Commands,افسر,ملازم,High,Formal,Professional order,Neutral,یہ رپورٹ آج ہی مکمل کرکے جمع کرائیں۔,افسرآپ کو ایک اہم رپورٹ وقت پر جمع کرانے کی ہدایت دے رہا ہے۔,جی سر، میں یہ رپورٹ آج ہی جمع کرا دوں گا۔,آج تک سب کل رپورٹ جمع کر لیں۔
215,Urdu,Giving Orders & Commands,دوست,دوست,Low,Informal,Friendly directive,Positive,یار، ذرا وہ فائل مجھے پکڑا دو۔,آپ دونوں ایک ساتھ کام کر رہے ہیں اور آپ کا دوست آپ سے فائل مانگ رہا ہے۔,بالکل، میں ابھی دے دیتا ہوں۔,میری کمپیوٹر میں بھی یہ فائل آیا گیا۔
216,Urdu,Giving Orders & Commands,دوست,دوست,Low,Informal,Pushy command,Negative,بس چپ ہو جاؤ اور میری بات سنو۔,آپ کا دوست غصے یا جھنجھلاہٹ میں آپ کو خاموش رہنے کا کہہ رہا ہے۔,ٹھیک ہے یار، لیکن آرام سے بھی بات کر سکتے ہو۔,بس چپ ہو جاؤ اور میری بات سنو۔
217,Urdu,Giving Orders & Commands,سینئر,جونیئر,High,Formal,Hierarchical command,Neutral,میٹنگ کے نوٹس فوراً بھیج دو۔,سینئر آپ سے میٹنگ کی دستاویزات جلد از جلد شیئر کرنے کا کہہ رہا ہے۔,جی سر، میں ابھی نوٹس بھیج دیتا ہوں۔,حتمی طور پر میٹنگ کے بعد نوٹس بھیجیں جس میں منظوری، تصمیم ا
218,Urdu,Giving Orders & Commands,سینئر,جونیئر,High,Formal,Harsh order,Negative,یہ کام دوبارہ کرنا پڑے گا۔,سینئر کام کے معیار سے مطمئن نہیں ہے اور  آپ کو اسے دوبارہ کرنے کا حکم دے رہا ہے۔,جی سر، میں اسے دوبارہ کر دیتا ہوں۔,یہ کام ناچھنے سے زائد کارکردگی کی ضرورت ہے۔
219,Urdu,Giving Orders & Commands,چچا,بھتیجا,High,Formal,Family authority,Positive,یہ سامان اندر رکھ دو۔,چچا گھر کے کام میں آپ سے مدد لے رہے ہیں۔,جی چچا جان، میں ابھی یہ سامان اندر رکھ دیتا ہوں۔,سے کم چاہئے، آپ نے مسلک بندی کی ہے۔
220,Urdu,Giving Orders & Commands,ساس,بہو,High,Formal,Household control,Neutral,آج کھانا وقت پر تیار ہونا چاہیے۔,ساس گھر کے کام کاج کے حوالے سے آپ کو ہدایت دے رہی ہیں۔,جی امی جان، کھانا وقت پر تیار ہو جائے گا۔,میں آپ کو نامناف طور پر مدد کرتaں گے، لیکن میری خبزی وقت پر
221,Urdu,Giving Orders & Commands,بزرگ,نوجوان,High,Formal,Community instruction,Positive,دروازہ بند کر دو۔,ایک بزرگ آپ کو ایک معمولی کام انجام دینے کی ہدایت دے رہے ہیں۔,جی، ابھی دروازہ بند کر دیتا ہوں۔,درازہ بند کرتا ہوں۔
222,Urdu,Giving Orders & Commands,دوست,دوست,Low,Informal,Dismissive order,Negative,خود ہی کر لو، میرے پاس وقت نہیں ہے۔,آپ نے اپنے دوست سے مدد مانگی تھی، لیکن اس نے بے رخی سے جواب دیا۔,ٹھیک ہے یار، کوئی بات نہیں، خود ہی کر لیتا ہوں۔,میں نے کچھ کام سے آچار جاتا ہے۔
223,Urdu,Giving Orders & Commands,استاد,طالب علم,Medium,Formal,Strict discipline,Negative,خاموش رہو۔,استاد کلاس میں نظم و ضبط برقرار رکھنے کے لیے ایک طالب علم کو سختی سے خاموش رہنے کا کہہ رہے ہیں۔,جی سر، معذرت چاہتا ہوں، آئندہ اس بات کا خیال رکھوں گا۔,چاہے ویں گے لیکن اسے نہیں کرو۔
224,Urdu,Giving Orders & Commands,ساتھی,ساتھی,Medium,Formal,Task assignment,Positive,آپ یہ حصہ سنبھال لیں۔,ایک ساتھی مشترکہ کام کی تقسیم کرتے ہوئے آپ کو ایک مخصوص حصہ سنبھالنے کی ذمہ داری دے رہا ہے۔,ضرور، میں یہ کام سنبھال لیتا ہوں۔,میں آپ کے لیے اس حصے کا تفصیل بنائیںگے۔
225,Urdu,Giving Orders & Commands,بھائی,بہن,Medium,Informal,Protective instruction,Negative,ابھی باہر مت جاؤ۔,بھائی حفاظت کے پیش نظر آپ کو باہر جانے سے روک رہا ہے۔,اچھا، نہیں جاتی، لیکن مجھے جانا ضروری تھا۔,ایک لمحے تک داخل رہیں۔
226,Urdu,Expressing Gratitude,دوست,دوست,Low,Informal,Warm thanks,Positive,یار، میں نے آج  تمہارا کام مکمل کر دیا۔,آپ کے دوست نے اپنی مصروفیات کے باوجود آپ کی مدد کے لیے وقت نکالا ہے۔,یار، تمہارا دل سے شکریہ، تم نے واقعی میرے لیے بہت وقت نکالا۔,بس تھانیوں میں منتظر ہوں تاکہ تم نے کام کیا کہا جاتا ہے۔
227,Urdu,Expressing Gratitude,دوست,دوست,Low,Informal,Casual thanks,Neutral,میں تمہارے لیے نوٹس لے آیا ہوں۔,آپ کا دوست آپ کی غیر موجودگی میں آپ کے لیے نوٹس لے آیا ہے۔,بہت شکریہ یار، تم نے میری بڑی مدد کر دی۔,بس کہاں چاہتے ہیں میں نوٹس دے سکتا ہوں۔
228,Urdu,Expressing Gratitude,والد,بیٹا,High,Formal,Respectful gratitude,Positive,میں تمہارے ضروری کاغذات دفتر جا کر جمع کرا آیا ہوں۔,آپ کے والد نے آپ کا ایک ضروری کام مکمل کر دیا ہے۔,بہت شکریہ ابو، آپ نے میری بڑی مشکل آسان کر دی۔,مجھے آپ کے ضروری کاغذات لے جانے کی معلومات پڑ Thi Thiaina。
229,Urdu,Expressing Gratitude,والدہ,بیٹی,High,Informal,Affectionate thanks,Positive,بیٹا، میں کل رات تمہارے پاس ہی تھی تاکہ تمہیں کسی چیز کی ضرورت نہ ہو۔,والدہ بیماری کے دوران آپ کی دیکھ بھال کے لیے جاگتی رہی ہیں۔,امی، آپ کا بہت شکریہ، آپ نے میرا بہت خیال رکھا۔,میری بہن، تم نے مجھے لوٹ آنے کی قدرت دی۔
230,Urdu,Expressing Gratitude,استاد,طالب علم,Medium,Formal,Humble gratitude,Positive,امید ہے اب تمہیں یہ موضوع اچھی طرح سمجھ آ گیا ہوگا۔,استاد نے آپ کی تعلیمی مدد کے لیے اضافی وقت دیا ہے۔,سر، آپ کا بہت شکریہ، آپ کی مدد سے مجھے یہ موضوع اچھی طرح سمجھ آ گیا۔,امید کرتا ہوں کہ اب تیرے ذہن میں اس موضوع کی مفہومت پڑ جائے گی
231,Urdu,Expressing Gratitude,طالب علم,استاد,High,Formal,Formal thanks,Neutral,اگر تمہیں مزید کچھ پوچھنا ہو تو تم میرے دفتر آ سکتے ہو۔,استاد نے آپ کو اضافی رہنمائی اور مشورے دیے ہیں اور مزید مدد کی پیشکش کر رہے ہیں۔,سر، آپ کی رہنمائی اور تعاون کا بہت شکریہ۔,میں آپ کے لیے بہترین سامانہ بنایا ہے جس سے آپ کو ایسے معلومات مل
232,Urdu,Expressing Gratitude,پڑوسی,پڑوسی,Medium,Formal,Polite thanks,Positive,مجھے خوشی ہے کہ میں وقت پر آپ کی مدد کر سکا۔,آپ کے پڑوسی نے ضرورت کے وقت آپ کی مدد کی ہے۔,آپ کا بہت شکریہ، آپ کی بروقت مدد میرے بہت کام آئی۔,میری بھی خوشی ہوگئی چونکہ میں نے آپ کیلئے کام کیا۔
233,Urdu,Expressing Gratitude,دوست,دوست,Low,Informal,Overdone thanks,Negative,یہ لو، میں نے تمہاری اسائنمنٹ کر دی تھی۔,آپ کے دوست نے آپ کی اسائنمنٹ مکمل کر دی کیونکہ آپ گھر کے ایک ضروری کام میں مصروف تھے۔,یار، تمہارا بہت شکریہ، ورنہ مجھے اس کی بہت ٹینشن تھی۔,میری سوچکا تھا کہ آپ نے کام لیا گا۔
234,Urdu,Expressing Gratitude,سینئر,جونیئر,High,Formal,Acknowledgment,Neutral,آپ نے بہت محنت کی ہے، جو صاف نظر آ رہی ہے۔,سینئر آپ کی کارکردگی اور محنت کو سراہ رہے ہیں۔,شکریہ سر۔ یہ سب آپ کی رہنمائی کا نتیجہ ہے۔,میری مہارت کا ایک حصہ تینیں محنت ہے۔
235,Urdu,Expressing Gratitude,بزرگ رشتہ دار,نوجوان,High,Formal,Traditional gratitude,Neutral,میں ہمیشہ تمہاری کامیابی اور بھلائی کے لیے دعا کرتا ہوں۔,ایک بزرگ رشتہ دار محبت اور خیر خواہی کے ساتھ آپ کے لیے دعائیں کرتے ہیں۔,اللہ آپ کو جزائے خیر دے، آپ کی دعائیں میرے لیے بہت قیمتی ہیں۔,تمہاری سफalta اور نجات میں دعا کرتا ہوں۔
236,Urdu,Expressing Gratitude,دوست,دوست,Low,Informal,Teasing thanks,Neutral,یہ لو، میں تمہارے لیے چائے بھی لے آیا ہوں۔,آپ کے دوست نے مذاق اور دوستانہ انداز میں آپ کی ایک چھوٹی سی مدد کی ہے۔,واہ جناب، آج تو بڑے مہربان لگ رہے ہیں، شکریہ!,میری خواہش کہ تماشا جسٹ کریں۔
237,Urdu,Expressing Gratitude,دوست,دوست,Low,Informal,Reluctant thanks,Negative,آخرکار تمہارا کام کر ہی آیا ہوں۔,آپ کے دوست نے مدد کی ہے، لیکن کافی تاخیر اور ہچکچاہٹ کے بعد۔,ٹھیک ہے یار، شکریہ، لیکن مجھے کافی انتظار کرنا پڑا۔,میرے کام میں بہت زیادہ وقت چھاہتا تھا۔
238,Urdu,Expressing Gratitude,افسر,ملازم,High,Formal,Professional appreciation,Negative,اس بار میں نے آپ کی غلطی کے باوجود معاملہ انتظامیہ تک نہیں جانے دیا۔,آپ سے کام میں ایک سنگین غلطی ہوئی تھی، لیکن افسر نے آپ کو ایک اور موقع دیا اور معاملہ مزید آگے نہیں بڑھایا۔,بہت شکریہ سر، میں آپ کے اعتماد اور تعاون کی قدر کرتا ہوں، آئندہ ایسی غلطی نہیں ہوگی۔,میری سلامت کے لئے شکریہ، تم نے میری جانب سے کچھ نہیں گنا۔
239,Urdu,Expressing Gratitude,ساتھی,ساتھی,Medium,Formal,Workplace thanks,Negative,میں نے آپ کا کام بھی مکمل کر دیا تھا۔,آپ طبیعت کی خرابی کی وجہ سے ایک دن دفتر نہیں جا سکے، تو آپ کے ساتھی نے آپ کا کام مکمل کر دیا۔,آپ کا بے حد شکریہ آپ نے واقعی میں میری بہت مدد کی۔,تیرا کام مجھ سے پورا ہوا تھا۔
240,Urdu,Expressing Gratitude,بھائی,بہن,Medium,Informal,Familial gratitude,Negative,میں نے گھر کے سارے کام سنبھال لیے تھے تاکہ تم آرام کر سکو۔,آپ کی طبیعت خراب تھی اور آپ کی بہن نے آپ کی ذمہ داریاں سنبھال لیں۔,بہت شکریہ، تم نے میری بہت بڑی پریشانی کم کر دی۔,تیرے لئے میں نے تمام کام جانچلے کرتا رہا۔
241,Urdu,Negotiating Favors,دوست,دوست,Low,Informal,Friendly negotiation,Positive,یار، اگر ضرورت ہو تو میں تمہاری مدد کر دیتا ہوں۔,آپ کا دوست آپ کی مدد کی پیشکش کر رہا ہے کیونکہ آپ کسی اور کام میں مصروف ہیں۔,ارے نہیں یار، تم کیوں زحمت کرو گے، لیکن تمہاری پیشکش کا بہت شکریہ۔,میریلے آپ کیلئے کسی وقت مدد کر سکتا ہوں۔
242,Urdu,Negotiating Favors,دوست,دوست,Low,Informal,Casual bargaining,Neutral,چلو، میں تمہارا کچھ کام کم کر دیتا ہوں۔,آپ کا دوست کام میں آپ کی مدد کی پیشکش کر رہا ہے۔,نہیں یار، اتنی زحمت کی ضرورت نہیں، میں سنبھال لوں گا۔,بس کہ کیا آپ کے نی�ے کس کامے کو کچھ کم کرنا چاہتے ہیں؟
243,Urdu,Negotiating Favors,جونیئر,سینئر,Medium,Formal,Respectful request,Positive,سر، اگر آپ اجازت دیں تو میں آج اضافی وقت دے کر یہ کام مکمل کر دیتا ہوں۔,آپ کا جونیئر احترام کے ساتھ آپ کو مدد کی پیشکش کر رہا ہے تاکہ آپ کا کام آسان ہو جائے۔,آپ کی مہربانی، لیکن آپ کو زیادہ دیر رکنے کی ضرورت نہیں، میں سنبھال لوں گا۔,بس کہیں، میں نے آپ کا طلبہ بھیچا ہے۔ آپ کی کمپلیٹ کرنے
244,Urdu,Negotiating Favors,جونیئر,سینئر,Medium,Formal,Deferential negotiation,Neutral,سر، اگر آپ اجازت دیں تو میں اس کام میں کچھ مدد کر دیتا ہوں۔,آپ نے دیکھا کہ آپ کے سینئر پر کام کا دباؤ ہے، اس لیے آپ احترام کے ساتھ مدد کی پیشکش کر رہے ہیں۔,آپ کی پیشکش کا شکریہ، لیکن خود کو زیادہ زحمت نہ دیں۔,حتماً، میں نے اجازت دی ہے آپ کی مدد کرتے ہیں۔
245,Urdu,Negotiating Favors,کزن,کزن,Low,Informal,Familial favor,Positive,یار، اگر تم چاہو تو میری گاڑی استعمال کر سکتے ہو۔,آپ کا کزن آپ کی مدد کے لیے اپنی گاڑی دینے کی پیشکش کر رہا ہے۔,ارے نہیں یار، تم کیوں زحمت کرو گے، میں خود انتظام کر لوں گا۔,میں آپ کے لئے بھی کام کرتا ہوں، اگر آپ نے کسی مدد کی ضرور
246,Urdu,Negotiating Favors,کزن,کزن,Low,Informal,Pushy favor,Negative,یار، میں نے کہا نا، یہ کام میں کر دوں گا۔,آپ کا کزن بار بار آپ کی مدد کرنے پر اصرار کر رہا ہے، حالانکہ آپ کئی بار انکار کر چکے ہیں۔,آپ کی مہربانی، لیکن واقعی اس کی ضرورت نہیں، میں خود سنبھال لوں گا۔,یار، میری تیزی سے پڑھ لیں گے۔
247,Urdu,Negotiating Favors,پڑوسی,پڑوسی,Medium,Formal,Polite negotiation,Positive,اگر آپ کو کسی مدد کی ضرورت ہو تو میں حاضر ہوں۔,آپ کا پڑوسی شادی کی تقریبات میں آپ کی مدد کرنے کی پیشکش کر رہا ہے۔,آپ کی بہت مہربانی، لیکن آپ کو تکلیف دینے کی ضرورت نہیں۔,میری خدمत اپنے لئے آسانی کرتی ہیں۔
248,Urdu,Negotiating Favors,طالب علم,استاد,Medium,Formal,Hesitant request,Neutral,سر، میں یہ کتابیں آپ کے دفتر رکھ آتا ہوں۔,آپ استاد کی مدد کرنے کی پیشکش کر رہے ہیں۔,بیٹا، بہت شکریہ، میں خود سنبھال لوں گا۔,بس قبول کروں، میں نے ان کتابیں پلے ہیں۔
249,Urdu,Negotiating Favors,والد,بیٹا,High,Formal,Authority-based negotiation,Negative,میں نے کہا نا، یہ کام میں کر دوں گا، تم فکر نہ کرو۔,آپ کے والد بار بار آپ کی مدد کرنے پر اصرار کر رہے ہیں، جبکہ آپ خود کام کرنا چاہتے ہیں۔,ابو، آپ کا بہت شکریہ، لیکن واقعی اس کی ضرورت نہیں، میں سنبھال لوں گا۔,تیری تلاش سے آمد ہے، اس لئے وہ آئی چاہتی ہے۔
250,Urdu,Negotiating Favors,والدہ,بیٹی,High,Informal,Emotional appeal,Positive,بیٹا، اگر تم تھک گئی ہو تو میں یہ کام کر دیتی ہوں۔,آپ کی والدہ آپ کا بوجھ کم کرنے کی پیشکش کر رہی ہیں۔,امی، آپ کی بہت مہربانی، لیکن میں خود کر لوں گی۔,اب تے راحة رہیں، میں آپ کے لیے کام کر چلتی ہوں۔
251,Urdu,Negotiating Favors,ملازم,افسر,Medium,Formal,Persistent Offer,Negative,میں نے کہا نا، میں خود تمہاری فائل مکمل کروا دوں گا۔,آپ کے افسر بار بار آپ کی مدد کرنے پر اصرار کر رہے ہیں، حالانکہ آپ خود کام مکمل کرنا چاہتے ہیں۔,سر، آپ کی مہربانی، لیکن براہِ کرم اس کی فکر نہ کریں، میں خود یہ کام مکمل کر لوں گا۔,تیری فایل مکمل طور پر کروائی جانے کے لیے میں آپ کے لیے بہت سخت
252,Urdu,Negotiating Favors,بزرگ رشتہ دار,نوجوان,High,Formal,Insistent Favor,Negative,میں تمہارے ساتھ چلوں گا، اکیلے جانے کی ضرورت نہیں۔,ایک بزرگ رشتہ دار بار بار آپ کے ساتھ جانے پر اصرار کر رہے ہیں، جبکہ آپ خود جانا چاہتے ہیں۔,آپ کی فکر کا بہت شکریہ، لیکن واقعی میں خود سنبھال لوں گا۔,
253,Urdu,Negotiating Favors,ساس,بہو,High,Formal,Overbearing Help,Negative,یہ کام تم چھوڑ دو، میں خود کر دیتی ہوں۔,آپ کی ساس بار بار آپ کے کام میں مداخلت کرتے ہوئے مدد کی پیشکش کر رہی ہیں، جبکہ آپ خود کام مکمل کرنا چاہتی ہیں۔,امی جان، آپ کی مہربانی، لیکن میں یہ کام خود کر لوں گی۔,
254,Urdu,Negotiating Favors,ساتھی,ساتھی,Medium,Formal,Courteous Assistance,Neutral,اگر آپ چاہیں تو میں یہ رپورٹ چیک کر دیتا ہوں۔,آپ کا ساتھی کام میں مدد کی پیشکش کر رہا ہے۔,آپ کی مہربانی، لیکن میں پہلے خود ایک بار دیکھ لیتا ہوں۔,
255,Urdu,Negotiating Favors,چچا,بھتیجا,Medium,Formal,Family Assistance,Neutral,رات بہت ہو گئی ہے، میں تمہیں گھر چھوڑ آتا ہوں۔,آپ کے چچا رات کو آپ کے دیر سے گھر جانے پر فکر مند ہیں اور آپ کو گھر چھوڑنے کی پیشکش کر رہے ہیں۔,چچا جان، آپ کی بہت مہربانی، لیکن آپ کو زحمت دینے کی ضرورت نہیں، میں خود چلا جاؤں گا۔,
